"","CLASS_ID","UFID","dist","nnid","Nesting","observed","coords.x1","coords.x2","optional"
"1",0,"F1_0",0.245391496994229,"F3_1",1,1,285514.516437443,4426136.04217801,TRUE
"2",0,"F1_1",0.137938883319154,"F3_4",1,1,285513.8772285,4426135.35400493,TRUE
"3",0,"F1_2",0.167943729333354,"F3_11",1,1,285514.453238537,4426134.69753563,TRUE
"4",0,"F1_3",0.141241225184569,"F3_13",1,1,285513.146571348,4426133.88865751,TRUE
"5",0,"F1_4",0.22754170136098,"F3_6",1,1,285506.313635546,4426136.56629497,TRUE
"6",0,"F1_5",0.236648817002338,"F3_2",1,1,285510.098481332,4426136.05389125,TRUE
"7",0,"F1_6",0.398263813959027,"F3_615",1,1,285504.853291921,4426135.68124398,TRUE
"8",0,"F1_7",0.219516941337871,"F3_3",1,1,285506.627574609,4426135.58398387,TRUE
"9",0,"F1_8",0.333441017633889,"F3_7",1,1,285503.734295326,4426135.23950819,TRUE
"10",0,"F1_9",0.252963555914442,"F3_8",1,1,285505.52174401,4426134.70333135,TRUE
"11",0,"F1_10",0.389870717273842,"F3_12",1,1,285510.632084196,4426133.68797117,TRUE
"12",0,"F1_11",0.117900596257059,"F3_14",1,1,285513.687319354,4426128.87656867,TRUE
"13",0,"F1_12",0.12606718455451,"F3_15",1,1,285515.320968862,4426128.96515084,TRUE
"14",0,"F1_13",0.159544839865336,"F3_17",1,1,285516.209612763,4426127.73765336,TRUE
"15",0,"F1_14",0.218999611029085,"F3_21",1,1,285516.119466191,4426126.68778295,TRUE
"16",0,"F1_15",0.163816297333118,"F3_20",1,1,285515.002842866,4426126.6415042,TRUE
"17",0,"F1_16",0.0366803498857385,"F3_25",1,1,285517.231069138,4426125.76149584,TRUE
"18",0,"F1_17",0.289627252563849,"F3_24",1,1,285516.142978117,4426125.60383348,TRUE
"19",0,"F1_18",0.197890623495933,"F3_27",1,1,285515.454040963,4426125.45581873,TRUE
"20",0,"F1_19",0.105432139012361,"F3_9",1,1,285517.942776166,4426124.95097561,TRUE
"21",0,"F1_20",0.155150428387722,"F3_31",1,1,285516.29088406,4426124.83198787,TRUE
"22",0,"F1_21",0.152835332910087,"F3_33",1,1,285514.828563177,4426124.27480976,TRUE
"23",0,"F1_22",0.104843056986192,"F3_10",1,1,285518.155013968,4426124.11860827,TRUE
"24",0,"F1_23",0.0861773386235966,"F3_36",1,1,285517.416378893,4426124.01476945,TRUE
"25",0,"F1_24",0.207399815699663,"F3_39",1,1,285517.998928546,4426123.34713864,TRUE
"26",0,"F1_25",0.379923742301033,"F3_50",1,1,285514.136414891,4426123.25178966,TRUE
"27",0,"F1_26",0.140234887022077,"F3_51",1,1,285514.993827983,4426123.1049075,TRUE
"28",0,"F1_27",0.106949843041745,"F3_53",1,1,285516.214834154,4426122.10256372,TRUE
"29",0,"F1_28",0.11817796475247,"F3_55",1,1,285514.330495601,4426121.90596124,TRUE
"30",0,"F1_29",0.0861741289252519,"F3_58",1,1,285516.430486209,4426121.00614521,TRUE
"31",0,"F1_30",0.127542803579774,"F3_57",1,1,285513.775286141,4426120.8394704,TRUE
"32",0,"F1_31",0.1014326528073,"F3_62",1,1,285513.12763629,4426119.97720147,TRUE
"33",0,"F1_32",0.217976428037838,"F3_60",1,1,285516.504829687,4426119.90188099,TRUE
"34",0,"F1_33",0.168326755186305,"F3_63",1,1,285517.590982872,4426119.55505564,TRUE
"35",0,"F1_34",0.0766960677673737,"F3_65",1,1,285515.709317747,4426119.26913219,TRUE
"36",0,"F1_35",0.0853227351296871,"F3_66",1,1,285513.937482163,4426119.01885905,TRUE
"37",0,"F1_36",0.0446231335309337,"F3_69",1,1,285514.930678914,4426118.42397558,TRUE
"38",0,"F1_37",0.207682654278324,"F3_71",1,1,285517.163611113,4426118.28016328,TRUE
"39",0,"F1_38",0.0661068432708838,"F3_16",1,1,285511.343236996,4426128.46669378,TRUE
"40",0,"F1_39",0.205708735007654,"F3_18",1,1,285509.480352489,4426127.39706692,TRUE
"41",0,"F1_40",0.157708112584753,"F3_22",1,1,285510.132893741,4426126.43815016,TRUE
"42",0,"F1_41",0.111777236142757,"F3_23",1,1,285511.860598017,4426126.36491042,TRUE
"43",0,"F1_42",0.0720669986392974,"F3_26",1,1,285508.380318935,4426125.89854369,TRUE
"44",0,"F1_43",0.16367682283965,"F3_28",1,1,285510.587291588,4426125.53185495,TRUE
"45",0,"F1_44",0.344584601337065,"F3_613",1,1,285511.780684458,4426125.32686119,TRUE
"46",0,"F1_45",0.134030603819174,"F3_30",1,1,285509.541166948,4426125.14270873,TRUE
"47",0,"F1_46",0.127599361099712,"F3_29",1,1,285506.58314997,4426125.1068146,TRUE
"48",0,"F1_47",0.133689051545229,"F3_38",1,1,285505.743747452,4426124.77697733,TRUE
"49",0,"F1_48",0.0949711108996124,"F3_32",1,1,285512.734622852,4426124.66780693,TRUE
"50",0,"F1_49",0.126806900783764,"F3_35",1,1,285506.535917302,4426123.8301209,TRUE
"51",0,"F1_50",0.173963557169882,"F3_86",1,1,285506.267655097,4426122.89395335,TRUE
"52",0,"F1_51",0.0400810602449935,"F3_52",1,1,285509.21465966,4426122.89568034,TRUE
"53",0,"F1_52",0.16677275574141,"F3_87",1,1,285503.542380695,4426122.58671665,TRUE
"54",0,"F1_53",0.190870903869448,"F3_88",1,1,285504.900158002,4426122.39408525,TRUE
"55",0,"F1_54",0.309088535097074,"F3_54",1,1,285507.003342289,4426122.1757031,TRUE
"56",0,"F1_55",0.0569532472492624,"F3_56",1,1,285507.962814695,4426121.63815524,TRUE
"57",0,"F1_56",0.0672815547739791,"F3_90",1,1,285504.418206382,4426121.37571869,TRUE
"58",0,"F1_57",0.214519005771653,"F3_59",1,1,285510.13878038,4426120.13130007,TRUE
"59",0,"F1_58",0.148681288532656,"F3_61",1,1,285511.718203899,4426119.97078594,TRUE
"60",0,"F1_59",0.198742631597353,"F3_64",1,1,285509.245444042,4426119.47909152,TRUE
"61",0,"F1_60",0.231121730329354,"F3_70",1,1,285508.310190652,4426118.73062706,TRUE
"62",0,"F1_61",0.221834787543504,"F3_68",1,1,285509.830615323,4426118.42936464,TRUE
"63",0,"F1_62",0.123316262869225,"F3_67",1,1,285507.393761962,4426118.47750742,TRUE
"64",0,"F1_63",0.252137378370121,"F3_73",1,1,285514.022089223,4426117.79448269,TRUE
"65",0,"F1_64",0.0274278806596144,"F3_74",1,1,285515.349340221,4426117.30506177,TRUE
"66",0,"F1_65",0.0786898872134818,"F3_75",1,1,285514.645463817,4426116.81788507,TRUE
"67",0,"F1_66",0.0921055374469734,"F3_40",1,1,285522.207461013,4426116.57095365,TRUE
"68",0,"F1_67",0.224979305117025,"F3_76",1,1,285513.565122584,4426116.30527386,TRUE
"69",0,"F1_68",0.084623889495216,"F3_78",1,1,285515.666993223,4426115.80305598,TRUE
"70",0,"F1_69",0.218271222737573,"F3_79",1,1,285514.374943549,4426115.4035643,TRUE
"71",0,"F1_70",0.237895074662658,"F3_82",1,1,285515.274819557,4426114.46781802,TRUE
"72",0,"F1_71",0.161961265331351,"F3_81",1,1,285516.471227889,4426114.49908045,TRUE
"73",0,"F1_72",0.219757261862674,"F3_41",1,1,285523.207006714,4426114.04885267,TRUE
"74",0,"F1_73",0.0760065250920555,"F3_42",1,1,285521.331166132,4426113.91128631,TRUE
"75",0,"F1_74",0.122310946521484,"F3_43",1,1,285522.484311438,4426113.77034046,TRUE
"76",0,"F1_75",1.33813609884698,"F3_85",0,0,285517.308184814,4426113.57381895,TRUE
"77",0,"F1_76",0.234391122606183,"F3_45",1,1,285521.300644781,4426113.08351196,TRUE
"78",0,"F1_77",0.186925595857385,"F3_44",1,1,285523.591557053,4426113.11342275,TRUE
"79",0,"F1_78",0.121836794686298,"F3_46",1,1,285519.348078182,4426112.86958187,TRUE
"80",0,"F1_79",0.0646151686405582,"F3_47",1,1,285524.370977123,4426112.24912935,TRUE
"81",0,"F1_80",0.04420972647525,"F3_85",1,1,285517.319699161,4426112.25416688,TRUE
"82",0,"F1_81",0.126526568921593,"F3_92",1,1,285520.91347069,4426111.77949693,TRUE
"83",0,"F1_82",0.335169640021481,"F3_100",1,1,285517.900750718,4426111.70839253,TRUE
"84",0,"F1_83",0.285037240412245,"F3_101",1,1,285516.48196114,4426111.6859945,TRUE
"85",0,"F1_84",0.129938647905116,"F3_93",1,1,285519.761630458,4426111.35229835,TRUE
"86",0,"F1_85",0.226094429525049,"F3_102",1,1,285515.063585133,4426111.09228986,TRUE
"87",0,"F1_86",0.191150632484131,"F3_94",1,1,285523.006471943,4426110.78331704,TRUE
"88",0,"F1_87",0.140171410716159,"F3_95",1,1,285521.676147231,4426110.80606087,TRUE
"89",0,"F1_88",0.195761740476889,"F3_103",1,1,285513.865392054,4426110.65061853,TRUE
"90",0,"F1_89",0.105502622079965,"F3_105",1,1,285517.051815923,4426110.62353127,TRUE
"91",0,"F1_90",0.228239758032513,"F3_97",1,1,285520.534895918,4426110.1775974,TRUE
"92",0,"F1_91",0.0863210512465369,"F3_108",1,1,285516.948179739,4426109.58521816,TRUE
"93",0,"F1_92",0.325388842956564,"F3_98",1,1,285521.746087188,4426109.17881968,TRUE
"94",0,"F1_93",2.87269021905518,"F3_108",0,0,285518.659676522,4426107.17494804,TRUE
"95",0,"F1_94",0.0554060166778452,"F3_622",1,1,285506.502977958,4426117.42334246,TRUE
"96",0,"F1_95",0.159991290950602,"F3_77",1,1,285506.09358896,4426116.28277591,TRUE
"97",0,"F1_96",0.171490945865811,"F3_83",1,1,285507.936344869,4426112.99705014,TRUE
"98",0,"F1_97",0.102017731811484,"F3_99",1,1,285511.872342106,4426111.8404504,TRUE
"99",0,"F1_98",0.0934863041320897,"F3_106",1,1,285510.983643068,4426110.42929302,TRUE
"100",0,"F1_99",0.104527939545756,"F3_107",1,1,285509.00857176,4426110.15359022,TRUE
"101",0,"F1_100",0.309247318354987,"F3_109",1,1,285507.850483183,4426109.42831972,TRUE
"102",0,"F1_101",0.0443861383646913,"F3_110",1,1,285511.244892233,4426109.30811702,TRUE
"103",0,"F1_102",0.257309882146846,"F3_111",1,1,285509.142089661,4426109.14824219,TRUE
"104",0,"F1_103",0.27170138132939,"F3_112",1,1,285510.641445852,4426108.61992362,TRUE
"105",0,"F1_104",0.389187900122769,"F3_113",1,1,285509.63635995,4426108.28772001,TRUE
"106",0,"F1_105",0.0803932433684831,"F3_114",1,1,285511.787458165,4426107.94172229,TRUE
"107",0,"F1_106",0.0238332993369762,"F3_115",1,1,285507.57979508,4426107.81487463,TRUE
"108",0,"F1_107",0.236963194790091,"F3_619",1,1,285508.985168093,4426107.76245716,TRUE
"109",0,"F1_108",0.242667788411589,"F3_117",1,1,285511.027951054,4426106.86577924,TRUE
"110",0,"F1_109",0.14006457657942,"F3_118",1,1,285509.21065775,4426106.78717264,TRUE
"111",0,"F1_110",0.227054025847432,"F3_116",1,1,285508.19511915,4426106.76882371,TRUE
"112",0,"F1_111",0.156780638537465,"F3_119",1,1,285508.202117252,4426105.6621056,TRUE
"113",0,"F1_112",0.173917090315094,"F3_121",1,1,285509.472412824,4426105.68233012,TRUE
"114",0,"F1_113",0.165610591319766,"F3_120",1,1,285507.250557867,4426105.66654788,TRUE
"115",0,"F1_114",0.0344464971324932,"F3_123",1,1,285507.831485393,4426104.56943422,TRUE
"116",0,"F1_115",0.0457345166400867,"F3_122",1,1,285510.433112339,4426104.61033744,TRUE
"117",0,"F1_116",0.11383669357729,"F3_135",1,1,285521.190490579,4426098.50437635,TRUE
"118",0,"F1_117",0.190425716359901,"F3_136",1,1,285522.656785507,4426098.10704159,TRUE
"119",0,"F1_118",0.643359365703976,"F3_136",0,0,285521.890755708,4426097.98728655,TRUE
"120",0,"F1_119",0.271851826014346,"F3_137",1,1,285519.36409079,4426097.61400777,TRUE
"121",0,"F1_120",0.240669255892134,"F3_138",1,1,285522.731840156,4426097.42529519,TRUE
"122",0,"F1_121",0.0732932616041769,"F3_140",1,1,285520.707430781,4426097.3284497,TRUE
"123",0,"F1_122",0.228476718664141,"F3_139",1,1,285523.672752537,4426097.05422955,TRUE
"124",0,"F1_123",0.48153180651304,"F3_141",1,1,285519.040205881,4426096.5229336,TRUE
"125",0,"F1_124",0.147754815559071,"F3_142",1,1,285519.986958747,4426096.45901146,TRUE
"126",0,"F1_125",0.304533811107364,"F3_143",1,1,285521.007245264,4426095.92634536,TRUE
"127",0,"F1_126",0.115128094077164,"F3_178",1,1,285517.527947733,4426095.92001526,TRUE
"128",0,"F1_127",0.0676527658030373,"F3_180",1,1,285513.703262033,4426095.63220239,TRUE
"129",0,"F1_128",0.21278301048224,"F3_182",1,1,285515.199632846,4426095.67290118,TRUE
"130",0,"F1_129",0.26714487888925,"F3_144",1,1,285523.509191885,4426095.29086766,TRUE
"131",0,"F1_130",0.104615404649236,"F3_145",1,1,285521.297482358,4426094.85593033,TRUE
"132",0,"F1_131",0.10545602297615,"F3_189",1,1,285517.280825647,4426094.74072683,TRUE
"133",0,"F1_132",0.102006102891942,"F3_187",1,1,285515.471746162,4426094.61770019,TRUE
"134",0,"F1_133",0.210185796387403,"F3_146",1,1,285522.564672982,4426094.18174027,TRUE
"135",0,"F1_134",0.149339866523627,"F3_193",1,1,285516.331589024,4426093.99945982,TRUE
"136",0,"F1_135",0.147719802351122,"F3_192",1,1,285512.862153728,4426093.91307874,TRUE
"137",0,"F1_136",0.294321817892739,"F3_194",1,1,285517.710364714,4426093.64820986,TRUE
"138",0,"F1_137",0.122103417071821,"F3_147",1,1,285521.025916201,4426093.6129966,TRUE
"139",0,"F1_138",0.216599781154262,"F3_148",1,1,285522.297595398,4426093.15749611,TRUE
"140",0,"F1_139",0.0354159561842896,"F3_197",1,1,285516.740575815,4426093.04887293,TRUE
"141",0,"F1_140",0.0567635082740034,"F3_199",1,1,285514.766137481,4426092.73207812,TRUE
"142",0,"F1_141",0.201243085366671,"F3_149",1,1,285519.002988699,4426092.77688502,TRUE
"143",0,"F1_142",0.117838530725883,"F3_150",1,1,285517.735662757,4426092.51744791,TRUE
"144",0,"F1_143",0.213547936934117,"F3_152",1,1,285521.96764736,4426092.25391611,TRUE
"145",0,"F1_144",0.104868616766681,"F3_151",1,1,285519.721693829,4426092.24514348,TRUE
"146",0,"F1_145",0.985024394828997,"F3_200",0,0,285513.113138617,4426092.14621736,TRUE
"147",0,"F1_146",0.268092649955256,"F3_205",1,1,285516.022278857,4426092.00153412,TRUE
"148",0,"F1_147",0.0888849883478829,"F3_208",1,1,285516.957230343,4426091.79478733,TRUE
"149",0,"F1_148",0.112333053785587,"F3_209",1,1,285514.107302784,4426091.79737156,TRUE
"150",0,"F1_149",0.283360629270079,"F3_153",1,1,285523.034495594,4426091.62836786,TRUE
"151",0,"F1_150",0.254843473533298,"F3_155",1,1,285521.404737488,4426091.68175594,TRUE
"152",0,"F1_151",0.361225774001264,"F3_154",1,1,285518.58863741,4426091.56932672,TRUE
"153",0,"F1_152",0.238790234567527,"F3_210",1,1,285514.956640666,4426091.24885878,TRUE
"154",0,"F1_153",0.154527719536511,"F3_214",1,1,285515.698400707,4426090.70469716,TRUE
"155",0,"F1_154",0.122150538001794,"F3_158",1,1,285518.257510828,4426090.54156539,TRUE
"156",0,"F1_155",0.219850652015027,"F3_157",1,1,285519.580624484,4426090.6116674,TRUE
"157",0,"F1_156",0.0344826964140405,"F3_213",1,1,285517.031553235,4426090.5112836,TRUE
"158",0,"F1_157",0.249721370024176,"F3_159",1,1,285521.820949636,4426090.23994967,TRUE
"159",0,"F1_158",0.110811142787821,"F3_124",1,1,285508.89188317,4426103.97622154,TRUE
"160",0,"F1_159",0.224471516305409,"F3_125",1,1,285506.946135766,4426103.81769044,TRUE
"161",0,"F1_160",0.13950774625608,"F3_132",1,1,285505.5580475,4426103.86191371,TRUE
"162",0,"F1_161",0.20296003229896,"F3_126",1,1,285507.865818273,4426103.19418459,TRUE
"163",0,"F1_162",0.121625193958137,"F3_133",1,1,285505.416825,4426102.69823126,TRUE
"164",0,"F1_163",0.150267735686224,"F3_129",1,1,285507.853961651,4426102.16226705,TRUE
"165",0,"F1_164",0.284255033709343,"F3_134",1,1,285505.320867226,4426101.64711923,TRUE
"166",0,"F1_165",0.153989081812633,"F3_130",1,1,285510.356946944,4426101.38450729,TRUE
"167",0,"F1_166",0.0655585385316118,"F3_131",1,1,285510.788349353,4426100.74397244,TRUE
"168",0,"F1_167",0.322592696803565,"F3_162",1,1,285510.020311766,4426100.38654227,TRUE
"169",0,"F1_168",0.0589437410900985,"F3_163",1,1,285508.962833572,4426099.89092846,TRUE
"170",0,"F1_169",0.198072754726356,"F3_165",1,1,285509.68094679,4426099.40091513,TRUE
"171",0,"F1_170",0.159414206383778,"F3_166",1,1,285508.126084927,4426099.25620721,TRUE
"172",0,"F1_171",0.170154296013732,"F3_167",1,1,285510.644377279,4426099.23046059,TRUE
"173",0,"F1_172",0.203775980899059,"F3_168",1,1,285509.002980106,4426098.53985673,TRUE
"174",0,"F1_173",0.105858254797853,"F3_169",1,1,285510.323032187,4426098.18505294,TRUE
"175",0,"F1_174",0.359198455162944,"F3_170",1,1,285509.609908516,4426097.51026184,TRUE
"176",0,"F1_175",0.088359716630185,"F3_220",1,1,285505.948028427,4426097.37355296,TRUE
"177",0,"F1_176",0.203526328565564,"F3_171",1,1,285510.469502472,4426097.33109781,TRUE
"178",0,"F1_177",3.86194773462525,"F3_220",0,0,285502.067662904,4426096.63718792,TRUE
"179",0,"F1_178",0.23932574902602,"F3_172",1,1,285509.513897576,4426096.65557564,TRUE
"180",0,"F1_179",0.260015457878321,"F3_175",1,1,285511.484527258,4426096.30394298,TRUE
"181",0,"F1_180",0.240282586179713,"F3_173",1,1,285512.502924102,4426096.33889296,TRUE
"182",0,"F1_181",0.0165463351169558,"F3_176",1,1,285506.471283325,4426096.22315521,TRUE
"183",0,"F1_182",0.114281315386993,"F3_174",1,1,285508.745170009,4426096.17407819,TRUE
"184",0,"F1_183",0.304448226468328,"F3_177",1,1,285510.303100318,4426095.91827846,TRUE
"185",0,"F1_184",0.0184711295084933,"F3_179",1,1,285507.704732759,4426095.77766954,TRUE
"186",0,"F1_185",0.125142263156258,"F3_181",1,1,285511.965923759,4426095.54519465,TRUE
"187",0,"F1_186",0.222728670276489,"F3_183",1,1,285511.15039598,4426095.39199649,TRUE
"188",0,"F1_187",0.171530972091673,"F3_184",1,1,285509.781880581,4426095.03093814,TRUE
"189",0,"F1_188",0.148463093919182,"F3_186",1,1,285508.394745023,4426094.67912353,TRUE
"190",0,"F1_189",0.156827337520872,"F3_188",1,1,285512.086589015,4426094.61169348,TRUE
"191",0,"F1_190",0.262556317484181,"F3_191",1,1,285511.064053031,4426094.28815131,TRUE
"192",0,"F1_191",0.147561205353523,"F3_196",1,1,285509.94402895,4426093.51365154,TRUE
"193",0,"F1_192",0.231360219802478,"F3_195",1,1,285508.415904062,4426093.50099103,TRUE
"194",0,"F1_193",0.0888256607333907,"F3_201",1,1,285511.222498305,4426092.64983376,TRUE
"195",0,"F1_194",0.286897668126806,"F3_200",1,1,285512.522334102,4426092.68778817,TRUE
"196",0,"F1_195",0.236487452639093,"F3_203",1,1,285506.746661885,4426092.59377396,TRUE
"197",0,"F1_196",0.0290805217543213,"F3_202",1,1,285508.88380242,4426092.39902176,TRUE
"198",0,"F1_197",0.277990810166295,"F3_221",1,1,285504.592495967,4426092.15416815,TRUE
"199",0,"F1_198",0.168741276444118,"F3_204",1,1,285510.145541531,4426092.07124429,TRUE
"200",0,"F1_199",0.0493830400606391,"F3_206",1,1,285511.844139753,4426091.85862828,TRUE
"201",0,"F1_200",0.222318056945672,"F3_207",1,1,285507.530566004,4426091.93756022,TRUE
"202",0,"F1_201",0.11581850796333,"F3_211",1,1,285510.398021854,4426091.10535253,TRUE
"203",0,"F1_202",0.152707078334664,"F3_212",1,1,285506.421902882,4426091.0531755,TRUE
"204",0,"F1_203",0.308244386166481,"F3_215",1,1,285509.80828601,4426090.21398783,TRUE
"205",0,"F1_204",0.142711029089848,"F3_216",1,1,285508.69527191,4426089.93050131,TRUE
"206",0,"F1_205",0.180382883053357,"F3_223",1,1,285485.695782131,4426091.95824627,TRUE
"207",0,"F1_206",0.0950895561300792,"F3_224",1,1,285484.148822407,4426090.99163336,TRUE
"208",0,"F1_207",0.0524170309836082,"F3_238",1,1,285528.771054935,4426087.53897034,TRUE
"209",0,"F1_208",0.245386249882849,"F3_245",1,1,285528.019471239,4426086.59711126,TRUE
"210",0,"F1_209",0.0790287161224045,"F3_252",1,1,285527.443420157,4426085.24524144,TRUE
"211",0,"F1_210",0.121369512680352,"F3_228",1,1,285529.472207213,4426084.86648699,TRUE
"212",0,"F1_211",0.201420867843107,"F3_253",1,1,285528.344674395,4426084.82868927,TRUE
"213",0,"F1_212",0.271040042781297,"F3_259",1,1,285528.863644488,4426083.92097697,TRUE
"214",0,"F1_213",0.194814023184962,"F3_229",1,1,285529.960736254,4426083.49719337,TRUE
"215",0,"F1_214",0.21380549054953,"F3_263",1,1,285528.100871895,4426083.08237788,TRUE
"216",0,"F1_215",0.141863942877605,"F3_266",1,1,285528.079932835,4426082.07868423,TRUE
"217",0,"F1_216",0.241983459568342,"F3_371",1,1,285527.014016585,4426078.00966996,TRUE
"218",0,"F1_217",0.137577520688864,"F3_374",1,1,285528.080841611,4426077.81608436,TRUE
"219",0,"F1_218",0.241652037038838,"F3_376",1,1,285527.0590522,4426076.89540107,TRUE
"220",0,"F1_219",0.309819094465553,"F3_380",1,1,285527.505770751,4426076.11489205,TRUE
"221",0,"F1_220",0.0777711138123951,"F3_160",1,1,285522.945528808,4426090.12943532,TRUE
"222",0,"F1_221",0.260812717274325,"F3_161",1,1,285518.674112871,4426089.63564602,TRUE
"223",0,"F1_222",0.17726619406445,"F3_218",1,1,285516.273728712,4426089.59866105,TRUE
"224",0,"F1_223",0.351410111668877,"F3_231",1,1,285520.815465445,4426089.4739994,TRUE
"225",0,"F1_224",0.226609213754761,"F3_233",1,1,285517.563803311,4426089.21151236,TRUE
"226",0,"F1_225",0.323674245147097,"F3_232",1,1,285519.468668684,4426089.22216314,TRUE
"227",0,"F1_226",0.108835266027023,"F3_230",1,1,285524.103672364,4426088.99371397,TRUE
"228",0,"F1_227",0.229340697271642,"F3_234",1,1,285526.443713078,4426088.76453606,TRUE
"229",0,"F1_228",1.16483493605021,"F3_231",0,0,285521.756865541,4426088.72126366,TRUE
"230",0,"F1_229",0.233029433922204,"F3_235",1,1,285523.001768104,4426088.61841774,TRUE
"231",0,"F1_230",0.268318492988202,"F3_236",1,1,285520.324647365,4426088.24775925,TRUE
"232",0,"F1_231",0.291807052046818,"F3_237",1,1,285518.910471411,4426088.24888127,TRUE
"233",0,"F1_232",0.336774272079123,"F3_623",1,1,285524.282007343,4426088.15670202,TRUE
"234",0,"F1_233",0.150916979772152,"F3_239",1,1,285526.373020574,4426087.57842769,TRUE
"235",0,"F1_234",0.190711167673078,"F3_624",1,1,285518.307417297,4426087.22746398,TRUE
"236",0,"F1_235",0.27903952275414,"F3_240",1,1,285524.536404645,4426087.11745939,TRUE
"237",0,"F1_236",0.131327990388988,"F3_242",1,1,285519.228971426,4426087.08679012,TRUE
"238",0,"F1_237",0.128413774571401,"F3_241",1,1,285520.554118125,4426086.9174547,TRUE
"239",0,"F1_238",0.305992582899989,"F3_243",1,1,285525.694839132,4426086.93401057,TRUE
"240",0,"F1_239",0.146321621577781,"F3_244",1,1,285521.530909835,4426086.80609692,TRUE
"241",0,"F1_240",0.201442821987754,"F3_289",1,1,285517.158008948,4426086.622543,TRUE
"242",0,"F1_241",0.128045026046758,"F3_247",1,1,285520.605736738,4426086.08549187,TRUE
"243",0,"F1_242",0.198729274976249,"F3_248",1,1,285518.337203023,4426086.1723112,TRUE
"244",0,"F1_243",0.120669803268427,"F3_251",1,1,285522.799389341,4426085.80512963,TRUE
"245",0,"F1_244",0.167164444317835,"F3_246",1,1,285521.903047537,4426085.91007408,TRUE
"246",0,"F1_245",0.244655478624081,"F3_250",1,1,285524.006632009,4426085.73150959,TRUE
"247",0,"F1_246",0.10945823423244,"F3_249",1,1,285519.136666739,4426085.78440954,TRUE
"248",0,"F1_247",0.394693717221109,"F3_291",1,1,285517.545242777,4426085.60134489,TRUE
"249",0,"F1_248",0.1190946730855,"F3_254",1,1,285520.889699716,4426085.08777446,TRUE
"250",0,"F1_249",0.155837616329956,"F3_255",1,1,285519.851080969,4426084.74516592,TRUE
"251",0,"F1_250",0.176569797025931,"F3_256",1,1,285525.5052842,4426084.60505405,TRUE
"252",0,"F1_251",0.11211595469933,"F3_257",1,1,285526.790063672,4426084.22885793,TRUE
"253",0,"F1_252",0.102078743419412,"F3_293",1,1,285516.617087226,4426084.18095582,TRUE
"254",0,"F1_253",0.110773447602345,"F3_258",1,1,285521.592374112,4426084.11389819,TRUE
"255",0,"F1_254",0.215912112504259,"F3_260",1,1,285525.379532487,4426083.35078056,TRUE
"256",0,"F1_255",0.152527134153649,"F3_261",1,1,285517.601141524,4426083.29470667,TRUE
"257",0,"F1_256",0.299394659952464,"F3_295",1,1,285513.991385048,4426083.29966896,TRUE
"258",0,"F1_257",0.229485872673795,"F3_262",1,1,285524.213090315,4426083.19996743,TRUE
"259",0,"F1_258",0.132413331831611,"F3_264",1,1,285522.098290614,4426082.94807606,TRUE
"260",0,"F1_259",0.386410942915495,"F3_625",1,1,285516.865068376,4426082.61371495,TRUE
"261",0,"F1_260",0.155298495539444,"F3_271",1,1,285518.098568407,4426082.36607382,TRUE
"262",0,"F1_261",0.117227811763064,"F3_265",1,1,285524.473122546,4426082.27242196,TRUE
"263",0,"F1_262",0.127124951264268,"F3_268",1,1,285525.703004612,4426082.15147564,TRUE
"264",0,"F1_263",0.115385862428504,"F3_267",1,1,285526.672209263,4426082.11926402,TRUE
"265",0,"F1_264",0.0464462718679011,"F3_296",1,1,285513.135817364,4426081.99478764,TRUE
"266",0,"F1_265",0.155410437023339,"F3_269",1,1,285522.351449546,4426081.97256629,TRUE
"267",0,"F1_266",0.0901263694305998,"F3_270",1,1,285523.478975078,4426081.85934063,TRUE
"268",0,"F1_267",0.264092867820227,"F3_612",1,1,285518.631809341,4426081.59115221,TRUE
"269",0,"F1_268",0.0499399009377487,"F3_297",1,1,285517.141942361,4426081.34953546,TRUE
"270",0,"F1_269",0.200033230724302,"F3_272",1,1,285526.165263738,4426081.14587635,TRUE
"271",0,"F1_270",0.145152431024328,"F3_298",1,1,285514.637647995,4426080.75703135,TRUE
"272",0,"F1_271",0.264793709998473,"F3_273",1,1,285519.50405284,4426080.6060993,TRUE
"273",0,"F1_272",0.15307966371278,"F3_274",1,1,285523.154105099,4426080.31685192,TRUE
"274",0,"F1_273",0.120236170627742,"F3_299",1,1,285516.159879581,4426080.32477558,TRUE
"275",0,"F1_274",0.244007866719827,"F3_276",1,1,285526.177151826,4426080.01242693,TRUE
"276",0,"F1_275",0.156546570648654,"F3_275",1,1,285521.584721119,4426080.00611603,TRUE
"277",0,"F1_276",0.163096569974599,"F3_277",1,1,285523.18488339,4426079.34558393,TRUE
"278",0,"F1_277",0.146330167461383,"F3_300",1,1,285516.874165909,4426079.41619612,TRUE
"279",0,"F1_278",0.173362098216401,"F3_278",1,1,285525.306776546,4426079.14236383,TRUE
"280",0,"F1_279",0.133714295915653,"F3_301",1,1,285516.157114876,4426079.11025488,TRUE
"281",0,"F1_280",0.244949752630318,"F3_279",1,1,285517.872753975,4426079.12309846,TRUE
"282",0,"F1_281",0.0817903134938411,"F3_280",1,1,285523.965629042,4426078.8125349,TRUE
"283",0,"F1_282",0.0467058754488384,"F3_281",1,1,285519.992898673,4426078.46887879,TRUE
"284",0,"F1_283",0.278736693263975,"F3_372",1,1,285525.205426967,4426078.099259,TRUE
"285",0,"F1_284",0.187846625558549,"F3_282",1,1,285526.097824093,4426077.95652225,TRUE
"286",0,"F1_285",0.215738349175484,"F3_302",1,1,285515.968368029,4426078.07491604,TRUE
"287",0,"F1_286",0.122757910006942,"F3_283",1,1,285522.123029093,4426077.85727644,TRUE
"288",0,"F1_287",0.188706049600508,"F3_373",1,1,285518.925009842,4426077.7131337,TRUE
"289",0,"F1_288",0.184466564739791,"F3_375",1,1,285520.049398592,4426077.19948255,TRUE
"290",0,"F1_289",0.247945190046871,"F3_416",1,1,285516.185139617,4426077.04966359,TRUE
"291",0,"F1_290",0.112758049132629,"F3_377",1,1,285519.343756303,4426076.41725507,TRUE
"292",0,"F1_291",0.205708097078545,"F3_217",1,1,285506.764207128,4426089.88758271,TRUE
"293",0,"F1_292",0.133883738973184,"F3_219",1,1,285507.638350112,4426089.11299274,TRUE
"294",0,"F1_293",0.140928735245209,"F3_284",1,1,285509.421726567,4426088.87515722,TRUE
"295",0,"F1_294",0.255506881118619,"F3_286",1,1,285508.405220673,4426088.40750478,TRUE
"296",0,"F1_295",0.0467918902527335,"F3_285",1,1,285510.184575472,4426088.35809104,TRUE
"297",0,"F1_296",0.131521009906427,"F3_287",1,1,285509.156781934,4426087.57336902,TRUE
"298",0,"F1_297",0.089044313737856,"F3_288",1,1,285510.05655357,4426086.90031442,TRUE
"299",0,"F1_298",0.10822824155258,"F3_290",1,1,285510.543758014,4426085.9013176,TRUE
"300",0,"F1_299",0.899766990193003,"F3_290",0,0,285510.75963108,4426085.03895192,TRUE
"301",0,"F1_300",0.118450169483775,"F3_292",1,1,285511.141320315,4426084.1009517,TRUE
"302",0,"F1_301",0.160067340810535,"F3_294",1,1,285512.666143238,4426083.20389675,TRUE
"303",0,"F1_302",0.150674913385046,"F3_225",1,1,285485.820060933,4426089.79335826,TRUE
"304",0,"F1_303",0.17167937508517,"F3_303",1,1,285496.822682677,4426089.25803341,TRUE
"305",0,"F1_304",0.230139909901662,"F3_304",1,1,285496.232772626,4426088.97789437,TRUE
"306",0,"F1_305",4.69431749403599,"F3_305",0,0,285490.931113278,4426088.90255243,TRUE
"307",0,"F1_306",0.16013785068164,"F3_305",1,1,285495.709472935,4426088.08066211,TRUE
"308",0,"F1_307",0.14243901364595,"F3_310",1,1,285485.291169337,4426084.06810728,TRUE
"309",0,"F1_308",0.159351001976313,"F3_312",1,1,285485.506532762,4426082.79004169,TRUE
"310",0,"F1_309",0.139932478511156,"F3_314",1,1,285486.169991053,4426081.97415836,TRUE
"311",0,"F1_310",0.133048534392906,"F3_227",1,1,285483.546002523,4426089.99259424,TRUE
"312",0,"F1_311",0.0512830487386804,"F3_226",1,1,285483.897585455,4426089.21267006,TRUE
"313",0,"F1_312",0.212866890634849,"F3_315",1,1,285482.017955968,4426088.99986689,TRUE
"314",0,"F1_313",0.278554837834682,"F3_316",1,1,285481.227157571,4426088.45222453,TRUE
"315",0,"F1_314",0.0864174169509421,"F3_306",1,1,285484.008189705,4426088.04403258,TRUE
"316",0,"F1_315",0.249041999347223,"F3_317",1,1,285479.396284201,4426088.01575111,TRUE
"317",0,"F1_316",0.218572873606169,"F3_319",1,1,285483.316640712,4426087.93977484,TRUE
"318",0,"F1_317",0.217388587777335,"F3_318",1,1,285482.074001642,4426087.93101322,TRUE
"319",0,"F1_318",0.2448784367674,"F3_321",1,1,285480.774633953,4426087.2804896,TRUE
"320",0,"F1_319",0.232317998732932,"F3_320",1,1,285478.582185702,4426087.20158557,TRUE
"321",0,"F1_320",0.218611549854419,"F3_307",1,1,285484.388694035,4426087.04330391,TRUE
"322",0,"F1_321",0.201372826103952,"F3_323",1,1,285481.974050481,4426086.92958474,TRUE
"323",0,"F1_322",0.218542562575749,"F3_324",1,1,285479.298246944,4426086.85236666,TRUE
"324",0,"F1_323",0.167220060933129,"F3_322",1,1,285483.151009621,4426086.83511036,TRUE
"325",0,"F1_324",0.180743590441245,"F3_325",1,1,285480.815051428,4426086.42319193,TRUE
"326",0,"F1_325",0.0414794594908633,"F3_308",1,1,285483.678037909,4426086.14226263,TRUE
"327",0,"F1_326",0.19575189200802,"F3_327",1,1,285479.91158796,4426085.87881965,TRUE
"328",0,"F1_327",0.189841771963485,"F3_326",1,1,285481.900448699,4426085.91416007,TRUE
"329",0,"F1_328",0.171991768648771,"F3_328",1,1,285483.154752085,4426085.61637559,TRUE
"330",0,"F1_329",0.143842817076572,"F3_329",1,1,285481.046000374,4426085.36688846,TRUE
"331",0,"F1_330",0.21150582767968,"F3_330",1,1,285478.477082572,4426085.06132904,TRUE
"332",0,"F1_331",0.282130649545841,"F3_309",1,1,285484.088029142,4426084.92435109,TRUE
"333",0,"F1_332",0.13892737469476,"F3_331",1,1,285482.225452244,4426084.88339788,TRUE
"334",0,"F1_333",0.249088500931394,"F3_332",1,1,285481.293234392,4426084.57092954,TRUE
"335",0,"F1_334",0.259645598204084,"F3_333",1,1,285478.442910177,4426084.16211512,TRUE
"336",0,"F1_335",0.187030657360765,"F3_334",1,1,285483.597443414,4426083.83231486,TRUE
"337",0,"F1_336",0.160604023023612,"F3_335",1,1,285481.768194418,4426083.58835548,TRUE
"338",0,"F1_337",0.189249196501375,"F3_311",1,1,285484.411134617,4426083.20414486,TRUE
"339",0,"F1_338",0.170902213430188,"F3_337",1,1,285480.541650457,4426082.87663367,TRUE
"340",0,"F1_339",0.0959856058192044,"F3_338",1,1,285478.898099966,4426082.57292415,TRUE
"341",0,"F1_340",0.14251491928353,"F3_339",1,1,285481.299034408,4426082.21362947,TRUE
"342",0,"F1_341",0.23866188435,"F3_313",1,1,285483.74874755,4426082.21381338,TRUE
"343",0,"F1_342",0.174027905360361,"F3_340",1,1,285482.530150688,4426081.93503897,TRUE
"344",0,"F1_343",0.173470090292423,"F3_347",1,1,285471.311371439,4426078.56278881,TRUE
"345",0,"F1_344",0.210784191886636,"F3_348",1,1,285472.423618251,4426078.25862468,TRUE
"346",0,"F1_345",0.373860928256364,"F3_423",1,1,285471.631165032,4426077.87482922,TRUE
"347",0,"F1_346",0.130932341169181,"F3_420",1,1,285474.014386929,4426077.38670554,TRUE
"348",0,"F1_347",0.060381073158547,"F3_342",1,1,285467.872655649,4426081.70540468,TRUE
"349",0,"F1_348",1.01174292862468,"F3_342",0,0,285468.661788235,4426081.1250336,TRUE
"350",0,"F1_349",0.21441713861386,"F3_343",1,1,285469.112116133,4426080.11267309,TRUE
"351",0,"F1_350",0.0498637399156827,"F3_344",1,1,285464.079880576,4426079.46180956,TRUE
"352",0,"F1_351",0.208012940773252,"F3_345",1,1,285468.805964361,4426078.78689691,TRUE
"353",0,"F1_352",0.19655672349886,"F3_346",1,1,285463.409940485,4426078.68405522,TRUE
"354",0,"F1_353",0.241641837395856,"F3_617",1,1,285469.273142472,4426077.72106155,TRUE
"355",0,"F1_354",0.170461783935195,"F3_349",1,1,285468.243431669,4426077.79514146,TRUE
"356",0,"F1_355",0.120045846820604,"F3_424",1,1,285470.234611779,4426077.82435354,TRUE
"357",0,"F1_356",0.286756731942925,"F3_473",1,1,285458.747296455,4426077.50817927,TRUE
"358",0,"F1_357",0.069131512604,"F3_425",1,1,285461.869987875,4426077.50036031,TRUE
"359",0,"F1_358",0.213097425590033,"F3_475",1,1,285457.417005795,4426077.34016788,TRUE
"360",0,"F1_359",0.265061641157969,"F3_426",1,1,285469.846676964,4426076.92489742,TRUE
"361",0,"F1_360",0.178618246574532,"F3_428",1,1,285463.063393687,4426076.8574782,TRUE
"362",0,"F1_361",0.288675501686733,"F3_427",1,1,285470.766909557,4426076.83994151,TRUE
"363",0,"F1_362",0.179090372223543,"F3_429",1,1,285460.895568296,4426076.60413034,TRUE
"364",0,"F1_363",0.304688607588982,"F3_430",1,1,285468.586538639,4426076.49133498,TRUE
"365",0,"F1_364",0.110917663054499,"F3_479",1,1,285459.475269697,4426076.62065804,TRUE
"366",0,"F1_365",0.255067179381747,"F3_480",1,1,285458.279228368,4426076.26045258,TRUE
"367",0,"F1_366",0.202827913915367,"F3_351",1,1,285454.685854343,4426082.11517013,TRUE
"368",0,"F1_367",0.261864707306733,"F3_350",1,1,285453.739262597,4426082.14625996,TRUE
"369",0,"F1_368",0.105933848934679,"F3_352",1,1,285452.483479375,4426081.88293492,TRUE
"370",0,"F1_369",0.183026002127318,"F3_354",1,1,285453.733126,4426081.10300457,TRUE
"371",0,"F1_370",0.0759035667993364,"F3_355",1,1,285454.674330801,4426080.72192996,TRUE
"372",0,"F1_371",0.256453080825217,"F3_356",1,1,285455.490433052,4426080.3643766,TRUE
"373",0,"F1_372",0.158125805459208,"F3_357",1,1,285454.25584427,4426079.93878024,TRUE
"374",0,"F1_373",0.366259854613211,"F3_358",1,1,285454.983283032,4426079.2112375,TRUE
"375",0,"F1_374",0.168146285534962,"F3_359",1,1,285456.12331974,4426078.94773986,TRUE
"376",0,"F1_375",0.257634816459871,"F3_362",1,1,285447.954704488,4426078.81050685,TRUE
"377",0,"F1_376",0.396180837703185,"F3_361",1,1,285454.264941803,4426078.29342636,TRUE
"378",0,"F1_377",0.0526073091748543,"F3_363",1,1,285447.324491725,4426077.99038725,TRUE
"379",0,"F1_378",0.0676060357775414,"F3_495",1,1,285448.493713396,4426077.89064574,TRUE
"380",0,"F1_379",0.11505999132192,"F3_470",1,1,285450.41365271,4426077.65737882,TRUE
"381",0,"F1_380",0.259741530640065,"F3_471",1,1,285451.622855194,4426077.44316585,TRUE
"382",0,"F1_381",0.209840175306892,"F3_496",1,1,285446.631143549,4426077.39807976,TRUE
"383",0,"F1_382",0.22516691329329,"F3_472",1,1,285453.413412687,4426077.39061115,TRUE
"384",0,"F1_383",0.262640783843569,"F3_474",1,1,285454.959451366,4426077.19251422,TRUE
"385",0,"F1_384",0.362565373737623,"F3_477",1,1,285456.214686832,4426077.10903697,TRUE
"386",0,"F1_385",0.300712291463376,"F3_478",1,1,285452.149188709,4426076.7505982,TRUE
"387",0,"F1_386",0.14049266025064,"F3_497",1,1,285449.027795139,4426076.85027599,TRUE
"388",0,"F1_387",0.277341422733296,"F3_481",1,1,285454.116987183,4426076.29121661,TRUE
"389",0,"F1_388",0.199214463048567,"F3_498",1,1,285447.029229279,4426076.25373522,TRUE
"390",0,"F1_389",0.308706928313322,"F3_482",1,1,285453.214026749,4426076.28727031,TRUE
"391",0,"F1_391",0.183208827842437,"F3_364",1,1,285541.440538305,4426066.80887362,TRUE
"392",0,"F1_392",0.279494237114692,"F3_514",1,1,285542.434926262,4426066.49288596,TRUE
"393",0,"F1_393",0.145080302572754,"F3_516",1,1,285546.811935055,4426066.22556601,TRUE
"394",0,"F1_394",0.16919979914963,"F3_515",1,1,285543.257922205,4426066.19403199,TRUE
"395",0,"F1_395",0.157807620512911,"F3_518",1,1,285544.729188285,4426065.4161929,TRUE
"396",0,"F1_396",0.160728242789406,"F3_520",1,1,285542.642806015,4426065.26516155,TRUE
"397",0,"F1_397",0.242108639071743,"F3_521",1,1,285549.8734003,4426065.19971296,TRUE
"398",0,"F1_398",0.156339641884453,"F3_519",1,1,285547.812854956,4426065.29160723,TRUE
"399",0,"F1_399",0.240118746120843,"F3_524",1,1,285543.46003109,4426065.10412357,TRUE
"400",0,"F1_400",0.126410503645949,"F3_523",1,1,285548.819504235,4426065.02402423,TRUE
"401",0,"F1_401",0.133748371267627,"F3_522",1,1,285541.30271377,4426064.83817462,TRUE
"402",0,"F1_402",0.199607760842175,"F3_525",1,1,285544.62885773,4426064.43577683,TRUE
"403",0,"F1_403",0.249511533685675,"F3_529",1,1,285548.154793556,4426063.96244843,TRUE
"404",0,"F1_404",0.0883648211102266,"F3_527",1,1,285549.34655282,4426063.99915531,TRUE
"405",0,"F1_405",0.22738871399255,"F3_528",1,1,285542.567419428,4426063.88553292,TRUE
"406",0,"F1_406",0.208133605346536,"F3_526",1,1,285543.852900882,4426063.81426891,TRUE
"407",0,"F1_407",0.293464701704865,"F3_530",1,1,285541.22101534,4426063.69386794,TRUE
"408",0,"F1_408",0.277798950725709,"F3_534",1,1,285543.85781355,4426063.06275201,TRUE
"409",0,"F1_409",0.155884511973241,"F3_532",1,1,285541.711907068,4426062.92684961,TRUE
"410",0,"F1_410",0.100361703597493,"F3_533",1,1,285542.799103276,4426062.63816002,TRUE
"411",0,"F1_411",0.23839019664562,"F3_535",1,1,285544.761744458,4426062.23660501,TRUE
"412",0,"F1_412",0.149425718530957,"F3_382",1,1,285527.187649506,4426075.06276232,TRUE
"413",0,"F1_413",0.373200134750562,"F3_387",1,1,285527.893378155,4426074.60172733,TRUE
"414",0,"F1_414",0.169294510941824,"F3_390",1,1,285527.292322521,4426073.57017446,TRUE
"415",0,"F1_415",0.159490682126587,"F3_366",1,1,285539.360605511,4426067.48660287,TRUE
"416",0,"F1_416",0.228113814520883,"F3_367",1,1,285539.903055179,4426067.05855037,TRUE
"417",0,"F1_417",0.308063805556636,"F3_368",1,1,285538.893504666,4426066.73306084,TRUE
"418",0,"F1_418",0.29506628456062,"F3_370",1,1,285530.183461568,4426066.84460451,TRUE
"419",0,"F1_419",0.166257902254139,"F3_594",1,1,285527.422987053,4426066.60168629,TRUE
"420",0,"F1_420",0.222013230284974,"F3_568",1,1,285538.189686409,4426065.99616065,TRUE
"421",0,"F1_421",0.235190438343322,"F3_569",1,1,285534.124605283,4426065.85969765,TRUE
"422",0,"F1_422",0.13026962918838,"F3_597",1,1,285528.465493619,4426066.04191589,TRUE
"423",0,"F1_423",0.18788007959629,"F3_517",1,1,285540.543348236,4426065.87789271,TRUE
"424",0,"F1_424",0.350283932397047,"F3_570",1,1,285534.949483564,4426065.82161495,TRUE
"425",0,"F1_425",0.400130438539665,"F3_571",1,1,285537.313983847,4426065.45420759,TRUE
"426",0,"F1_426",0.199743677060918,"F3_572",1,1,285536.037130923,4426065.59507809,TRUE
"427",0,"F1_427",0.10670713781578,"F3_573",1,1,285531.728688247,4426065.34743654,TRUE
"428",0,"F1_428",0.230119693224437,"F3_574",1,1,285530.958105078,4426065.21137869,TRUE
"429",0,"F1_429",0.23264462812058,"F3_599",1,1,285528.827587015,4426065.04018201,TRUE
"430",0,"F1_430",0.162357551716852,"F3_600",1,1,285527.475119469,4426064.99141214,TRUE
"431",0,"F1_431",0.223280026585962,"F3_575",1,1,285534.136295125,4426064.81905722,TRUE
"432",0,"F1_432",0.382238479807069,"F3_577",1,1,285535.296250936,4426064.80074477,TRUE
"433",0,"F1_433",0.20394883888026,"F3_578",1,1,285540.263923999,4426064.46777505,TRUE
"434",0,"F1_434",0.199410326195962,"F3_579",1,1,285529.712807056,4426064.45564501,TRUE
"435",0,"F1_435",0.270521678233924,"F3_576",1,1,285536.784486334,4426064.35344119,TRUE
"436",0,"F1_436",0.124642124302014,"F3_581",1,1,285533.462001609,4426064.07658112,TRUE
"437",0,"F1_437",0.0406838017125175,"F3_580",1,1,285530.749723684,4426064.12808715,TRUE
"438",0,"F1_438",0.058259826354901,"F3_582",1,1,285534.421565546,4426063.87720965,TRUE
"439",0,"F1_439",0.147555567205622,"F3_583",1,1,285532.816888262,4426063.5317542,TRUE
"440",0,"F1_440",0.345606548512035,"F3_584",1,1,285535.678067411,4426063.2899944,TRUE
"441",0,"F1_441",0.0756280789699628,"F3_586",1,1,285539.135002823,4426063.09735572,TRUE
"442",0,"F1_442",0.134252768463804,"F3_588",1,1,285536.857311306,4426063.13209175,TRUE
"443",0,"F1_443",0.219837601945878,"F3_589",1,1,285533.661064302,4426063.12361451,TRUE
"444",0,"F1_444",0.235727927703684,"F3_590",1,1,285538.457345415,4426062.35283797,TRUE
"445",0,"F1_445",0.197915745655708,"F3_378",1,1,285520.602013962,4426075.96545168,TRUE
"446",0,"F1_446",0.0557238657635427,"F3_379",1,1,285526.369617395,4426075.88557488,TRUE
"447",0,"F1_447",0.164963680288244,"F3_381",1,1,285521.420559285,4426075.30135502,TRUE
"448",0,"F1_448",0.0497263077142174,"F3_383",1,1,285519.4897813,4426075.08101705,TRUE
"449",0,"F1_449",0.213308677814647,"F3_384",1,1,285518.134271052,4426075.00794485,TRUE
"450",0,"F1_450",0.289099994856353,"F3_385",1,1,285526.398583454,4426074.83266471,TRUE
"451",0,"F1_451",0.224001631299306,"F3_386",1,1,285522.409281244,4426074.53698359,TRUE
"452",0,"F1_452",0.133140353293805,"F3_388",1,1,285519.014282189,4426074.0314785,TRUE
"453",0,"F1_453",0.167589418055537,"F3_392",1,1,285521.415271474,4426073.73720384,TRUE
"454",0,"F1_454",0.124196742615676,"F3_389",1,1,285526.128176772,4426073.57076686,TRUE
"455",0,"F1_455",0.141340930717896,"F3_391",1,1,285522.573502941,4426073.46630577,TRUE
"456",0,"F1_456",0.145484097498614,"F3_394",1,1,285523.748751931,4426073.24444534,TRUE
"457",0,"F1_457",0.061292587931891,"F3_393",1,1,285519.157167947,4426073.29860697,TRUE
"458",0,"F1_458",0.196421645129284,"F3_396",1,1,285525.058155232,4426072.9034628,TRUE
"459",0,"F1_459",0.162760939320448,"F3_395",1,1,285520.825527868,4426072.81931061,TRUE
"460",0,"F1_460",0.194232680961961,"F3_397",1,1,285526.253327187,4426072.37669584,TRUE
"461",0,"F1_461",0.118336377376771,"F3_398",1,1,285521.707110765,4426072.43290485,TRUE
"462",0,"F1_462",0.0811459400166953,"F3_399",1,1,285522.939946231,4426072.12221212,TRUE
"463",0,"F1_463",0.123381173667661,"F3_401",1,1,285520.378882305,4426071.49583613,TRUE
"464",0,"F1_464",0.0961234674378467,"F3_402",1,1,285521.772920012,4426071.18871156,TRUE
"465",0,"F1_465",0.207353613908053,"F3_403",1,1,285523.084748635,4426070.67684152,TRUE
"466",0,"F1_466",0.241414482232776,"F3_404",1,1,285518.963156256,4426070.61156057,TRUE
"467",0,"F1_467",0.288126065060077,"F3_405",1,1,285521.1621366,4426070.51156967,TRUE
"468",0,"F1_468",0.339803842766509,"F3_406",1,1,285522.289797512,4426070.29182092,TRUE
"469",0,"F1_469",0.315029552192912,"F3_407",1,1,285520.125731337,4426070.08844518,TRUE
"470",0,"F1_470",0.196228982904913,"F3_409",1,1,285520.818539908,4426069.56199815,TRUE
"471",0,"F1_471",0.0688328158357517,"F3_408",1,1,285523.437757682,4426069.44561107,TRUE
"472",0,"F1_472",0.0508232403958318,"F3_410",1,1,285521.734977946,4426068.74998397,TRUE
"473",0,"F1_473",0.369269097541823,"F3_618",1,1,285524.290929924,4426068.70040242,TRUE
"474",0,"F1_474",0.238175626446481,"F3_412",1,1,285523.115920029,4426068.10911565,TRUE
"475",0,"F1_475",0.151288262488138,"F3_413",1,1,285526.60852653,4426067.91408608,TRUE
"476",0,"F1_476",0.125357690779066,"F3_414",1,1,285525.526747117,4426067.49559954,TRUE
"477",0,"F1_477",0.149939336325356,"F3_415",1,1,285522.03494843,4426067.48236676,TRUE
"478",0,"F1_478",0.212863822274513,"F3_596",1,1,285522.625262554,4426066.6140651,TRUE
"479",0,"F1_479",0.1485611066321,"F3_595",1,1,285521.617332476,4426066.28919698,TRUE
"480",0,"F1_480",0.245576144047531,"F3_598",1,1,285526.234185406,4426066.21405403,TRUE
"481",0,"F1_481",0.429804581245546,"F3_421",1,1,285473.005273444,4426074.02194582,TRUE
"482",0,"F1_482",0.066795581791346,"F3_445",1,1,285471.544395627,4426073.85781717,TRUE
"483",0,"F1_483",0.263645712319732,"F3_431",1,1,285469.640168609,4426075.89862786,TRUE
"484",0,"F1_484",0.288962927349428,"F3_483",1,1,285456.835298209,4426076.01618381,TRUE
"485",0,"F1_485",0.114286670525684,"F3_485",1,1,285460.326628235,4426075.8078503,TRUE
"486",0,"F1_486",0.0951856001183956,"F3_432",1,1,285470.649770911,4426075.86629766,TRUE
"487",0,"F1_487",0.141519408233628,"F3_434",1,1,285462.445060684,4426075.50021003,TRUE
"488",0,"F1_488",0.325313254438663,"F3_433",1,1,285463.791245793,4426075.38006846,TRUE
"489",0,"F1_489",0.264979337784838,"F3_436",1,1,285468.40090309,4426075.00432405,TRUE
"490",0,"F1_490",0.175889817592144,"F3_435",1,1,285461.164852208,4426075.08800798,TRUE
"491",0,"F1_491",0.288254212119358,"F3_437",1,1,285469.836935999,4426075.0550667,TRUE
"492",0,"F1_492",0.228002517011893,"F3_438",1,1,285470.804257325,4426074.67805887,TRUE
"493",0,"F1_493",0.333913016334584,"F3_440",1,1,285464.358330077,4426074.6615611,TRUE
"494",0,"F1_494",0.247137943942453,"F3_439",1,1,285463.01652942,4426074.59763896,TRUE
"495",0,"F1_495",0.306091924295149,"F3_442",1,1,285461.881598841,4426074.26885092,TRUE
"496",0,"F1_496",0.098995553437322,"F3_441",1,1,285466.796009641,4426074.18394061,TRUE
"497",0,"F1_497",0.0950354187523776,"F3_444",1,1,285465.452388434,4426074.01640603,TRUE
"498",0,"F1_498",0.134706424638787,"F3_443",1,1,285470.157032814,4426073.95390298,TRUE
"499",0,"F1_499",0.339347872930245,"F3_448",1,1,285469.451668185,4426073.81468778,TRUE
"500",0,"F1_500",0.232592508863141,"F3_447",1,1,285463.476888139,4426073.89019822,TRUE
"501",0,"F1_501",0.308940835862598,"F3_446",1,1,285468.145178309,4426073.84785173,TRUE
"502",0,"F1_502",0.178796856549049,"F3_449",1,1,285461.024772939,4426073.58896193,TRUE
"503",0,"F1_503",0.243335736849026,"F3_450",1,1,285470.850351494,4426073.2529597,TRUE
"504",0,"F1_504",0.237287145844554,"F3_451",1,1,285462.044632414,4426073.14682181,TRUE
"505",0,"F1_505",0.225735321136211,"F3_453",1,1,285465.45490775,4426073.02641328,TRUE
"506",0,"F1_506",0.16944132038218,"F3_452",1,1,285464.406649118,4426072.93460792,TRUE
"507",0,"F1_507",0.132023204225565,"F3_491",1,1,285457.390334383,4426072.71247958,TRUE
"508",0,"F1_508",0.11909568762938,"F3_454",1,1,285467.425660899,4426072.62598803,TRUE
"509",0,"F1_509",0.0985312976768779,"F3_492",1,1,285460.70755495,4426072.54872398,TRUE
"510",0,"F1_510",0.0673876826498208,"F3_494",1,1,285458.379004575,4426072.33279035,TRUE
"511",0,"F1_511",0.178870701544574,"F3_493",1,1,285459.752573884,4426072.24010099,TRUE
"512",0,"F1_512",0.252627156802544,"F3_456",1,1,285470.174046383,4426072.1469202,TRUE
"513",0,"F1_513",0.175399915643547,"F3_455",1,1,285461.692523007,4426072.0331506,TRUE
"514",0,"F1_514",0.317185187885396,"F3_620",1,1,285469.074588809,4426072.00394419,TRUE
"515",0,"F1_515",0.254217281517641,"F3_458",1,1,285467.97431797,4426071.51957636,TRUE
"516",0,"F1_516",0.22398868442941,"F3_457",1,1,285464.455218807,4426071.68159909,TRUE
"517",0,"F1_517",0.364894387195238,"F3_621",1,1,285469.402024194,4426071.36067278,TRUE
"518",0,"F1_518",0.224702325475091,"F3_459",1,1,285465.992799406,4426070.80875575,TRUE
"519",0,"F1_519",0.269919294015016,"F3_460",1,1,285468.891176039,4426070.62420579,TRUE
"520",0,"F1_520",0.286690935853406,"F3_461",1,1,285464.573053523,4426070.30778492,TRUE
"521",0,"F1_521",0.0573423820516435,"F3_462",1,1,285466.934773166,4426069.81257586,TRUE
"522",0,"F1_522",0.1907943458882,"F3_463",1,1,285465.833444244,4426069.23330032,TRUE
"523",0,"F1_523",0.159776303169311,"F3_464",1,1,285464.146049591,4426068.73254044,TRUE
"524",0,"F1_524",0.231996480268265,"F3_465",1,1,285464.621978036,4426068.25841392,TRUE
"525",0,"F1_525",0.155538128762758,"F3_466",1,1,285463.476876575,4426068.2054966,TRUE
"526",0,"F1_526",0.089718278856311,"F3_467",1,1,285465.968720609,4426067.94105504,TRUE
"527",0,"F1_527",0.362214756614156,"F3_468",1,1,285465.014182804,4426067.29710791,TRUE
"528",0,"F1_528",0.336876233227303,"F3_469",1,1,285465.814078365,4426066.78437093,TRUE
"529",0,"F1_529",0.237905491547876,"F3_601",1,1,285464.942898577,4426066.22651019,TRUE
"530",0,"F1_530",0.253376156357481,"F3_486",1,1,285452.330957851,4426075.8487892,TRUE
"531",0,"F1_531",0.373090193915296,"F3_488",1,1,285454.545145828,4426075.47275782,TRUE
"532",0,"F1_532",0.289715185347197,"F3_487",1,1,285456.318709943,4426075.03342278,TRUE
"533",0,"F1_533",0.139917112359752,"F3_489",1,1,285455.466544,4426075.07513497,TRUE
"534",0,"F1_534",0.189468687950682,"F3_490",1,1,285455.236237269,4426073.98325973,TRUE
"535",0,"F1_535",0.338008265441744,"F3_501",1,1,285556.104029106,4426059.00795543,TRUE
"536",0,"F1_536",0.171831834042752,"F3_503",1,1,285556.737737282,4426058.27644877,TRUE
"537",0,"F1_537",0.29660195469975,"F3_505",1,1,285555.903720917,4426057.68215241,TRUE
"538",0,"F1_538",0.111536430038315,"F3_508",1,1,285556.308561149,4426057.09877309,TRUE
"539",0,"F1_539",0.0786762291519778,"F3_511",1,1,285557.217953905,4426056.09826632,TRUE
"540",0,"F1_540",0.181760303095199,"F3_603",1,1,285557.843879942,4426054.92769079,TRUE
"541",0,"F1_541",0.29598317440161,"F3_607",1,1,285557.234866934,4426053.71853405,TRUE
"542",0,"F1_542",0.203801041562697,"F3_608",1,1,285555.826352671,4426053.74366555,TRUE
"543",0,"F1_543",0.144157817356509,"F3_609",1,1,285555.228295964,4426053.48491177,TRUE
"544",0,"F1_544",1.19078246408242,"F3_536",0,0,285549.097257497,4426062.03984765,TRUE
"545",0,"F1_545",0.263239364835347,"F3_537",1,1,285543.388276861,4426061.72681824,TRUE
"546",0,"F1_546",0.2420936867605,"F3_536",1,1,285548.187213857,4426061.77176241,TRUE
"547",0,"F1_547",0.183464747692357,"F3_539",1,1,285544.492739368,4426061.4152323,TRUE
"548",0,"F1_548",0.208968797050775,"F3_538",1,1,285550.405651944,4426061.27454087,TRUE
"549",0,"F1_549",0.188666391735576,"F3_540",1,1,285545.007377857,4426061.01799043,TRUE
"550",0,"F1_550",0.229833130581362,"F3_544",1,1,285545.79299277,4426060.65659521,TRUE
"551",0,"F1_551",0.275084244853409,"F3_542",1,1,285551.195023772,4426060.2225352,TRUE
"552",0,"F1_552",0.215793064013589,"F3_543",1,1,285548.220957435,4426060.04223863,TRUE
"553",0,"F1_553",0.0350127392439131,"F3_499",1,1,285554.732413506,4426059.93038032,TRUE
"554",0,"F1_554",0.230759894018209,"F3_541",1,1,285545.668596412,4426059.83467181,TRUE
"555",0,"F1_555",0.356547447829737,"F3_545",1,1,285548.920103986,4426059.48650676,TRUE
"556",0,"F1_556",0.2263936394832,"F3_500",1,1,285553.744368905,4426059.55636674,TRUE
"557",0,"F1_557",0.129444018059479,"F3_546",1,1,285550.27703304,4426059.23632951,TRUE
"558",0,"F1_558",0.194605559485202,"F3_547",1,1,285543.920466709,4426059.23758097,TRUE
"559",0,"F1_559",0.144173690800008,"F3_548",1,1,285546.606486883,4426059.05553383,TRUE
"560",0,"F1_560",0.175521186682021,"F3_549",1,1,285551.433673206,4426058.96275657,TRUE
"561",0,"F1_561",0.274972933990175,"F3_502",1,1,285552.662313358,4426058.9076337,TRUE
"562",0,"F1_562",0.311094933995943,"F3_551",1,1,285544.416464035,4426058.58592943,TRUE
"563",0,"F1_563",0.058144137948224,"F3_550",1,1,285545.432876146,4426058.44276721,TRUE
"564",0,"F1_564",0.196250574753678,"F3_552",1,1,285543.587650927,4426058.3098822,TRUE
"565",0,"F1_565",0.163640246861711,"F3_553",1,1,285548.966988247,4426058.06056431,TRUE
"566",0,"F1_566",0.176668460176832,"F3_504",1,1,285554.13665143,4426057.97820131,TRUE
"567",0,"F1_567",0.323047359845711,"F3_554",1,1,285550.959590638,4426057.87812844,TRUE
"568",0,"F1_568",0.119889886496027,"F3_506",1,1,285553.052171222,4426057.5946996,TRUE
"569",0,"F1_569",0.19545288737898,"F3_557",1,1,285545.784827059,4426057.30541706,TRUE
"570",0,"F1_570",0.286980461964762,"F3_555",1,1,285550.064241737,4426057.08853836,TRUE
"571",0,"F1_571",0.326589729548124,"F3_558",1,1,285546.970105682,4426056.97985533,TRUE
"572",0,"F1_572",0.1021771513539,"F3_509",1,1,285553.745331144,4426056.73032299,TRUE
"573",0,"F1_573",0.152915454913427,"F3_559",1,1,285551.050739257,4426056.75176717,TRUE
"574",0,"F1_574",0.219387731393447,"F3_561",1,1,285549.372329952,4426056.5575808,TRUE
"575",0,"F1_575",0.327997948774756,"F3_510",1,1,285552.230364413,4426056.45193847,TRUE
"576",0,"F1_576",0.254000145029769,"F3_560",1,1,285542.592892522,4426056.47104329,TRUE
"577",0,"F1_577",0.0990610886131329,"F3_563",1,1,285543.613635757,4426056.24178545,TRUE
"578",0,"F1_578",0.14107773361372,"F3_564",1,1,285547.857635037,4426055.77781125,TRUE
"579",0,"F1_579",0.189594089241101,"F3_512",1,1,285554.364450776,4426055.61717481,TRUE
"580",0,"F1_580",0.234829433715554,"F3_565",1,1,285547.01593424,4426055.57978331,TRUE
"581",0,"F1_581",0.201596268343007,"F3_513",1,1,285552.482868844,4426055.36401713,TRUE
"582",0,"F1_582",0.129566853242242,"F3_566",1,1,285544.171314548,4426055.39525998,TRUE
"583",0,"F1_583",0.149179570675449,"F3_567",1,1,285545.32161736,4426055.17812327,TRUE
"584",0,"F1_584",0.243008933850427,"F3_604",1,1,285553.407511853,4426054.71023039,TRUE
"585",0,"F1_585",0.312846384926435,"F3_610",1,1,285546.114224843,4426054.69086145,TRUE
"586",0,"F1_586",0.191124682560373,"F3_611",1,1,285545.079234791,4426054.3430352,TRUE
"587",0,"F1_587",0.201965599375945,"F3_606",1,1,285554.40673931,4426053.95487552,TRUE
"588",0,"F1_588",2.30820788464553,"F3_609",0,0,285554.253480864,4426051.42611117,TRUE
"589",0,"F1_589",0.0692074361522593,"F3_591",1,1,285535.845346192,4426062.0556739,TRUE
"590",0,"F1_590",0.0387504498862627,"F3_592",1,1,285537.276078193,4426062.0442847,TRUE
"591",0,"F1_591",0.166098654587142,"F3_593",1,1,285539.152205431,4426061.14838841,TRUE
"592",0,"F1_592",0.135218938445329,"F3_507",1,1,285557.564758479,4426057.57504587,TRUE
"593",0,"F1_593",0.196040232331385,"F3_605",1,1,285554.781336245,4426054.57995654,TRUE
"594",0,"F1_594",0.180879189408328,"F3_562",1,1,285545.679651374,4426056.1808653,TRUE
"595",0,"F1_595",0.120437223891966,"F3_556",1,1,285544.145064971,4426057.28153417,TRUE
"596",0,"F1_596",0.282969303051388,"F3_531",1,1,285544.993761809,4426063.4130447,TRUE
"597",0,"F1_597",0.326331293227038,"F3_587",1,1,285540.269352357,4426063.25429438,TRUE
"598",0,"F1_598",0.053558512129007,"F3_411",1,1,285528.837212822,4426068.35547125,TRUE
"599",0,"F1_599",0.160000472464888,"F3_400",1,1,285523.85033618,4426072.16971222,TRUE
"600",0,"F1_600",0.125681829396968,"F3_626",1,1,285519.045493234,4426069.25505639,TRUE
"601",0,"F1_601",1.33556925130344,"F3_373",0,0,285517.828407464,4426076.82215486,TRUE
"602",0,"F1_602",1.45305718495505,"F3_377",0,0,285517.913074299,4426076.39882068,TRUE
"603",0,"F1_603",0.443547696145505,"F3_156",1,1,285520.707079889,4426090.74984939,TRUE
"604",0,"F1_604",0.448648582510632,"F3_198",1,1,285515.806986752,4426093.30043783,TRUE
"605",0,"F1_605",0.159140067830059,"F3_222",1,1,285505.875566891,4426091.88650167,TRUE
"606",0,"F1_606",0.0637255581665878,"F3_185",1,1,285507.094769331,4426094.9175744,TRUE
"607",0,"F1_607",0.171904245377147,"F3_127",1,1,285508.703439215,4426102.67474991,TRUE
"608",0,"F1_608",0.17606983984726,"F3_128",1,1,285509.448507372,4426102.18368227,TRUE
"609",0,"F1_609",0.170403736669133,"F3_96",1,1,285524.680071167,4426110.37519865,TRUE
"610",0,"F1_610",0.24074627151792,"F3_48",1,1,285521.665931807,4426112.03466863,TRUE
"611",0,"F1_611",0.197492416832438,"F3_91",1,1,285518.770326014,4426111.74680139,TRUE
"612",0,"F1_612",0.115412045910494,"F3_84",1,1,285515.214318902,4426113.05067067,TRUE
"613",0,"F1_613",0.195250901240203,"F3_80",1,1,285507.027035861,4426115.38408867,TRUE
"614",0,"F1_614",0.102425867677163,"F3_616",1,1,285508.449438706,4426114.13101949,TRUE
"615",0,"F1_615",0.0237057647803948,"F3_72",1,1,285506.332767805,4426118.27969446,TRUE
"616",0,"F1_616",0.217633069215281,"F3_614",1,1,285510.769310014,4426119.26352309,TRUE
"617",0,"F1_617",0.212119844128983,"F3_627",1,1,285505.079698633,4426120.81123285,TRUE
"618",0,"F1_618",0.240837956177657,"F3_89",1,1,285505.6130997,4426121.42083407,TRUE
"619",0,"F1_619",0.205275160928509,"F3_34",1,1,285509.462265734,4426124.12911449,TRUE
"620",0,"F1_620",0.0602418247058244,"F3_19",1,1,285512.27637969,4426127.35492094,TRUE
"621",0,"F1_621",0.0916415734582811,"F3_49",1,1,285517.099214337,4426123.20518764,TRUE
"622",0,"F1_622",0.25970611197947,"F3_0",1,1,285512.646532513,4426136.463485,TRUE
"623",0,"F1_623",0.319052141553826,"F3_5",1,1,285509.841943569,4426134.74898157,TRUE
"624",0,"F1_624",0.312981698132415,"F3_37",1,1,285505.820268857,4426133.44722896,TRUE
"625",0,"F1_625",0.393319778620136,"F3_336",1,1,285478.80996066,4426083.48479982,TRUE
"626",0,"F1_626",0.310866156731953,"F3_360",1,1,285455.285280259,4426078.29048943,TRUE
"627",0,"F1_627",0.262238444097028,"F3_484",1,1,285455.488480667,4426076.15688516,TRUE
"628",0,"F1_628",0.265897970213602,"F3_476",1,1,285452.355807732,4426077.3760876,TRUE
"629",0,"F1_629",0.341989453016556,"F3_353",1,1,285451.64460631,4426081.91423001,TRUE
"630",0,"F1_630",0.0755506883025493,"F3_104",1,1,285508.454171132,4426110.69358939,TRUE
