"","OBJECTID","CLASS_ID","Flight","UFID","dist","nnid","Nesting","coords.x1","coords.x2","optional"
"1",1,0,"F1_","F1_1",0.405738644664132,"F4_818",1,285241.098,4426055.6865,TRUE
"2",2,0,"F1_","F1_2",0.151591544058661,"F4_2",1,285240.2213,4426055.6754,TRUE
"3",3,0,"F1_","F1_3",0.160932278488848,"F4_819",1,285239.371,4426055.0284,TRUE
"4",4,0,"F1_","F1_4",0.227138823458166,"F4_0",1,285241.5535,4426054.7975,TRUE
"5",5,0,"F1_","F1_5",0.223458046465858,"F4_817",1,285240.4553,4426054.6673,TRUE
"6",6,0,"F1_","F1_6",0.0903877604479181,"F4_3",1,285238.3373,4426054.5375,TRUE
"7",7,0,"F1_","F1_7",0.0999015333531266,"F4_816",1,285242.3525,4426054.2191,TRUE
"8",8,0,"F1_","F1_8",0.122560231402656,"F4_4",1,285237.6749,4426054.2101,TRUE
"9",9,0,"F1_","F1_9",0.143834451477049,"F4_1",1,285243.4852,4426053.5759,TRUE
"10",10,0,"F1_","F1_10",0.0235267363220943,"F4_820",1,285241.0293,4426053.4873,TRUE
"11",11,0,"F1_","F1_11",0.345533514773529,"F4_822",1,285237.6957,4426053.1634,TRUE
"12",12,0,"F1_","F1_12",0.20060343799619,"F4_821",1,285238.3722,4426052.2135,TRUE
"13",13,0,"F1_","F1_13",0.086885183163856,"F4_5",1,285239.0638,4426051.3832,TRUE
"14",14,0,"F1_","F1_14",0.309569235352424,"F4_6",1,285239.8119,4426050.8115,TRUE
"15",15,0,"F1_","F1_15",0.257631773997065,"F4_7",1,285250.8465,4426038.9144,TRUE
"16",16,0,"F1_","F1_16",0.241942780865868,"F4_8",1,285251.6667,4426038.2037,TRUE
"17",17,0,"F1_","F1_17",0.0863778219665237,"F4_26",1,285253.2266,4426037.5534,TRUE
"18",18,0,"F1_","F1_18",0.477969708717351,"F4_785",1,285251.7622,4426036.8705,TRUE
"19",19,0,"F1_","F1_19",0.0870727372910803,"F4_784",1,285252.8958,4426036.525,TRUE
"20",20,0,"F1_","F1_20",0.0738774384209996,"F4_786",1,285251.1874,4426036.4038,TRUE
"21",21,0,"F1_","F1_21",0.0812583285786246,"F4_783",1,285255.4191,4426036.0749,TRUE
"22",22,0,"F1_","F1_22",0.124903367099064,"F4_29",1,285257.511,4426035.7492,TRUE
"23",23,0,"F1_","F1_23",0.0856125392343448,"F4_815",1,285244.9687,4426047.2059,TRUE
"24",24,0,"F1_","F1_24",0.160739804870406,"F4_9",1,285243.6193,4426047.1419,TRUE
"25",25,0,"F1_","F1_25",0.114858403969092,"F4_10",1,285241.5486,4426046.9749,TRUE
"26",26,0,"F1_","F1_26",0.111174320326748,"F4_11",1,285246.0983,4426046.9274,TRUE
"27",27,0,"F1_","F1_27",0.172410793035138,"F4_12",1,285242.5335,4426046.7241,TRUE
"28",28,0,"F1_","F1_28",0.319326916704297,"F4_13",1,285245.1391,4426046.0536,TRUE
"29",29,0,"F1_","F1_29",0.0725217460392849,"F4_14",1,285243.9807,4426046.0892,TRUE
"30",30,0,"F1_","F1_30",0.162880277966951,"F4_15",1,285240.4137,4426045.8098,TRUE
"31",31,0,"F1_","F1_31",0.22677761648269,"F4_17",1,285242.9683,4426045.7435,TRUE
"32",32,0,"F1_","F1_32",0.215456998487557,"F4_16",1,285246.4119,4426045.674,TRUE
"33",33,0,"F1_","F1_33",0.110777225063041,"F4_813",1,285241.3038,4426045.5999,TRUE
"34",34,0,"F1_","F1_34",1.01155073387148,"F4_813",0,285242.3108,4426045.1656,TRUE
"35",35,0,"F1_","F1_35",0.335227060686249,"F4_814",1,285243.7302,4426044.8954,TRUE
"36",36,0,"F1_","F1_36",0.0665945293655114,"F4_18",1,285243.0337,4426044.175,TRUE
"37",37,0,"F1_","F1_37",0.0292646865945782,"F4_800",1,285245.7845,4426043.7857,TRUE
"38",38,0,"F1_","F1_38",0.273355798934251,"F4_801",1,285244.7152,4426043.6459,TRUE
"39",39,0,"F1_","F1_39",0.135097608738508,"F4_19",1,285243.7156,4426043.7306,TRUE
"40",40,0,"F1_","F1_40",0.260825844420537,"F4_799",1,285245.7072,4426042.7582,TRUE
"41",41,0,"F1_","F1_41",0.222109606247472,"F4_20",1,285244.3297,4426042.7016,TRUE
"42",42,0,"F1_","F1_42",0.0380611398239568,"F4_21",1,285243.0123,4426041.0374,TRUE
"43",43,0,"F1_","F1_43",0.324419051416714,"F4_796",1,285244.1063,4426040.8035,TRUE
"44",44,0,"F1_","F1_44",0.305323259882168,"F4_797",1,285245.6962,4426040.3713,TRUE
"45",45,0,"F1_","F1_45",0.100535676419383,"F4_22",1,285244.7912,4426040.0711,TRUE
"46",46,0,"F1_","F1_46",0.143700197849268,"F4_794",1,285245.0611,4426039.2432,TRUE
"47",47,0,"F1_","F1_47",0.345415520096294,"F4_23",1,285247.5475,4426039.0163,TRUE
"48",48,0,"F1_","F1_48",0.110264495676191,"F4_24",1,285248.1613,4426038.5482,TRUE
"49",49,0,"F1_","F1_49",0.22995606955128,"F4_793",1,285247.0268,4426038.2141,TRUE
"50",50,0,"F1_","F1_50",0.0731098407494587,"F4_30",1,285245.5801,4426038.1547,TRUE
"51",51,0,"F1_","F1_51",0.168963111416545,"F4_25",1,285250.05,4426038.0822,TRUE
"52",52,0,"F1_","F1_52",0.119610626604811,"F4_31",1,285248.9097,4426037.3262,TRUE
"53",53,0,"F1_","F1_53",0.159248965095693,"F4_32",1,285246.2198,4426037.5119,TRUE
"54",54,0,"F1_","F1_54",0.303727317582022,"F4_27",1,285250.7176,4426037.3206,TRUE
"55",55,0,"F1_","F1_55",0.195834225681208,"F4_34",1,285244.9257,4426037.0661,TRUE
"56",56,0,"F1_","F1_56",0.233873639934776,"F4_792",1,285244.2037,4426037.0469,TRUE
"57",57,0,"F1_","F1_57",0.237977336795273,"F4_33",1,285247.0178,4426037.0871,TRUE
"58",58,0,"F1_","F1_58",0.319806811589895,"F4_787",1,285249.7271,4426036.5735,TRUE
"59",59,0,"F1_","F1_59",0.0872640413637702,"F4_35",1,285248.8702,4426036.4546,TRUE
"60",60,0,"F1_","F1_60",0.325410647210152,"F4_36",1,285247.5944,4426036.3813,TRUE
"61",61,0,"F1_","F1_61",0.266360134042624,"F4_791",1,285245.3961,4426035.874,TRUE
"62",62,0,"F1_","F1_62",0.294811203415481,"F4_790",1,285246.8644,4426035.8991,TRUE
"63",63,0,"F1_","F1_63",0.24936288192566,"F4_37",1,285249.403,4426035.5366,TRUE
"64",64,0,"F1_","F1_64",0.17455948125167,"F4_789",1,285247.4478,4426035.2538,TRUE
"65",65,0,"F1_","F1_65",0.16826906057706,"F4_39",1,285245.2687,4426034.7673,TRUE
"66",66,0,"F1_","F1_66",0.362306671304886,"F4_38",1,285248.7055,4426034.8902,TRUE
"67",67,0,"F1_","F1_67",0.197025485835495,"F4_41",1,285295.9792,4426023.9754,TRUE
"68",68,0,"F1_","F1_68",0.107125717093932,"F4_757",1,285292.6666,4426023.6241,TRUE
"69",69,0,"F1_","F1_69",0.209934348687259,"F4_761",1,285293.7435,4426022.7471,TRUE
"70",70,0,"F1_","F1_70",0.0497720330323222,"F4_42",1,285295.7137,4426022.7392,TRUE
"71",71,0,"F1_","F1_71",0.251752178742394,"F4_43",1,285294.6016,4426022.0428,TRUE
"72",72,0,"F1_","F1_72",0.122409958638873,"F4_758",1,285292.7003,4426021.3372,TRUE
"73",73,0,"F1_","F1_73",0.0749303054261043,"F4_762",1,285294.6924,4426020.8021,TRUE
"74",74,0,"F1_","F1_74",0.138113741794137,"F4_44",1,285289.4955,4426027.7762,TRUE
"75",75,0,"F1_","F1_75",0.116353705650574,"F4_769",1,285287.8034,4426026.9719,TRUE
"76",76,0,"F1_","F1_76",0.151733191928139,"F4_764",1,285290.9202,4426026.2733,TRUE
"77",77,0,"F1_","F1_77",0.0842243964676828,"F4_45",1,285289.1183,4426025.8868,TRUE
"78",78,0,"F1_","F1_78",0.245130118582999,"F4_768",1,285288.3032,4426025.8863,TRUE
"79",79,0,"F1_","F1_79",0.0383443735233924,"F4_53",1,285283.5495,4426025.6044,TRUE
"80",80,0,"F1_","F1_80",0.285761417933377,"F4_55",1,285284.9111,4426025.6041,TRUE
"81",81,0,"F1_","F1_81",0.130399450469779,"F4_54",1,285281.0897,4426025.4672,TRUE
"82",82,0,"F1_","F1_82",0.116056536594931,"F4_765",1,285290.1471,4426025.2872,TRUE
"83",83,0,"F1_","F1_83",0.230698082850788,"F4_772",1,285285.577,4426025.0805,TRUE
"84",84,0,"F1_","F1_84",0.173193885748968,"F4_767",1,285288.5896,4426024.9781,TRUE
"85",85,0,"F1_","F1_85",0.122581709871816,"F4_766",1,285289.504,4426024.5534,TRUE
"86",86,0,"F1_","F1_86",0.054645962952143,"F4_56",1,285282.3658,4426024.6349,TRUE
"87",87,0,"F1_","F1_87",0.217867579726994,"F4_771",1,285286.9609,4426024.2523,TRUE
"88",88,0,"F1_","F1_88",0.236180133421871,"F4_773",1,285281.1358,4426024.1873,TRUE
"89",89,0,"F1_","F1_89",0.0513414324592261,"F4_746",1,285284.4019,4426024.0636,TRUE
"90",90,0,"F1_","F1_90",0.17951915127834,"F4_57",1,285279.9189,4426023.8522,TRUE
"91",91,0,"F1_","F1_91",0.183617807186676,"F4_756",1,285291.0171,4426023.8438,TRUE
"92",92,0,"F1_","F1_92",0.0633359286619751,"F4_58",1,285283.0326,4426023.5251,TRUE
"93",93,0,"F1_","F1_93",0.0734313482294284,"F4_47",1,285291.8144,4426023.1691,TRUE
"94",94,0,"F1_","F1_94",0.253458506079438,"F4_46",1,285290.499,4426023.2045,TRUE
"95",95,0,"F1_","F1_95",0.888550914094944,"F4_48",0,285287.1122,4426023.0981,TRUE
"96",96,0,"F1_","F1_96",0.300753393705541,"F4_59",1,285281.4948,4426023.2635,TRUE
"97",97,0,"F1_","F1_97",0.096592348593133,"F4_60",1,285284.7684,4426022.9781,TRUE
"98",98,0,"F1_","F1_98",0.145215167893783,"F4_48",1,285286.1084,4426022.8647,TRUE
"99",99,0,"F1_","F1_99",0.142261862181103,"F4_744",1,285280.4448,4426022.8736,TRUE
"100",100,0,"F1_","F1_100",0.0917373610106904,"F4_827",1,285292.1738,4426022.3944,TRUE
"101",101,0,"F1_","F1_101",0.239469762595202,"F4_747",1,285284.0084,4426022.4368,TRUE
"102",102,0,"F1_","F1_102",0.0102172000148697,"F4_745",1,285282.2682,4426022.312,TRUE
"103",103,0,"F1_","F1_103",0.0521016962845169,"F4_62",1,285285.3132,4426022.2588,TRUE
"104",104,0,"F1_","F1_104",0.224804969415989,"F4_61",1,285283.1843,4426022.1465,TRUE
"105",105,0,"F1_","F1_105",0.0967522636746198,"F4_755",1,285290.2298,4426022.0714,TRUE
"106",106,0,"F1_","F1_106",0.203008878923846,"F4_749",1,285286.7524,4426021.7822,TRUE
"107",107,0,"F1_","F1_107",0.157987542416778,"F4_750",1,285288.1042,4426021.8462,TRUE
"108",108,0,"F1_","F1_108",0.132926758479996,"F4_754",1,285291.0205,4426021.6445,TRUE
"109",109,0,"F1_","F1_109",0.197115980670113,"F4_742",1,285280.7531,4426021.8585,TRUE
"110",110,0,"F1_","F1_110",0.144172993265101,"F4_65",1,285281.6317,4426021.5173,TRUE
"111",111,0,"F1_","F1_111",0.094661249076676,"F4_49",1,285285.8042,4426021.2828,TRUE
"112",112,0,"F1_","F1_112",0.179264294310022,"F4_66",1,285279.3729,4426021.1913,TRUE
"113",113,0,"F1_","F1_113",0.806870630802376,"F4_50",0,285290.2175,4426021.2795,TRUE
"114",114,0,"F1_","F1_114",0.253100493644503,"F4_50",1,285289.3659,4426021.0783,TRUE
"115",115,0,"F1_","F1_115",0.0749354900445096,"F4_743",1,285280.4399,4426020.8067,TRUE
"116",116,0,"F1_","F1_116",0.207167300250111,"F4_748",1,285283.4524,4426020.7015,TRUE
"117",117,0,"F1_","F1_117",0.249252136464764,"F4_68",1,285275.0104,4426023.7908,TRUE
"118",118,0,"F1_","F1_118",0.233550509225715,"F4_69",1,285273.9202,4426023.7139,TRUE
"119",119,0,"F1_","F1_119",0.148933989833716,"F4_70",1,285275.8856,4426023.2308,TRUE
"120",120,0,"F1_","F1_120",0.256690490991757,"F4_739",1,285268.2363,4426022.8457,TRUE
"121",121,0,"F1_","F1_121",0.107364814343001,"F4_71",1,285272.437,4426022.8033,TRUE
"122",122,0,"F1_","F1_122",0.094770779614103,"F4_88",1,285266.3859,4426022.7818,TRUE
"123",123,0,"F1_","F1_123",0.249872585036998,"F4_72",1,285273.2121,4426022.7073,TRUE
"124",124,0,"F1_","F1_124",0.0783217649735163,"F4_73",1,285276.155,4426022.5176,TRUE
"125",125,0,"F1_","F1_125",0.138345145782055,"F4_74",1,285275.0968,4426022.0603,TRUE
"126",126,0,"F1_","F1_126",0.163205659491299,"F4_738",1,285267.4967,4426022.012,TRUE
"127",127,0,"F1_","F1_127",0.150543743300905,"F4_93",1,285265.4038,4426022.0537,TRUE
"128",128,0,"F1_","F1_128",0.212251902431842,"F4_740",1,285273.3253,4426021.8004,TRUE
"129",129,0,"F1_","F1_129",0.181943588014196,"F4_63",1,285277.0017,4426021.7824,TRUE
"130",130,0,"F1_","F1_130",0.208704849168902,"F4_75",1,285270.6105,4426021.8304,TRUE
"131",131,0,"F1_","F1_131",0.166691772160485,"F4_64",1,285278.4322,4426021.5105,TRUE
"132",132,0,"F1_","F1_132",0.346918159130385,"F4_76",1,285268.4027,4426021.3746,TRUE
"133",133,0,"F1_","F1_133",0.154583510390031,"F4_96",1,285267.206,4426021.1621,TRUE
"134",134,0,"F1_","F1_134",0.375178088040299,"F4_77",1,285274.4819,4426021.2822,TRUE
"135",135,0,"F1_","F1_135",0.130683673843083,"F4_78",1,285269.5234,4426021.0356,TRUE
"136",136,0,"F1_","F1_136",0.136360990450219,"F4_80",1,285273.5424,4426020.8102,TRUE
"137",137,0,"F1_","F1_137",0.303753411074159,"F4_97",1,285265.1233,4426020.8905,TRUE
"138",138,0,"F1_","F1_138",0.158723797746374,"F4_79",1,285272.29,4426020.9476,TRUE
"139",139,0,"F1_","F1_139",0.116311500396639,"F4_782",1,285258.1858,4426029.0531,TRUE
"140",140,0,"F1_","F1_140",0.204924065705986,"F4_98",1,285256.537,4426028.9179,TRUE
"141",141,0,"F1_","F1_141",0.0830133070073333,"F4_99",1,285257.2377,4426027.9325,TRUE
"142",142,0,"F1_","F1_142",0.568670963046254,"F4_100",0,285258.449,4426027.84,TRUE
"143",143,0,"F1_","F1_143",0.434063545339811,"F4_82",1,285259.6563,4426027.5914,TRUE
"144",144,0,"F1_","F1_144",0.136474752782488,"F4_778",1,285260.8215,4426027.4564,TRUE
"145",145,0,"F1_","F1_145",0.0894730400712995,"F4_100",1,285258.4426,4426027.207,TRUE
"146",146,0,"F1_","F1_146",0.166093747364949,"F4_776",1,285257.2411,4426026.9385,TRUE
"147",147,0,"F1_","F1_147",0.181498616680659,"F4_777",1,285259.3934,4426026.9342,TRUE
"148",148,0,"F1_","F1_148",0.0447705889009035,"F4_101",1,285255.7671,4426026.7802,TRUE
"149",149,0,"F1_","F1_149",0.228075067212811,"F4_102",1,285256.8491,4426026.1935,TRUE
"150",150,0,"F1_","F1_150",0.193420015710338,"F4_775",1,285257.8476,4426025.9444,TRUE
"151",151,0,"F1_","F1_151",0.200142979081925,"F4_774",1,285258.8095,4426025.8456,TRUE
"152",152,0,"F1_","F1_152",0.231873032026685,"F4_104",1,285255.2659,4426025.4764,TRUE
"153",153,0,"F1_","F1_153",0.078313359000355,"F4_105",1,285257.4335,4426024.9482,TRUE
"154",154,0,"F1_","F1_154",0.118677477509469,"F4_83",1,285259.4812,4426024.9527,TRUE
"155",155,0,"F1_","F1_155",0.197145801229316,"F4_106",1,285254.8135,4426024.6187,TRUE
"156",156,0,"F1_","F1_156",0.288754167812506,"F4_84",1,285260.1903,4426024.5503,TRUE
"157",157,0,"F1_","F1_157",0.118230717678171,"F4_85",1,285259.4059,4426023.875,TRUE
"158",158,0,"F1_","F1_158",0.185016621131324,"F4_86",1,285263.4097,4426023.7262,TRUE
"159",159,0,"F1_","F1_159",0.281760005099619,"F4_107",1,285257.4229,4426023.7654,TRUE
"160",160,0,"F1_","F1_160",0.0694192631184016,"F4_108",1,285255.2675,4426023.6342,TRUE
"161",161,0,"F1_","F1_161",0.183874817158799,"F4_731",1,285253.2471,4426023.5727,TRUE
"162",162,0,"F1_","F1_162",0.0794007297983991,"F4_734",1,285260.2231,4426023.0715,TRUE
"163",163,0,"F1_","F1_163",0.119647478469709,"F4_109",1,285256.9297,4426023.1331,TRUE
"164",164,0,"F1_","F1_164",0.116343092747354,"F4_732",1,285253.9357,4426023.0016,TRUE
"165",165,0,"F1_","F1_165",0.280581421009879,"F4_87",1,285264.4948,4426022.8417,TRUE
"166",166,0,"F1_","F1_166",0.175844053060814,"F4_111",1,285256.0601,4426022.6381,TRUE
"167",167,0,"F1_","F1_167",0.238677284156965,"F4_112",1,285252.5858,4426022.7031,TRUE
"168",168,0,"F1_","F1_168",0.231942456835102,"F4_110",1,285258.1083,4426022.6735,TRUE
"169",169,0,"F1_","F1_169",0.130565020167639,"F4_89",1,285262.4166,4426022.579,TRUE
"170",170,0,"F1_","F1_170",0.131729174326358,"F4_91",1,285261.1561,4426022.3569,TRUE
"171",171,0,"F1_","F1_171",0.152689669401512,"F4_92",1,285263.5817,4426022.3243,TRUE
"172",172,0,"F1_","F1_172",0.286935614845818,"F4_812",1,285259.6757,4426021.9931,TRUE
"173",173,0,"F1_","F1_173",0.146081951248791,"F4_114",1,285257.1822,4426021.8951,TRUE
"174",174,0,"F1_","F1_174",0.298737663508719,"F4_113",1,285253.7399,4426021.9477,TRUE
"175",175,0,"F1_","F1_175",0.198892612770899,"F4_115",1,285252.3971,4426021.7382,TRUE
"176",176,0,"F1_","F1_176",0.133124478452886,"F4_94",1,285264.2167,4426021.6645,TRUE
"177",177,0,"F1_","F1_177",0.12613103384564,"F4_116",1,285255.3147,4426021.4616,TRUE
"178",178,0,"F1_","F1_178",0.154286375209559,"F4_95",1,285262.9446,4426021.3903,TRUE
"179",179,0,"F1_","F1_179",0.223050385431892,"F4_118",1,285256.3789,4426021.1774,TRUE
"180",180,0,"F1_","F1_180",0.12922561580533,"F4_119",1,285258.119,4426021.0942,TRUE
"181",181,0,"F1_","F1_181",0.366530015098293,"F4_735",1,285260.4055,4426021.0729,TRUE
"182",182,0,"F1_","F1_182",0.177778307663295,"F4_733",1,285253.3669,4426021.1421,TRUE
"183",183,0,"F1_","F1_183",0.0460073635742029,"F4_120",1,285251.4418,4426020.6756,TRUE
"184",184,0,"F1_","F1_184",0.169503931270293,"F4_40",1,285245.4648,4426033.701,TRUE
"185",185,0,"F1_","F1_185",0.114911868948171,"F4_123",1,285246.4268,4426027.2836,TRUE
"186",186,0,"F1_","F1_186",0.121707414823615,"F4_780",1,285247.959,4426027.2141,TRUE
"187",187,0,"F1_","F1_187",0.157973656784731,"F4_781",1,285245.7291,4426026.6854,TRUE
"188",188,0,"F1_","F1_188",0.0953137384000947,"F4_124",1,285248.9291,4426026.6322,TRUE
"189",189,0,"F1_","F1_189",0.361917518994655,"F4_779",1,285247.0254,4426026.501,TRUE
"190",190,0,"F1_","F1_190",0.142183352026009,"F4_125",1,285246.3554,4426026.0701,TRUE
"191",191,0,"F1_","F1_191",0.240115733931713,"F4_126",1,285242.069,4426025.7273,TRUE
"192",192,0,"F1_","F1_192",0.232341181499461,"F4_127",1,285240.8012,4426025.4826,TRUE
"193",193,0,"F1_","F1_193",0.180242536572086,"F4_103",1,285249.6221,4426025.6576,TRUE
"194",194,0,"F1_","F1_194",0.304986085044241,"F4_128",1,285244.0933,4426025.4554,TRUE
"195",195,0,"F1_","F1_195",0.10893837235773,"F4_130",1,285246.8111,4426025.116,TRUE
"196",196,0,"F1_","F1_196",0.172060475073682,"F4_129",1,285245.2348,4426024.9749,TRUE
"197",197,0,"F1_","F1_197",0.204907731341419,"F4_131",1,285241.4669,4426025.0404,TRUE
"198",198,0,"F1_","F1_198",0.186199578753068,"F4_729",1,285249.2493,4426024.7948,TRUE
"199",199,0,"F1_","F1_199",0.274182629853492,"F4_132",1,285242.7723,4426024.6483,TRUE
"200",200,0,"F1_","F1_200",0.108593793026799,"F4_133",1,285243.1833,4426024.0944,TRUE
"201",201,0,"F1_","F1_201",0.248723893312404,"F4_134",1,285246.7538,4426023.7916,TRUE
"202",202,0,"F1_","F1_202",0.0557110119722465,"F4_135",1,285249.1077,4426023.6101,TRUE
"203",203,0,"F1_","F1_203",0.12595634191163,"F4_137",1,285247.6982,4426023.0655,TRUE
"204",204,0,"F1_","F1_204",0.102681262850234,"F4_138",1,285243.6648,4426022.9276,TRUE
"205",205,0,"F1_","F1_205",0.257800401217007,"F4_136",1,285241.79,4426023.0641,TRUE
"206",206,0,"F1_","F1_206",0.161600864765449,"F4_727",1,285242.7556,4426022.3152,TRUE
"207",207,0,"F1_","F1_207",0.111273791409366,"F4_725",1,285240.8861,4426022.2043,TRUE
"208",208,0,"F1_","F1_208",0.135946401835414,"F4_726",1,285241.834,4426021.7648,TRUE
"209",209,0,"F1_","F1_209",0.186504889308928,"F4_117",1,285249.906,4426021.6722,TRUE
"210",210,0,"F1_","F1_210",0.271377336140985,"F4_139",1,285244.7742,4426021.3458,TRUE
"211",211,0,"F1_","F1_211",1.73365941024651,"F4_722",0,285238.8193,4426021.3382,TRUE
"212",212,0,"F1_","F1_212",0.199982812955083,"F4_140",1,285243.189,4426021.1594,TRUE
"213",213,0,"F1_","F1_213",0.166588465974341,"F4_760",1,285293.8198,4426020.3958,TRUE
"214",214,0,"F1_","F1_214",0.352688852295465,"F4_759",1,285292.6457,4426020.1064,TRUE
"215",215,0,"F1_","F1_215",0.176004532623453,"F4_151",1,285292.9857,4426018.6912,TRUE
"216",216,0,"F1_","F1_216",0.0692557729252463,"F4_143",1,285294.5849,4426016.193,TRUE
"217",217,0,"F1_","F1_217",0.150233172508076,"F4_670",1,285293.7691,4426015.7986,TRUE
"218",218,0,"F1_","F1_218",0.224826530705679,"F4_165",1,285293.4541,4426014.2925,TRUE
"219",219,0,"F1_","F1_219",0.0556516256973546,"F4_667",1,285295.3867,4426014.2609,TRUE
"220",220,0,"F1_","F1_220",0.196031765757603,"F4_665",1,285297.1433,4426013.9045,TRUE
"221",221,0,"F1_","F1_221",0.105882570189989,"F4_144",1,285298.9464,4426013.5585,TRUE
"222",222,0,"F1_","F1_222",0.27032096584871,"F4_170",1,285293.5099,4426013.0454,TRUE
"223",223,0,"F1_","F1_223",0.191163283616681,"F4_146",1,285297.9881,4426012.6604,TRUE
"224",224,0,"F1_","F1_224",1.07472017006314,"F4_310",0,285299.3479,4426012.435,TRUE
"225",225,0,"F1_","F1_225",0.0480730517646044,"F4_147",1,285295.7889,4426012.5323,TRUE
"226",226,0,"F1_","F1_226",0.280429209305874,"F4_148",1,285296.2576,4426011.6301,TRUE
"227",227,0,"F1_","F1_227",0.113457794277446,"F4_176",1,285293.8555,4426011.652,TRUE
"228",228,0,"F1_","F1_228",0.0663214113095442,"F4_666",1,285297.4435,4426011.5365,TRUE
"229",229,0,"F1_","F1_229",0.131151796381017,"F4_310",1,285298.9524,4426011.3495,TRUE
"230",230,0,"F1_","F1_230",0.164466743606042,"F4_668",1,285295.3283,4426011.1085,TRUE
"231",231,0,"F1_","F1_231",0.103898595440017,"F4_311",1,285299.8525,4426011.0495,TRUE
"232",232,0,"F1_","F1_232",0.014439786839306,"F4_347",1,285292.9186,4426010.8923,TRUE
"233",233,0,"F1_","F1_233",0.274447765266811,"F4_313",1,285296.257,4426010.6501,TRUE
"234",234,0,"F1_","F1_234",0.0922547422688965,"F4_312",1,285298.2945,4426010.7117,TRUE
"235",235,0,"F1_","F1_235",0.280768300076557,"F4_314",1,285300.9404,4426010.5104,TRUE
"236",236,0,"F1_","F1_236",0.0400977981945858,"F4_315",1,285297.2275,4426010.2963,TRUE
"237",237,0,"F1_","F1_237",0.190068556833083,"F4_348",1,285294.08,4426010.2873,TRUE
"238",238,0,"F1_","F1_238",0.146492892957445,"F4_316",1,285300.1775,4426010.0679,TRUE
"239",239,0,"F1_","F1_239",0.167922376251364,"F4_317",1,285296.4166,4426009.1964,TRUE
"240",240,0,"F1_","F1_240",0.0716195921397772,"F4_354",1,285293.2155,4426009.3479,TRUE
"241",241,0,"F1_","F1_241",0.140381871572171,"F4_355",1,285294.1855,4426009.1622,TRUE
"242",242,0,"F1_","F1_242",0.0919469615649129,"F4_318",1,285298.0082,4426009.0865,TRUE
"243",243,0,"F1_","F1_243",0.187989911881634,"F4_319",0,285300.3937,4426009.1278,TRUE
"244",244,0,"F1_","F1_244",0.138329210904495,"F4_321",1,285295.4046,4426008.432,TRUE
"245",245,0,"F1_","F1_245",0.173276448550534,"F4_358",1,285293.8346,4426008.0165,TRUE
"246",246,0,"F1_","F1_246",0.205030732924255,"F4_323",1,285295.9108,4426007.7757,TRUE
"247",247,0,"F1_","F1_247",0.141864678220007,"F4_325",1,285297.8893,4426007.5737,TRUE
"248",248,0,"F1_","F1_248",0.077544746448372,"F4_327",1,285294.9103,4426007.4959,TRUE
"249",249,0,"F1_","F1_249",0.240382956881135,"F4_324",1,285301.5624,4426007.6495,TRUE
"250",250,0,"F1_","F1_250",0.0757966562209595,"F4_326",1,285297.0589,4426007.4558,TRUE
"251",251,0,"F1_","F1_251",0.191848817962838,"F4_328",1,285299.9792,4426007.1926,TRUE
"252",252,0,"F1_","F1_252",0.150180886934785,"F4_329",1,285301.6137,4426006.7229,TRUE
"253",253,0,"F1_","F1_253",0.0654367973513403,"F4_52",1,285291.8293,4426020.5883,TRUE
"254",254,0,"F1_","F1_254",0.274200977462269,"F4_51",1,285286.6701,4426020.5723,TRUE
"255",255,0,"F1_","F1_255",0.18251660873186,"F4_67",1,285281.8501,4426020.5568,TRUE
"256",256,0,"F1_","F1_256",0.0912670151484558,"F4_752",1,285289.6386,4426020.2819,TRUE
"257",257,0,"F1_","F1_257",0.138355044632349,"F4_178",1,285284.6798,4426020.0782,TRUE
"258",258,0,"F1_","F1_258",0.0787241714444269,"F4_149",1,285285.5811,4426019.9503,TRUE
"259",259,0,"F1_","F1_259",0.325864587409392,"F4_177",1,285282.2976,4426019.9408,TRUE
"260",260,0,"F1_","F1_260",0.123809229540797,"F4_150",1,285291.7777,4426019.6694,TRUE
"261",261,0,"F1_","F1_261",0.0886964121128219,"F4_180",1,285283.7363,4426019.4905,TRUE
"262",262,0,"F1_","F1_262",0.0734412910837575,"F4_181",1,285281.7439,4426019.2017,TRUE
"263",263,0,"F1_","F1_263",0.0767890602783636,"F4_686",1,285280.4252,4426019.1744,TRUE
"264",264,0,"F1_","F1_264",0.113579708267819,"F4_678",1,285289.1801,4426019.2461,TRUE
"265",265,0,"F1_","F1_265",0.140023305095122,"F4_679",1,285285.4919,4426018.617,TRUE
"266",266,0,"F1_","F1_266",0.135984037094248,"F4_183",1,285282.5859,4426018.582,TRUE
"267",267,0,"F1_","F1_267",0.171754847950487,"F4_152",1,285292.054,4426018.3168,TRUE
"268",268,0,"F1_","F1_268",0.0890180687440459,"F4_184",1,285281.5914,4426018.1439,TRUE
"269",269,0,"F1_","F1_269",0.258317312543435,"F4_153",1,285286.8443,4426018.1895,TRUE
"270",270,0,"F1_","F1_270",0.112047334411359,"F4_154",1,285288.2166,4426018.0625,TRUE
"271",271,0,"F1_","F1_271",0.219997758142675,"F4_185",1,285284.3147,4426017.7793,TRUE
"272",272,0,"F1_","F1_272",0.351321164840088,"F4_155",1,285291.1503,4426017.6932,TRUE
"273",273,0,"F1_","F1_273",0.262881030994253,"F4_683",1,285279.9406,4426017.7291,TRUE
"274",274,0,"F1_","F1_274",0.246621036871283,"F4_676",1,285290.2161,4426017.5093,TRUE
"275",275,0,"F1_","F1_275",0.163430587833891,"F4_186",1,285282.1244,4426017.2889,TRUE
"276",276,0,"F1_","F1_276",0.263302492832183,"F4_675",1,285292.0855,4426016.9961,TRUE
"277",277,0,"F1_","F1_277",0.237360436210099,"F4_684",1,285279.2232,4426016.9768,TRUE
"278",278,0,"F1_","F1_278",0.0715869995756497,"F4_158",1,285288.9664,4426016.9727,TRUE
"279",279,0,"F1_","F1_279",0.219301638036901,"F4_680",1,285285.8051,4426016.9236,TRUE
"280",280,0,"F1_","F1_280",0.244435252634144,"F4_159",1,285286.7923,4426016.4962,TRUE
"281",281,0,"F1_","F1_281",0.0796625627958116,"F4_160",1,285288.3296,4426016.277,TRUE
"282",282,0,"F1_","F1_282",0.100768581142208,"F4_161",1,285291.7561,4426016.0183,TRUE
"283",283,0,"F1_","F1_283",0.113345137838106,"F4_685",1,285279.5491,4426015.8107,TRUE
"284",284,0,"F1_","F1_284",0.261146380447546,"F4_162",1,285289.669,4426015.5065,TRUE
"285",285,0,"F1_","F1_285",0.212000400065336,"F4_163",1,285285.5076,4426015.2973,TRUE
"286",286,0,"F1_","F1_286",0.187049574011984,"F4_671",1,285291.4195,4426015.072,TRUE
"287",287,0,"F1_","F1_287",0.164841907867648,"F4_164",1,285288.7787,4426014.8796,TRUE
"288",288,0,"F1_","F1_288",0.169439754460072,"F4_681",1,285285.8155,4426014.5701,TRUE
"289",289,0,"F1_","F1_289",0.14970252609632,"F4_673",1,285290.262,4426014.3105,TRUE
"290",290,0,"F1_","F1_290",0.246714231150477,"F4_166",1,285291.8702,4426013.9315,TRUE
"291",291,0,"F1_","F1_291",0.221176680929255,"F4_167",1,285292.4499,4426013.1906,TRUE
"292",292,0,"F1_","F1_292",0.159336536889648,"F4_168",1,285289.2498,4426013.2804,TRUE
"293",293,0,"F1_","F1_293",0.180223546388128,"F4_672",1,285290.3838,4426012.9894,TRUE
"294",294,0,"F1_","F1_294",0.12644214275912,"F4_169",1,285288.4172,4426012.9748,TRUE
"295",295,0,"F1_","F1_295",0.243583745848142,"F4_171",1,285291.3892,4426012.6903,TRUE
"296",296,0,"F1_","F1_296",0.0772676203869242,"F4_172",1,285289.5384,4426012.2487,TRUE
"297",297,0,"F1_","F1_297",0.119712448503882,"F4_189",1,285284.381,4426012.3384,TRUE
"298",298,0,"F1_","F1_298",0.223440785673221,"F4_173",1,285285.4999,4426011.9756,TRUE
"299",299,0,"F1_","F1_299",0.132599240481001,"F4_174",1,285288.419,4426011.9216,TRUE
"300",300,0,"F1_","F1_300",0.292769934717207,"F4_682",1,285286.3578,4426011.9379,TRUE
"301",301,0,"F1_","F1_301",0.233785309406274,"F4_175",1,285291.037,4426011.6182,TRUE
"302",302,0,"F1_","F1_302",0.113962122306294,"F4_190",1,285281.2678,4426011.5794,TRUE
"303",303,0,"F1_","F1_303",0.176555629986626,"F4_674",1,285290.0438,4426011.5415,TRUE
"304",304,0,"F1_","F1_304",0.19513602358,"F4_377",1,285283.5313,4426011.1794,TRUE
"305",305,0,"F1_","F1_305",0.202261018490367,"F4_378",1,285279.6512,4426011.1481,TRUE
"306",306,0,"F1_","F1_306",0.26188119368751,"F4_345",1,285291.1076,4426010.9399,TRUE
"307",307,0,"F1_","F1_307",0.0308558057498093,"F4_346",1,285286.4606,4426010.8866,TRUE
"308",308,0,"F1_","F1_308",0.291295214510428,"F4_379",1,285282.2078,4426010.7722,TRUE
"309",309,0,"F1_","F1_309",0.0280063986967564,"F4_380",1,285280.5907,4426010.6195,TRUE
"310",310,0,"F1_","F1_310",0.145812471633911,"F4_659",1,285287.9339,4426010.3576,TRUE
"311",311,0,"F1_","F1_311",0.187180873156781,"F4_661",1,285292.2091,4426010.3437,TRUE
"312",312,0,"F1_","F1_312",0.0863755708037013,"F4_381",1,285283.1843,4426010.3122,TRUE
"313",313,0,"F1_","F1_313",0.193872294073395,"F4_383",1,285279.5,4426009.961,TRUE
"314",314,0,"F1_","F1_314",0.137549797686373,"F4_349",1,285286.9283,4426010.0195,TRUE
"315",315,0,"F1_","F1_315",0.279416332796046,"F4_350",1,285290.383,4426009.9076,TRUE
"316",316,0,"F1_","F1_316",0.126716478276383,"F4_353",1,285289.2885,4426009.7906,TRUE
"317",317,0,"F1_","F1_317",0.205734446744319,"F4_351",1,285285.9262,4426009.6703,TRUE
"318",318,0,"F1_","F1_318",0.272311625805559,"F4_658",1,285283.91,4426009.59,TRUE
"319",319,0,"F1_","F1_319",0.0392927048279442,"F4_352",1,285291.4054,4426009.5596,TRUE
"320",320,0,"F1_","F1_320",0.186883369167519,"F4_384",1,285281.0057,4426009.487,TRUE
"321",321,0,"F1_","F1_321",0.140477163264954,"F4_657",1,285282.1506,4426009.4528,TRUE
"322",322,0,"F1_","F1_322",0.18573562333613,"F4_802",1,285290.3303,4426008.9845,TRUE
"323",323,0,"F1_","F1_323",0.154163120384068,"F4_385",1,285284.8627,4426009.0335,TRUE
"324",324,0,"F1_","F1_324",0.0871460515244494,"F4_660",1,285288.701,4426008.9066,TRUE
"325",325,0,"F1_","F1_325",0.131306864138719,"F4_356",1,285287.4777,4426008.6951,TRUE
"326",326,0,"F1_","F1_326",0.239220826997811,"F4_357",1,285289.5215,4426008.5652,TRUE
"327",327,0,"F1_","F1_327",0.169945889871553,"F4_387",1,285281.3807,4426008.198,TRUE
"328",328,0,"F1_","F1_328",0.191778216910015,"F4_359",1,285290.4238,4426008.0701,TRUE
"329",329,0,"F1_","F1_329",0.227665249334663,"F4_390",1,285282.7312,4426007.8732,TRUE
"330",330,0,"F1_","F1_330",0.163280657216409,"F4_389",1,285284.7047,4426007.7053,TRUE
"331",331,0,"F1_","F1_331",0.122175836446615,"F4_391",1,285280.6448,4426007.6542,TRUE
"332",332,0,"F1_","F1_332",0.149446013209345,"F4_360",1,285291.2918,4426007.4903,TRUE
"333",333,0,"F1_","F1_333",0.131295938185815,"F4_636",1,285283.8497,4426007.0586,TRUE
"334",334,0,"F1_","F1_334",0.214155288240288,"F4_392",1,285280.3304,4426006.8986,TRUE
"335",335,0,"F1_","F1_335",0.299510512079383,"F4_741",1,285274.8954,4426020.1732,TRUE
"336",336,0,"F1_","F1_336",0.312315494954832,"F4_81",1,285268.0294,4426020.3342,TRUE
"337",337,0,"F1_","F1_337",0.0694089366008668,"F4_191",1,285272.5066,4426019.7846,TRUE
"338",338,0,"F1_","F1_338",0.16977367779721,"F4_179",1,285276.2819,4426019.745,TRUE
"339",339,0,"F1_","F1_339",0.302742801601834,"F4_699",1,285265.8141,4426019.7622,TRUE
"340",340,0,"F1_","F1_340",0.0962358542383082,"F4_192",1,285271.2293,4426019.4936,TRUE
"341",341,0,"F1_","F1_341",0.178623409891246,"F4_693",1,285268.1491,4426019.4531,TRUE
"342",342,0,"F1_","F1_342",0.817908871103777,"F4_213",0,285264.6263,4426019.3162,TRUE
"343",343,0,"F1_","F1_343",0.222982546129602,"F4_193",1,285274.6492,4426019.0271,TRUE
"344",344,0,"F1_","F1_344",0.0310999880992916,"F4_194",1,285270.6573,4426018.8917,TRUE
"345",345,0,"F1_","F1_345",0.313936048994617,"F4_182",1,285277.0215,4426018.728,TRUE
"346",346,0,"F1_","F1_346",0.1456089576958,"F4_195",1,285272.1822,4426018.8755,TRUE
"347",347,0,"F1_","F1_347",0.256405605368679,"F4_196",1,285267.7542,4426018.4418,TRUE
"348",348,0,"F1_","F1_348",0.151400403312523,"F4_217",1,285265.2411,4426018.3251,TRUE
"349",349,0,"F1_","F1_349",0.105301197967717,"F4_198",1,285268.3587,4426017.795,TRUE
"350",350,0,"F1_","F1_350",0.168598372134298,"F4_197",1,285269.2403,4426017.6257,TRUE
"351",351,0,"F1_","F1_351",0.140728890147948,"F4_218",1,285265.181,4426017.3578,TRUE
"352",352,0,"F1_","F1_352",0.245575053088208,"F4_199",1,285270.7132,4426016.3597,TRUE
"353",353,0,"F1_","F1_353",0.217778732638158,"F4_687",1,285267.7402,4426016.1518,TRUE
"354",354,0,"F1_","F1_354",0.171232271789491,"F4_222",1,285265.8228,4426016.3279,TRUE
"355",355,0,"F1_","F1_355",0.0505641175617878,"F4_200",1,285269.8373,4426016.0329,TRUE
"356",356,0,"F1_","F1_356",0.262726169306859,"F4_689",1,285268.8736,4426015.7695,TRUE
"357",357,0,"F1_","F1_357",0.19449953283155,"F4_201",1,285271.5409,4426015.5636,TRUE
"358",358,0,"F1_","F1_358",0.081254663590019,"F4_688",1,285266.9777,4426015.4314,TRUE
"359",359,0,"F1_","F1_359",0.105890040568825,"F4_690",1,285265.6172,4426014.9904,TRUE
"360",360,0,"F1_","F1_360",0.154334995833367,"F4_202",1,285269.3605,4426014.8523,TRUE
"361",361,0,"F1_","F1_361",0.321888114626344,"F4_188",1,285277.481,4426014.7271,TRUE
"362",362,0,"F1_","F1_362",0.121252740797851,"F4_204",1,285271.45,4426014.4647,TRUE
"363",363,0,"F1_","F1_363",0.182886837125976,"F4_203",1,285267.9032,4426014.6713,TRUE
"364",364,0,"F1_","F1_364",0.151448693542992,"F4_205",1,285270.249,4426014.1706,TRUE
"365",365,0,"F1_","F1_365",0.284372396148889,"F4_228",1,285266.5234,4426013.7665,TRUE
"366",366,0,"F1_","F1_366",0.0672764778479989,"F4_230",1,285265.514,4426013.4776,TRUE
"367",367,0,"F1_","F1_367",0.149676377300343,"F4_206",1,285269.5292,4426012.576,TRUE
"368",368,0,"F1_","F1_368",0.172130420134406,"F4_233",1,285265.5225,4426012.1857,TRUE
"369",369,0,"F1_","F1_369",0.154638067541766,"F4_235",1,285264.8328,4426011.8144,TRUE
"370",370,0,"F1_","F1_370",0.158914927582608,"F4_209",1,285269.5172,4426011.7102,TRUE
"371",371,0,"F1_","F1_371",0.2312006918063,"F4_698",1,285266.267,4426011.6575,TRUE
"372",372,0,"F1_","F1_372",0.105736677865847,"F4_210",1,285271.7703,4426011.4746,TRUE
"373",373,0,"F1_","F1_373",0.188855217805608,"F4_399",1,285270.362,4426011.2314,TRUE
"374",374,0,"F1_","F1_374",0.172034892963958,"F4_404",1,285267.195,4426011.2017,TRUE
"375",375,0,"F1_","F1_375",1.26468762170018,"F4_404",0,285268.5907,4426011.0154,TRUE
"376",376,0,"F1_","F1_376",0.0546591971972831,"F4_697",1,285264.633,4426010.6185,TRUE
"377",377,0,"F1_","F1_377",0.113644480659247,"F4_652",1,285273.6899,4426010.4314,TRUE
"378",378,0,"F1_","F1_378",0.233561379474145,"F4_382",1,285277.8479,4426010.2444,TRUE
"379",379,0,"F1_","F1_379",0.171993198989361,"F4_400",1,285269.7668,4426010.1471,TRUE
"380",380,0,"F1_","F1_380",0.228706258787731,"F4_695",1,285266.3402,4426010.0316,TRUE
"381",381,0,"F1_","F1_381",0.219996031014467,"F4_651",1,285272.8504,4426010.1525,TRUE
"382",382,0,"F1_","F1_382",0.302454156766796,"F4_694",1,285270.8011,4426010.151,TRUE
"383",383,0,"F1_","F1_383",0.427837608803213,"F4_650",1,285271.8646,4426009.2521,TRUE
"384",384,0,"F1_","F1_384",0.114370643525205,"F4_653",1,285270.8079,4426009.1151,TRUE
"385",385,0,"F1_","F1_385",0.247058383463809,"F4_696",1,285265.8663,4426008.7987,TRUE
"386",386,0,"F1_","F1_386",0.150898086934778,"F4_649",1,285272.4739,4426008.8854,TRUE
"387",387,0,"F1_","F1_387",0.191364833120427,"F4_386",1,285276.2261,4426008.4934,TRUE
"388",388,0,"F1_","F1_388",0.0396122319680948,"F4_648",1,285271.7276,4426008.3004,TRUE
"389",389,0,"F1_","F1_389",0.216274824043882,"F4_654",1,285268.3811,4426008.3592,TRUE
"390",390,0,"F1_","F1_390",0.106866337620804,"F4_643",1,285274.6978,4426008.4243,TRUE
"391",391,0,"F1_","F1_391",0.133620118682044,"F4_655",1,285267.5371,4426007.8347,TRUE
"392",392,0,"F1_","F1_392",0.116340577776982,"F4_641",1,285275.5084,4426007.8145,TRUE
"393",393,0,"F1_","F1_393",0.185407826301714,"F4_388",1,285278.2308,4426007.7553,TRUE
"394",394,0,"F1_","F1_394",0.28838794699636,"F4_642",1,285277.0478,4426007.553,TRUE
"395",395,0,"F1_","F1_395",0.0897097850532764,"F4_644",1,285273.7903,4426007.5181,TRUE
"396",396,0,"F1_","F1_396",0.128927678978752,"F4_656",1,285267.0468,4426007.2289,TRUE
"397",397,0,"F1_","F1_397",0.232550062686942,"F4_647",1,285271.3362,4426007.0859,TRUE
"398",398,0,"F1_","F1_398",0.23143551876389,"F4_640",1,285275.9632,4426006.9843,TRUE
"399",399,0,"F1_","F1_399",0.139083295975824,"F4_645",1,285274.9251,4426006.8035,TRUE
"400",400,0,"F1_","F1_400",0.17922271528505,"F4_639",1,285277.376,4426006.6109,TRUE
"401",401,0,"F1_","F1_401",0.188531513122836,"F4_646",1,285272.9056,4426006.6747,TRUE
"402",402,0,"F1_","F1_402",0.202028154001581,"F4_736",1,285261.2573,4426020.4669,TRUE
"403",403,0,"F1_","F1_403",0.224823039248029,"F4_121",1,285254.345,4426020.4818,TRUE
"404",404,0,"F1_","F1_404",0.258053582902076,"F4_122",1,285255.3386,4426020.3432,TRUE
"405",405,0,"F1_","F1_405",0.262986248474189,"F4_737",1,285259.217,4426020.2251,TRUE
"406",406,0,"F1_","F1_406",0.379174711359035,"F4_212",1,285262.5449,4426020.1033,TRUE
"407",407,0,"F1_","F1_407",0.0960757360770065,"F4_238",1,285253.3259,4426019.8134,TRUE
"408",408,0,"F1_","F1_408",0.230599029332417,"F4_700",1,285260.9994,4426019.6612,TRUE
"409",409,0,"F1_","F1_409",0.063902180599819,"F4_239",1,285256.8783,4426019.17,TRUE
"410",410,0,"F1_","F1_410",0.161973980350129,"F4_692",1,285259.6402,4426018.9866,TRUE
"411",411,0,"F1_","F1_411",0.276228786104174,"F4_213",1,285263.6351,4426018.8549,TRUE
"412",412,0,"F1_","F1_412",0.229130856827475,"F4_214",1,285261.7389,4426018.8367,TRUE
"413",413,0,"F1_","F1_413",0.190189666294876,"F4_705",1,285251.9394,4426018.6869,TRUE
"414",414,0,"F1_","F1_414",0.137285380622052,"F4_215",1,285258.5347,4426018.7652,TRUE
"415",415,0,"F1_","F1_415",0.170516413260258,"F4_241",1,285250.9855,4426018.4616,TRUE
"416",416,0,"F1_","F1_416",0.215391796234091,"F4_216",1,285260.7694,4426018.2089,TRUE
"417",417,0,"F1_","F1_417",0.276717162020378,"F4_242",1,285254.0929,4426018.0305,TRUE
"418",418,0,"F1_","F1_418",0.126037305439333,"F4_825",1,285261.7207,4426017.5229,TRUE
"419",419,0,"F1_","F1_419",0.169364182013606,"F4_243",1,285250.9831,4426017.5158,TRUE
"420",420,0,"F1_","F1_420",0.0391609622589635,"F4_245",1,285257.951,4426017.163,TRUE
"421",421,0,"F1_","F1_421",0.110492261949175,"F4_220",1,285260.2241,4426016.8076,TRUE
"422",422,0,"F1_","F1_422",0.0553635762574539,"F4_247",1,285256.4732,4426016.7996,TRUE
"423",423,0,"F1_","F1_423",0.0501354006761107,"F4_246",1,285253.7262,4426016.7685,TRUE
"424",424,0,"F1_","F1_424",0.293052599639598,"F4_248",1,285251.9127,4426016.5607,TRUE
"425",425,0,"F1_","F1_425",0.111194149365478,"F4_221",1,285262.2103,4426016.5617,TRUE
"426",426,0,"F1_","F1_426",0.292489095424937,"F4_250",1,285257.4114,4426015.9068,TRUE
"427",427,0,"F1_","F1_427",0.128186487744192,"F4_691",1,285258.6087,4426015.9183,TRUE
"428",428,0,"F1_","F1_428",0.237743663500972,"F4_701",1,285255.0216,4426016.0454,TRUE
"429",429,0,"F1_","F1_429",0.183590508350221,"F4_251",1,285252.3116,4426015.7212,TRUE
"430",430,0,"F1_","F1_430",0.131831856018533,"F4_252",1,285250.7029,4426015.5298,TRUE
"431",431,0,"F1_","F1_431",0.19697425817753,"F4_224",1,285263.3517,4426015.6015,TRUE
"432",432,0,"F1_","F1_432",0.273486266225719,"F4_223",1,285259.4587,4426015.4581,TRUE
"433",433,0,"F1_","F1_433",0.225074851826775,"F4_225",1,285261.3451,4426015.2849,TRUE
"434",434,0,"F1_","F1_434",0.0511684165573994,"F4_253",1,285255.6735,4426015.211,TRUE
"435",435,0,"F1_","F1_435",0.241573423376818,"F4_826",1,285253.9531,4426015.1232,TRUE
"436",436,0,"F1_","F1_436",0.194047524476577,"F4_257",1,285257.9682,4426014.7179,TRUE
"437",437,0,"F1_","F1_437",0.117542438143697,"F4_255",1,285251.5741,4426014.9685,TRUE
"438",438,0,"F1_","F1_438",0.207800150982931,"F4_226",1,285264.1871,4426014.7189,TRUE
"439",439,0,"F1_","F1_439",0.266366400198897,"F4_256",1,285253.0583,4426014.6032,TRUE
"440",440,0,"F1_","F1_440",0.235957732663144,"F4_258",1,285254.8235,4426014.2759,TRUE
"441",441,0,"F1_","F1_441",0.133708340736306,"F4_227",1,285263.4872,4426014.097,TRUE
"442",442,0,"F1_","F1_442",0.102217836166192,"F4_259",1,285251.8998,4426013.883,TRUE
"443",443,0,"F1_","F1_443",0.334747558781805,"F4_229",1,285258.442,4426013.6687,TRUE
"444",444,0,"F1_","F1_444",0.0488740544479036,"F4_261",1,285256.6395,4426013.6114,TRUE
"445",445,0,"F1_","F1_445",0.235992559275667,"F4_260",1,285254.7744,4426013.6331,TRUE
"446",446,0,"F1_","F1_446",0.324944407122319,"F4_262",1,285257.5067,4426013.5027,TRUE
"447",447,0,"F1_","F1_447",0.0709598614130411,"F4_231",1,285262.9609,4426013.5127,TRUE
"448",448,0,"F1_","F1_448",0.137530663683061,"F4_702",1,285250.9191,4426013.3958,TRUE
"449",449,0,"F1_","F1_449",0.146758273866499,"F4_232",1,285264.4465,4426013.2442,TRUE
"450",450,0,"F1_","F1_450",0.0705717909862992,"F4_263",1,285256.6592,4426012.631,TRUE
"451",451,0,"F1_","F1_451",1.05391942235316,"F4_262",0,285257.6513,4426012.4579,TRUE
"452",452,0,"F1_","F1_452",0.0910539593838409,"F4_264",1,285254.7247,4426012.5205,TRUE
"453",453,0,"F1_","F1_453",0.176345895367022,"F4_234",1,285259.6756,4426012.2259,TRUE
"454",454,0,"F1_","F1_454",0.080321641180675,"F4_236",1,285264.0758,4426011.8834,TRUE
"455",455,0,"F1_","F1_455",0.176472499506212,"F4_403",1,285260.3703,4426011.2572,TRUE
"456",456,0,"F1_","F1_456",0.0462003074632673,"F4_413",1,285257.5141,4426011.3107,TRUE
"457",457,0,"F1_","F1_457",0.296468106601137,"F4_405",1,285263.0879,4426010.7569,TRUE
"458",458,0,"F1_","F1_458",1.04616643806988,"F4_414",0,285258.9156,4426010.4302,TRUE
"459",459,0,"F1_","F1_459",0.146892566198757,"F4_406",1,285259.9278,4426010.1173,TRUE
"460",460,0,"F1_","F1_460",0.0417998198578486,"F4_414",1,285258.3415,4426009.5061,TRUE
"461",461,0,"F1_","F1_461",0.252897437151824,"F4_407",1,285264.1103,4426009.3967,TRUE
"462",462,0,"F1_","F1_462",0.242071950172093,"F4_409",1,285262.912,4426009.2382,TRUE
"463",463,0,"F1_","F1_463",0.203564483853291,"F4_408",1,285260.7139,4426009.2573,TRUE
"464",464,0,"F1_","F1_464",0.156479444298779,"F4_410",1,285258.6871,4426008.8353,TRUE
"465",465,0,"F1_","F1_465",0.168927117880895,"F4_415",1,285257.8502,4426008.5287,TRUE
"466",466,0,"F1_","F1_466",0.255713346835714,"F4_411",1,285260.7435,4426008.0753,TRUE
"467",467,0,"F1_","F1_467",0.247617496562814,"F4_412",1,285259.4644,4426008.0213,TRUE
"468",468,0,"F1_","F1_468",0.190765448115887,"F4_807",1,285261.678,4426007.4242,TRUE
"469",469,0,"F1_","F1_469",0.291356268745381,"F4_803",1,285264.4331,4426006.9729,TRUE
"470",470,0,"F1_","F1_470",1.00925258336954,"F4_714",0,285247.4984,4426020.6283,TRUE
"471",471,0,"F1_","F1_471",0.170246873972068,"F4_265",1,285248.858,4426020.5121,TRUE
"472",472,0,"F1_","F1_472",0.235155511481859,"F4_730",1,285249.8348,4426020.4097,TRUE
"473",473,0,"F1_","F1_473",0.16074643617445,"F4_141",1,285246.2269,4426020.2809,TRUE
"474",474,0,"F1_","F1_474",0.0913120337989266,"F4_142",1,285244.1705,4426020.2815,TRUE
"475",475,0,"F1_","F1_475",0.0264436676505721,"F4_724",1,285242.2212,4426020.2649,TRUE
"476",476,0,"F1_","F1_476",0.141845178889705,"F4_722",1,285240.0949,4426020.2619,TRUE
"477",477,0,"F1_","F1_477",0.0885564913372407,"F4_723",1,285241.1872,4426019.807,TRUE
"478",478,0,"F1_","F1_478",0.08744374134681,"F4_266",1,285245.3704,4426019.7738,TRUE
"479",479,0,"F1_","F1_479",0.0722122090153384,"F4_714",1,285247.4252,4426019.5584,TRUE
"480",480,0,"F1_","F1_480",0.0974254702159674,"F4_267",1,285243.725,4426019.4401,TRUE
"481",481,0,"F1_","F1_481",0.0498210388144412,"F4_268",1,285248.8775,4426019.2481,TRUE
"482",482,0,"F1_","F1_482",0.0760169616951591,"F4_704",1,285250.095,4426019.0525,TRUE
"483",483,0,"F1_","F1_483",0.131079255304677,"F4_715",1,285246.3065,4426019.0402,TRUE
"484",484,0,"F1_","F1_484",0.106423471341533,"F4_287",1,285239.0348,4426018.9326,TRUE
"485",485,0,"F1_","F1_485",0.0633981463289781,"F4_269",1,285242.6325,4426018.9137,TRUE
"486",486,0,"F1_","F1_486",0.105650315380222,"F4_713",1,285244.4069,4426018.6444,TRUE
"487",487,0,"F1_","F1_487",0.105295326546128,"F4_270",1,285245.5039,4426018.5785,TRUE
"488",488,0,"F1_","F1_488",0.0625514692929391,"F4_271",1,285248.0066,4426018.2182,TRUE
"489",489,0,"F1_","F1_489",0.0826232367960627,"F4_272",1,285243.513,4426018.0512,TRUE
"490",490,0,"F1_","F1_490",0.051932070893424,"F4_288",1,285238.4992,4426017.8795,TRUE
"491",491,0,"F1_","F1_491",0.099037111696085,"F4_273",1,285246.424,4426017.7234,TRUE
"492",492,0,"F1_","F1_492",0.040863010781904,"F4_274",1,285249.1619,4426017.6479,TRUE
"493",493,0,"F1_","F1_493",0.141722732069077,"F4_720",1,285239.5976,4426017.5204,TRUE
"494",494,0,"F1_","F1_494",0.0546308486356479,"F4_710",1,285241.8276,4426017.4241,TRUE
"495",495,0,"F1_","F1_495",0.170966802123044,"F4_276",1,285247.7446,4426017.1433,TRUE
"496",496,0,"F1_","F1_496",0.0742581581664508,"F4_275",1,285240.6154,4426017.2212,TRUE
"497",497,0,"F1_","F1_497",0.272614654692471,"F4_706",1,285245.3302,4426016.8564,TRUE
"498",498,0,"F1_","F1_498",0.278051082222818,"F4_709",1,285243.2847,4426016.884,TRUE
"499",499,0,"F1_","F1_499",0.128874316550674,"F4_249",1,285250.1134,4426016.4644,TRUE
"500",500,0,"F1_","F1_500",0.148857012144266,"F4_277",1,285248.8836,4426016.5381,TRUE
"501",501,0,"F1_","F1_501",0.137826115935094,"F4_711",1,285241.8574,4426016.334,TRUE
"502",502,0,"F1_","F1_502",0.283995087169908,"F4_717",1,285237.0926,4426015.7542,TRUE
"503",503,0,"F1_","F1_503",0.121094098258337,"F4_707",1,285245.6714,4426015.8183,TRUE
"504",504,0,"F1_","F1_504",0.19872591141378,"F4_278",1,285248.3157,4426015.5174,TRUE
"505",505,0,"F1_","F1_505",0.141642566846762,"F4_712",1,285242.4197,4426015.5442,TRUE
"506",506,0,"F1_","F1_506",0.11211955538829,"F4_279",1,285241.3779,4426015.4516,TRUE
"507",507,0,"F1_","F1_507",0.124144726262318,"F4_719",1,285238.4047,4426015.2756,TRUE
"508",508,0,"F1_","F1_508",0.187375847055313,"F4_254",1,285249.5318,4426015.0487,TRUE
"509",509,0,"F1_","F1_509",0.150995359640063,"F4_703",1,285248.9722,4426014.707,TRUE
"510",510,0,"F1_","F1_510",0.0927326116013666,"F4_280",1,285247.57,4426014.6355,TRUE
"511",511,0,"F1_","F1_511",0.285096625185237,"F4_708",1,285246.0005,4426014.6432,TRUE
"512",512,0,"F1_","F1_512",0.0788476522839696,"F4_281",1,285244.9797,4426014.5053,TRUE
"513",513,0,"F1_","F1_513",0.235872148072117,"F4_718",1,285237.5864,4426014.4745,TRUE
"514",514,0,"F1_","F1_514",0.0555862896329397,"F4_289",1,285240.562,4426014.3962,TRUE
"515",515,0,"F1_","F1_515",0.0666650245805913,"F4_283",1,285243.9495,4426014.3463,TRUE
"516",516,0,"F1_","F1_516",0.240442553994143,"F4_282",1,285242.0791,4426014.4332,TRUE
"517",517,0,"F1_","F1_517",0.15548213029129,"F4_290",1,285238.7874,4426013.6272,TRUE
"518",518,0,"F1_","F1_518",1.41001802122173,"F4_280",0,285246.7869,4426013.57,TRUE
"519",519,0,"F1_","F1_519",0.200744732912334,"F4_285",1,285244.3585,4426013.3769,TRUE
"520",520,0,"F1_","F1_520",0.0713237222952997,"F4_286",1,285242.2421,4426012.4777,TRUE
"521",521,0,"F1_","F1_521",0.19611863434989,"F4_716",1,285241.4335,4426012.3602,TRUE
"522",522,0,"F1_","F1_522",0.0556831548901604,"F4_416",1,285242.4112,4426011.3028,TRUE
"523",523,0,"F1_","F1_523",0.119651633852699,"F4_417",1,285240.8657,4426010.9164,TRUE
"524",524,0,"F1_","F1_524",0.220129504914083,"F4_430",1,285240.0364,4426010.6068,TRUE
"525",525,0,"F1_","F1_525",0.105472807816195,"F4_418",1,285241.5026,4426010.4123,TRUE
"526",526,0,"F1_","F1_526",0.142994820775624,"F4_419",1,285242.6806,4426010.3078,TRUE
"527",527,0,"F1_","F1_527",0.186987712971685,"F4_431",1,285239.116,4426010.1102,TRUE
"528",528,0,"F1_","F1_528",0.208997899117614,"F4_721",1,285240.6851,4426010.1348,TRUE
"529",529,0,"F1_","F1_529",0.0476841766099399,"F4_420",1,285242.3789,4426009.4858,TRUE
"530",530,0,"F1_","F1_530",0.11440467990292,"F4_421",1,285243.2071,4426008.962,TRUE
"531",531,0,"F1_","F1_531",0.163789002685657,"F4_423",1,285242.4983,4426008.2984,TRUE
"532",532,0,"F1_","F1_532",0.30220950614379,"F4_422",1,285245.0605,4426008.2043,TRUE
"533",533,0,"F1_","F1_533",0.0711001739042197,"F4_424",1,285243.8699,4426008.0949,TRUE
"534",534,0,"F1_","F1_534",0.118368627941224,"F4_425",1,285241.6588,4426007.287,TRUE
"535",535,0,"F1_","F1_535",0.174361567188979,"F4_427",1,285243.5133,4426007.2299,TRUE
"536",536,0,"F1_","F1_536",0.0324592220798426,"F4_428",1,285242.5444,4426007.0841,TRUE
"537",537,0,"F1_","F1_537",0.141571279677899,"F4_426",1,285244.6688,4426007.0501,TRUE
"538",538,0,"F1_","F1_538",0.155351633191372,"F4_291",1,285322.463,4426006.243,TRUE
"539",539,0,"F1_","F1_539",0.217539285002436,"F4_292",1,285321.5112,4426005.6035,TRUE
"540",540,0,"F1_","F1_540",0.152197336901739,"F4_596",1,285322.4465,4426004.5771,TRUE
"541",541,0,"F1_","F1_541",0.214107555968242,"F4_595",1,285320.8257,4426003.9264,TRUE
"542",542,0,"F1_","F1_542",0.204707772772253,"F4_580",1,285322.9785,4426003.2234,TRUE
"543",543,0,"F1_","F1_543",0.177288491054019,"F4_581",1,285324.2266,4426002.9938,TRUE
"544",544,0,"F1_","F1_544",0.183772252422742,"F4_579",1,285323.2482,4426002.3543,TRUE
"545",545,0,"F1_","F1_545",0.126965240993047,"F4_446",1,285320.7772,4426002.0658,TRUE
"546",546,0,"F1_","F1_546",0.105813563675386,"F4_432",1,285324.8917,4426001.6472,TRUE
"547",547,0,"F1_","F1_547",0.0405099816654236,"F4_433",1,285323.8381,4426001.3951,TRUE
"548",548,0,"F1_","F1_548",0.0187863839729514,"F4_578",1,285322.7224,4426001.2514,TRUE
"549",549,0,"F1_","F1_549",0.0883149451910716,"F4_434",1,285321.362,4426000.7184,TRUE
"550",550,0,"F1_","F1_550",0.104433181547859,"F4_577",1,285323.6609,4426000.2195,TRUE
"551",551,0,"F1_","F1_551",0.00879651614933836,"F4_451",1,285320.8327,4426000.0475,TRUE
"552",552,0,"F1_","F1_552",0.229045508399461,"F4_435",1,285325.5308,4426000.0648,TRUE
"553",553,0,"F1_","F1_553",0.729156723451305,"F4_435",0,285326.3168,4425999.8586,TRUE
"554",554,0,"F1_","F1_554",0.229984520741223,"F4_436",1,285321.9302,4425999.9054,TRUE
"555",555,0,"F1_","F1_555",0.139994695082939,"F4_437",1,285324.5688,4425999.2876,TRUE
"556",556,0,"F1_","F1_556",0.205299154322537,"F4_576",1,285324.7775,4425998.0384,TRUE
"557",557,0,"F1_","F1_557",0.217481966862079,"F4_438",1,285322.5264,4425997.7357,TRUE
"558",558,0,"F1_","F1_558",0.0832755175970478,"F4_439",1,285323.6217,4425997.7039,TRUE
"559",559,0,"F1_","F1_559",0.055255058304874,"F4_587",1,285320.9033,4425997.2089,TRUE
"560",560,0,"F1_","F1_560",0.105072265311953,"F4_575",1,285324.4645,4425997.0025,TRUE
"561",561,0,"F1_","F1_561",0.2379700744039,"F4_586",1,285321.5979,4425996.8081,TRUE
"562",562,0,"F1_","F1_562",0.148787514523297,"F4_574",1,285323.8688,4425996.3202,TRUE
"563",563,0,"F1_","F1_563",0.322729640064187,"F4_440",1,285321.1352,4425996.0573,TRUE
"564",564,0,"F1_","F1_564",0.161928575104074,"F4_441",1,285321.7388,4425995.3373,TRUE
"565",565,0,"F1_","F1_565",0.198590425176109,"F4_573",1,285324.2086,4425995.3479,TRUE
"566",566,0,"F1_","F1_566",0.158472924586927,"F4_442",1,285322.9464,4425995.0376,TRUE
"567",567,0,"F1_","F1_567",0.0489265209409217,"F4_293",1,285313.6848,4426005.039,TRUE
"568",568,0,"F1_","F1_568",0.129870786919698,"F4_294",1,285312.3572,4426004.7184,TRUE
"569",569,0,"F1_","F1_569",0.252236029542152,"F4_295",1,285314.3356,4426004.1498,TRUE
"570",570,0,"F1_","F1_570",0.0936450946801543,"F4_296",1,285318.851,4426003.944,TRUE
"571",571,0,"F1_","F1_571",0.251365838588932,"F4_297",1,285312.134,4426003.7492,TRUE
"572",572,0,"F1_","F1_572",0.139820634022007,"F4_305",1,285311.1304,4426003.8493,TRUE
"573",573,0,"F1_","F1_573",0.101544845054858,"F4_298",1,285314.9648,4426003.4876,TRUE
"574",574,0,"F1_","F1_574",0.117380361770658,"F4_594",1,285319.7615,4426003.2828,TRUE
"575",575,0,"F1_","F1_575",0.0435605853551496,"F4_307",1,285310.1545,4426003.1069,TRUE
"576",576,0,"F1_","F1_576",0.149890720382482,"F4_309",1,285311.398,4426002.7128,TRUE
"577",577,0,"F1_","F1_577",0.147731197471781,"F4_299",1,285316.272,4426002.7917,TRUE
"578",578,0,"F1_","F1_578",0.0759805677814655,"F4_444",1,285319.2337,4426002.2417,TRUE
"579",579,0,"F1_","F1_579",0.0952934953343374,"F4_445",1,285318.2301,4426002.2821,TRUE
"580",580,0,"F1_","F1_580",0.21285207638699,"F4_443",1,285317.1891,4426002.2302,TRUE
"581",581,0,"F1_","F1_581",0.0844117252740354,"F4_459",1,285311.8415,4426002.0372,TRUE
"582",582,0,"F1_","F1_582",0.323392627261918,"F4_458",1,285310.5581,4426002.1087,TRUE
"583",583,0,"F1_","F1_583",0.202138036767739,"F4_448",1,285312.7528,4426001.3771,TRUE
"584",584,0,"F1_","F1_584",0.28760005174761,"F4_447",1,285315.9237,4426001.3282,TRUE
"585",585,0,"F1_","F1_585",0.27400049617221,"F4_582",1,285320.0615,4426001.205,TRUE
"586",586,0,"F1_","F1_586",0.245381152735698,"F4_450",1,285318.4692,4426001.0781,TRUE
"587",587,0,"F1_","F1_587",0.234913988416831,"F4_449",1,285315.0662,4426000.7693,TRUE
"588",588,0,"F1_","F1_588",0.113605472512281,"F4_462",1,285311.7228,4426000.8461,TRUE
"589",589,0,"F1_","F1_589",0.356604508595387,"F4_583",1,285319.5726,4426000.6806,TRUE
"590",590,0,"F1_","F1_590",0.046386101728469,"F4_452",1,285314.3902,4425999.9226,TRUE
"591",591,0,"F1_","F1_591",0.321692535712521,"F4_584",1,285318.7054,4425999.9461,TRUE
"592",592,0,"F1_","F1_592",0.0319532773821392,"F4_585",1,285317.971,4425999.7801,TRUE
"593",593,0,"F1_","F1_593",0.226274606304609,"F4_464",1,285307.5408,4425999.7269,TRUE
"594",594,0,"F1_","F1_594",0.127741872912757,"F4_588",1,285315.5403,4425999.7777,TRUE
"595",595,0,"F1_","F1_595",0.172905757145909,"F4_465",1,285311.1977,4425999.7698,TRUE
"596",596,0,"F1_","F1_596",0.181415956275649,"F4_593",1,285312.1207,4425999.4601,TRUE
"597",597,0,"F1_","F1_597",0.144605120244047,"F4_466",1,285310.2435,4425999.4561,TRUE
"598",598,0,"F1_","F1_598",0.149253291181998,"F4_467",1,285309.2867,4425999.103,TRUE
"599",599,0,"F1_","F1_599",0.206700676854202,"F4_453",1,285313.1551,4425999.0041,TRUE
"600",600,0,"F1_","F1_600",0.157060815408689,"F4_589",1,285315.6342,4425998.624,TRUE
"601",601,0,"F1_","F1_601",0.0736431429069265,"F4_590",1,285314.3876,4425998.4198,TRUE
"602",602,0,"F1_","F1_602",0.175054830445746,"F4_468",1,285311.4822,4425998.374,TRUE
"603",603,0,"F1_","F1_603",0.207874576742191,"F4_591",1,285313.6545,4425997.9999,TRUE
"604",604,0,"F1_","F1_604",0.130543580408945,"F4_454",1,285312.7793,4425998.1561,TRUE
"605",605,0,"F1_","F1_605",0.064092230995546,"F4_455",1,285320.0937,4425997.7175,TRUE
"606",606,0,"F1_","F1_606",0.184520490825865,"F4_592",1,285312.7849,4425996.7815,TRUE
"607",607,0,"F1_","F1_607",0.210612053673648,"F4_456",1,285314.1628,4425996.7636,TRUE
"608",608,0,"F1_","F1_608",0.229918425496138,"F4_457",1,285313.2714,4425995.675,TRUE
"609",609,0,"F1_","F1_609",0.177036752711881,"F4_363",1,285293.2385,4426006.5325,TRUE
"610",610,0,"F1_","F1_610",0.256779723510813,"F4_332",1,285295.2525,4426006.5093,TRUE
"611",611,0,"F1_","F1_611",0.233262648176215,"F4_331",1,285299.8227,4426006.262,TRUE
"612",612,0,"F1_","F1_612",0.253484066895348,"F4_300",1,285303.2759,4426006.3614,TRUE
"613",613,0,"F1_","F1_613",0.238809001395928,"F4_301",1,285304.5437,4426006.1648,TRUE
"614",614,0,"F1_","F1_614",0.138988504633508,"F4_330",1,285297.6341,4426006.3105,TRUE
"615",615,0,"F1_","F1_615",0.0613899381528455,"F4_365",1,285294.2408,4426005.8996,TRUE
"616",616,0,"F1_","F1_616",0.0519231197855282,"F4_333",1,285296.7007,4426005.8341,TRUE
"617",617,0,"F1_","F1_617",0.270324756189523,"F4_302",1,285305.3317,4426005.5047,TRUE
"618",618,0,"F1_","F1_618",0.219515486192873,"F4_664",1,285300.7778,4426005.5653,TRUE
"619",619,0,"F1_","F1_619",0.18850093478415,"F4_335",1,285295.9019,4426005.4737,TRUE
"620",620,0,"F1_","F1_620",0.182580912687959,"F4_334",1,285299.6854,4426005.3321,TRUE
"621",621,0,"F1_","F1_621",0.135215396347365,"F4_303",1,285304.1711,4426005.1508,TRUE
"622",622,0,"F1_","F1_622",0.126083985778674,"F4_337",1,285303.1014,4426005.0557,TRUE
"623",623,0,"F1_","F1_623",0.103748221363308,"F4_368",1,285294.2262,4426004.9706,TRUE
"624",624,0,"F1_","F1_624",0.279139059565504,"F4_338",1,285300.9538,4426004.6688,TRUE
"625",625,0,"F1_","F1_625",0.190264251229695,"F4_336",1,285296.8854,4426004.7913,TRUE
"626",626,0,"F1_","F1_626",0.192977693537304,"F4_339",1,285302.3484,4426004.3434,TRUE
"627",627,0,"F1_","F1_627",0.227412694703641,"F4_304",1,285304.7175,4426004.0289,TRUE
"628",628,0,"F1_","F1_628",0.150914069282627,"F4_371",1,285293.2852,4426003.9576,TRUE
"629",629,0,"F1_","F1_629",0.160929225592905,"F4_306",1,285303.6605,4426003.8089,TRUE
"630",630,0,"F1_","F1_630",0.0881084202641488,"F4_340",1,285297.6199,4426003.7621,TRUE
"631",631,0,"F1_","F1_631",0.0310439419283891,"F4_341",1,285296.2291,4426003.4069,TRUE
"632",632,0,"F1_","F1_632",0.124636317037644,"F4_342",1,285298.6159,4426003.1669,TRUE
"633",633,0,"F1_","F1_633",0.134698812288964,"F4_308",1,285304.884,4426003.0264,TRUE
"634",634,0,"F1_","F1_634",0.0648623313124911,"F4_343",1,285297.2004,4426002.5908,TRUE
"635",635,0,"F1_","F1_635",0.261436150077467,"F4_344",1,285294.4994,4426002.5294,TRUE
"636",636,0,"F1_","F1_636",0.523018073129979,"F4_460",1,285304.0252,4426002.3103,TRUE
"637",637,0,"F1_","F1_637",0.347550328546166,"F4_461",1,285305.1913,4426002.1287,TRUE
"638",638,0,"F1_","F1_638",0.0781613144424875,"F4_469",1,285302.1065,4426002.2195,TRUE
"639",639,0,"F1_","F1_639",0.205925227422597,"F4_470",1,285303.0099,4426002.0128,TRUE
"640",640,0,"F1_","F1_640",0.0484447238366072,"F4_471",1,285295.7811,4426001.3542,TRUE
"641",641,0,"F1_","F1_641",0.185128477986834,"F4_597",1,285300.7026,4426001.4447,TRUE
"642",642,0,"F1_","F1_642",0.104530639703765,"F4_472",1,285301.6399,4426000.9448,TRUE
"643",643,0,"F1_","F1_643",0.203355359329773,"F4_473",1,285303.0773,4426000.6322,TRUE
"644",644,0,"F1_","F1_644",0.0487754144421752,"F4_475",1,285299.7646,4426000.2184,TRUE
"645",645,0,"F1_","F1_645",0.198437599838835,"F4_474",1,285297.6019,4426000.1464,TRUE
"646",646,0,"F1_","F1_646",0.229846928827779,"F4_476",1,285302.0707,4426000.0378,TRUE
"647",647,0,"F1_","F1_647",0.0742849436939999,"F4_491",1,285293.7768,4425999.9966,TRUE
"648",648,0,"F1_","F1_648",0.021537736035802,"F4_477",1,285295.563,4425999.7567,TRUE
"649",649,0,"F1_","F1_649",0.19727420197715,"F4_478",1,285298.0295,4425999.4241,TRUE
"650",650,0,"F1_","F1_650",0.0799430637106949,"F4_479",1,285296.9873,4425999.4376,TRUE
"651",651,0,"F1_","F1_651",0.136543735057231,"F4_493",1,285292.7537,4425999.366,TRUE
"652",652,0,"F1_","F1_652",0.100051726602897,"F4_480",1,285294.8155,4425998.801,TRUE
"653",653,0,"F1_","F1_653",0.0457678764363045,"F4_499",1,285293.7337,4425998.2827,TRUE
"654",654,0,"F1_","F1_654",0.0252040018717351,"F4_481",1,285295.1504,4425997.5141,TRUE
"655",655,0,"F1_","F1_655",0.142188664610159,"F4_502",1,285293.5898,4425997.1424,TRUE
"656",656,0,"F1_","F1_656",0.937910497346778,"F4_502",0,285294.4608,4425996.7294,TRUE
"657",657,0,"F1_","F1_657",0.123854191944501,"F4_598",1,285292.7919,4425996.0855,TRUE
"658",658,0,"F1_","F1_658",0.133510863645057,"F4_482",1,285295.1742,4425995.8569,TRUE
"659",659,0,"F1_","F1_659",0.215881135197989,"F4_483",1,285296.0261,4425995.4991,TRUE
"660",660,0,"F1_","F1_660",0.132565540150051,"F4_509",1,285293.1983,4425995.1648,TRUE
"661",661,0,"F1_","F1_661",0.173468311692507,"F4_514",1,285293.2461,4425993.7412,TRUE
"662",662,0,"F1_","F1_662",0.190515270611347,"F4_362",1,285290.4444,4426006.6077,TRUE
"663",663,0,"F1_","F1_663",0.130645118844716,"F4_393",1,285284.9124,4426006.538,TRUE
"664",664,0,"F1_","F1_664",0.345915063965326,"F4_394",1,285282.2258,4426006.2718,TRUE
"665",665,0,"F1_","F1_665",0.242235291794046,"F4_364",1,285287.0922,4426005.8521,TRUE
"666",666,0,"F1_","F1_666",0.254795382219395,"F4_366",1,285285.9299,4426005.3366,TRUE
"667",667,0,"F1_","F1_667",0.140684356602041,"F4_663",1,285287.9865,4426005.3685,TRUE
"668",668,0,"F1_","F1_668",0.0871511604117339,"F4_395",1,285283.4468,4426005.3716,TRUE
"669",669,0,"F1_","F1_669",0.0322172606374599,"F4_367",1,285290.7295,4426005.3743,TRUE
"670",670,0,"F1_","F1_670",0.247603616401009,"F4_662",1,285289.4343,4426005.0971,TRUE
"671",671,0,"F1_","F1_671",0.300684338434519,"F4_637",1,285281.468,4426005.1393,TRUE
"672",672,0,"F1_","F1_672",0.217989946324276,"F4_396",1,285280.3092,4426004.888,TRUE
"673",673,0,"F1_","F1_673",0.161569307985809,"F4_369",1,285285.4847,4426004.4022,TRUE
"674",674,0,"F1_","F1_674",0.168432962232647,"F4_633",1,285282.3948,4426004.2939,TRUE
"675",675,0,"F1_","F1_675",0.17940857155066,"F4_634",1,285283.5613,4426004.1599,TRUE
"676",676,0,"F1_","F1_676",0.184095867159504,"F4_629",1,285279.4231,4426004.2258,TRUE
"677",677,0,"F1_","F1_677",0.137143899090559,"F4_370",1,285290.9152,4426004.2071,TRUE
"678",678,0,"F1_","F1_678",0.131326804926977,"F4_632",1,285281.2981,4426003.7815,TRUE
"679",679,0,"F1_","F1_679",0.350256072443184,"F4_372",1,285291.4577,4426003.4904,TRUE
"680",680,0,"F1_","F1_680",0.234183558195517,"F4_635",1,285283.519,4426003.226,TRUE
"681",681,0,"F1_","F1_681",0.205526945385616,"F4_630",1,285280.4761,4426003.281,TRUE
"682",682,0,"F1_","F1_682",0.279680086751963,"F4_397",1,285282.3531,4426002.9871,TRUE
"683",683,0,"F1_","F1_683",0.277982701821968,"F4_373",1,285288.1785,4426003.0983,TRUE
"684",684,0,"F1_","F1_684",0.0858159526516903,"F4_374",1,285286.9566,4426002.8328,TRUE
"685",685,0,"F1_","F1_685",0.111744188565564,"F4_398",1,285281.0012,4426002.6805,TRUE
"686",686,0,"F1_","F1_686",0.106978266183869,"F4_376",1,285291.4852,4426002.5343,TRUE
"687",687,0,"F1_","F1_687",0.244328441726982,"F4_484",1,285287.9597,4426002.272,TRUE
"688",688,0,"F1_","F1_688",0.22598564173711,"F4_517",1,285279.9313,4426002.1133,TRUE
"689",689,0,"F1_","F1_689",0.27697272260859,"F4_519",1,285282.8968,4426001.7392,TRUE
"690",690,0,"F1_","F1_690",0.230398492066531,"F4_518",1,285284.0237,4426001.8428,TRUE
"691",691,0,"F1_","F1_691",0.135185791474608,"F4_486",1,285291.4522,4426001.4648,TRUE
"692",692,0,"F1_","F1_692",0.233831485719529,"F4_487",1,285290.1761,4426001.6532,TRUE
"693",693,0,"F1_","F1_693",0.160367984523915,"F4_485",1,285286.2875,4426001.6419,TRUE
"694",694,0,"F1_","F1_694",0.246103617396144,"F4_520",1,285285.0567,4426001.356,TRUE
"695",695,0,"F1_","F1_695",0.46707877893369,"F4_627",0,285278.7397,4426001.504,TRUE
"696",696,0,"F1_","F1_696",0.105587990829417,"F4_824",1,285286.9151,4426000.8127,TRUE
"697",697,0,"F1_","F1_697",0.323927336703292,"F4_521",1,285280.8514,4426000.9405,TRUE
"698",698,0,"F1_","F1_698",0.120846214629152,"F4_489",1,285292.168,4426000.711,TRUE
"699",699,0,"F1_","F1_699",0.149606882319404,"F4_522",1,285283.2805,4426000.6132,TRUE
"700",700,0,"F1_","F1_700",0.16216799326588,"F4_631",1,285279.4607,4426000.5441,TRUE
"701",701,0,"F1_","F1_701",0.228270464931992,"F4_523",1,285284.3528,4426000.4594,TRUE
"702",702,0,"F1_","F1_702",0.188203373445944,"F4_490",1,285290.8219,4426000.3865,TRUE
"703",703,0,"F1_","F1_703",0.171217786568035,"F4_620",1,285285.7765,4425999.9297,TRUE
"704",704,0,"F1_","F1_704",0.157708758868149,"F4_492",1,285288.2055,4425999.5949,TRUE
"705",705,0,"F1_","F1_705",0.251563113008078,"F4_621",1,285283.4834,4425999.5489,TRUE
"706",706,0,"F1_","F1_706",0.920759866485572,"F4_490",0,285291.3905,4425999.4349,TRUE
"707",707,0,"F1_","F1_707",0.00846804673556817,"F4_525",1,285284.763,4425999.4451,TRUE
"708",708,0,"F1_","F1_708",0.170507630062192,"F4_494",1,285287.0159,4425999.3994,TRUE
"709",709,0,"F1_","F1_709",0.0613110851825256,"F4_526",1,285279.1464,4425999.2296,TRUE
"710",710,0,"F1_","F1_710",0.0483895192551262,"F4_528",1,285281.6328,4425998.9009,TRUE
"711",711,0,"F1_","F1_711",0.172110986210102,"F4_495",1,285285.7345,4425998.9467,TRUE
"712",712,0,"F1_","F1_712",0.226907748005677,"F4_496",1,285289.1528,4425998.6931,TRUE
"713",713,0,"F1_","F1_713",0.116761890575336,"F4_616",1,285280.228,4425998.682,TRUE
"714",714,0,"F1_","F1_714",0.159506925484692,"F4_617",1,285282.7009,4425998.5655,TRUE
"715",715,0,"F1_","F1_715",0.111325335452809,"F4_498",1,285290.5052,4425998.182,TRUE
"716",716,0,"F1_","F1_716",0.0726572757745261,"F4_500",1,285286.554,4425998.261,TRUE
"717",717,0,"F1_","F1_717",0.131684952772407,"F4_497",1,285292.35,4425998.288,TRUE
"718",718,0,"F1_","F1_718",0.00523625504214888,"F4_613",1,285278.9239,4425998.0113,TRUE
"719",719,0,"F1_","F1_719",0.168243422544205,"F4_619",1,285285.5191,4425997.8304,TRUE
"720",720,0,"F1_","F1_720",0.191382446206784,"F4_501",1,285289.5756,4425997.6381,TRUE
"721",721,0,"F1_","F1_721",0.204272325684637,"F4_615",1,285282.1467,4425997.4959,TRUE
"722",722,0,"F1_","F1_722",0.185910195868237,"F4_614",1,285279.7155,4425997.4735,TRUE
"723",723,0,"F1_","F1_723",0.197265852653692,"F4_611",1,285287.2799,4425996.8688,TRUE
"724",724,0,"F1_","F1_724",0.239362194899301,"F4_604",1,285280.5575,4425996.7259,TRUE
"725",725,0,"F1_","F1_725",0.305003326854532,"F4_600",1,285281.3786,4425996.5263,TRUE
"726",726,0,"F1_","F1_726",0.250185122715847,"F4_504",1,285285.9159,4425996.4403,TRUE
"727",727,0,"F1_","F1_727",0.10357765581424,"F4_531",1,285283.6143,4425996.3231,TRUE
"728",728,0,"F1_","F1_728",0.128649424152989,"F4_505",1,285288.0649,4425996.1755,TRUE
"729",729,0,"F1_","F1_729",0.247896741907603,"F4_530",1,285279.3807,4425995.9097,TRUE
"730",730,0,"F1_","F1_730",0.0590640924979513,"F4_532",1,285280.5255,4425995.8867,TRUE
"731",731,0,"F1_","F1_731",0.117510973877089,"F4_507",1,285286.6978,4425995.7111,TRUE
"732",732,0,"F1_","F1_732",0.127673659183788,"F4_599",1,285282.8942,4425995.6398,TRUE
"733",733,0,"F1_","F1_733",0.0813909230841478,"F4_533",1,285283.9423,4425995.3567,TRUE
"734",734,0,"F1_","F1_734",0.310328072905372,"F4_508",1,285287.8623,4425995.2387,TRUE
"735",735,0,"F1_","F1_735",0.119217619290184,"F4_511",1,285285.7364,4425995.03,TRUE
"736",736,0,"F1_","F1_736",0.147559037347279,"F4_510",1,285289.9682,4425994.9949,TRUE
"737",737,0,"F1_","F1_737",0.136183982868021,"F4_609",1,285279.8033,4425995,TRUE
"738",738,0,"F1_","F1_738",0.0540788090334331,"F4_512",1,285286.916,4425994.6475,TRUE
"739",739,0,"F1_","F1_739",0.0211675594352844,"F4_601",1,285282.6773,4425994.6626,TRUE
"740",740,0,"F1_","F1_740",0.112439073673786,"F4_513",1,285291.3828,4425994.5406,TRUE
"741",741,0,"F1_","F1_741",0.278700327565193,"F4_602",1,285283.7643,4425994.4514,TRUE
"742",742,0,"F1_","F1_742",0.0423081454863596,"F4_534",1,285280.6853,4425994.4883,TRUE
"743",743,0,"F1_","F1_743",0.011190181006883,"F4_515",1,285285.7294,4425993.9525,TRUE
"744",744,0,"F1_","F1_744",0.236442162734403,"F4_608",1,285278.7432,4425993.8894,TRUE
"745",745,0,"F1_","F1_745",0.0484054184928958,"F4_535",1,285283.1212,4425993.6463,TRUE
"746",746,0,"F1_","F1_746",0.0697301062555985,"F4_516",1,285290.1693,4425993.6401,TRUE
"747",747,0,"F1_","F1_747",0.128798626286133,"F4_610",1,285288.0323,4425993.6224,TRUE
"748",748,0,"F1_","F1_748",0.189829494951515,"F4_537",1,285291.5647,4425993.427,TRUE
"749",749,0,"F1_","F1_749",0.164583141685383,"F4_538",1,285289.0214,4425993.4794,TRUE
"750",750,0,"F1_","F1_750",0.189474835365977,"F4_603",1,285284.4508,4425993.4929,TRUE
"751",751,0,"F1_","F1_751",0.0911508560836165,"F4_558",1,285279.767,4425993.3212,TRUE
"752",752,0,"F1_","F1_752",0.057133550136401,"F4_540",1,285286.6573,4425992.919,TRUE
"753",753,0,"F1_","F1_753",0.053927961343193,"F4_560",1,285285.0049,4425992.7483,TRUE
"754",754,0,"F1_","F1_754",0.162902048925032,"F4_638",1,285277.3084,4426005.6653,TRUE
"755",755,0,"F1_","F1_755",1.14266750696523,"F4_401",0,285275.652,4426005.4633,TRUE
"756",756,0,"F1_","F1_756",0.195414477873927,"F4_401",1,285275.1983,4426004.5289,TRUE
"757",757,0,"F1_","F1_757",0.234429649213958,"F4_628",1,285278.2182,4426004.1708,TRUE
"758",758,0,"F1_","F1_758",0.139381698557762,"F4_622",1,285276.2734,4426003.5713,TRUE
"759",759,0,"F1_","F1_759",0.244759941478638,"F4_402",1,285275.4882,4426003.7235,TRUE
"760",760,0,"F1_","F1_760",1.4576392832945,"F4_401",0,285274.1124,4426003.547,TRUE
"761",761,0,"F1_","F1_761",0.0975476387868682,"F4_623",1,285275.839,4426002.5877,TRUE
"762",762,0,"F1_","F1_762",0.46127211799507,"F4_627",0,285278.1744,4426002.1203,TRUE
"763",763,0,"F1_","F1_763",0.066128894691634,"F4_624",1,285276.752,4426002.0129,TRUE
"764",764,0,"F1_","F1_764",0.34765703618696,"F4_626",1,285277.8861,4426000.7019,TRUE
"765",765,0,"F1_","F1_765",0.117244266893928,"F4_618",1,285276.5677,4426000.1712,TRUE
"766",766,0,"F1_","F1_766",0.268114579692808,"F4_524",1,285278.0606,4425999.5631,TRUE
"767",767,0,"F1_","F1_767",0.248773433278471,"F4_527",1,285277.193,4425999.1561,TRUE
"768",768,0,"F1_","F1_768",0.155789861150392,"F4_529",1,285277.6592,4425997.9963,TRUE
"769",769,0,"F1_","F1_769",0.099382410691823,"F4_559",1,285277.1457,4425992.8682,TRUE
"770",770,0,"F1_","F1_770",0.145821295926793,"F4_612",1,285274.5817,4425992.8601,TRUE
"771",771,0,"F1_","F1_771",0.205979745958264,"F4_805",1,285262.6151,4426006.523,TRUE
"772",772,0,"F1_","F1_772",0.339307586343297,"F4_808",1,285260.8444,4426006.8115,TRUE
"773",773,0,"F1_","F1_773",0.0730659752369114,"F4_810",1,285261.7275,4426006.3193,TRUE
"774",774,0,"F1_","F1_774",0.202050909647552,"F4_804",1,285263.6978,4426006.3603,TRUE
"775",775,0,"F1_","F1_775",0.119263896002758,"F4_811",1,285264.0894,4426004.6743,TRUE
"776",776,0,"F1_","F1_776",0.120892023140228,"F4_429",1,285240.7702,4426006.6465,TRUE
"777",777,0,"F1_","F1_777",0.155253483156914,"F4_823",1,285241.4238,4426006.1313,TRUE
"778",778,0,"F1_","F1_778",0.137207878063971,"F4_561",1,285281.9338,4425992.4905,TRUE
"779",779,0,"F1_","F1_779",0.0790396093165258,"F4_541",1,285289.9305,4425992.3514,TRUE
"780",780,0,"F1_","F1_780",0.112650230855486,"F4_542",1,285288.9987,4425992.3593,TRUE
"781",781,0,"F1_","F1_781",0.0503527362032491,"F4_563",1,285280.5351,4425991.9482,TRUE
"782",782,0,"F1_","F1_782",0.177386075232132,"F4_544",1,285286.9014,4425991.8527,TRUE
"783",783,0,"F1_","F1_783",0.168808404173012,"F4_562",1,285282.8871,4425991.8372,TRUE
"784",784,0,"F1_","F1_784",0.324251933249601,"F4_543",1,285290.1026,4425991.5758,TRUE
"785",785,0,"F1_","F1_785",0.132530433677048,"F4_545",1,285289.0723,4425991.4681,TRUE
"786",786,0,"F1_","F1_786",0.170995700167099,"F4_565",1,285284.6315,4425991.4158,TRUE
"787",787,0,"F1_","F1_787",0.10563419747969,"F4_566",1,285283.4958,4425991.2482,TRUE
"788",788,0,"F1_","F1_788",0.264969744639148,"F4_564",1,285281.8953,4425991.2556,TRUE
"789",789,0,"F1_","F1_789",0.22616847899918,"F4_546",1,285287.8894,4425991.1446,TRUE
"790",790,0,"F1_","F1_790",0.204412920180083,"F4_547",1,285285.9957,4425991.0204,TRUE
"791",791,0,"F1_","F1_791",0.00337578394754009,"F4_548",1,285288.8692,4425990.4985,TRUE
"792",792,0,"F1_","F1_792",0.081293366195619,"F4_549",1,285286.5025,4425989.9926,TRUE
"793",793,0,"F1_","F1_793",0.0486176297778321,"F4_567",1,285283.2369,4425990.1587,TRUE
"794",794,0,"F1_","F1_794",0.28392819998135,"F4_550",1,285287.3503,4425989.7852,TRUE
"795",795,0,"F1_","F1_795",0.0987520459695261,"F4_568",1,285284.0063,4425989.3335,TRUE
"796",796,0,"F1_","F1_796",0.016861978372387,"F4_551",1,285287.8442,4425989.1266,TRUE
"797",797,0,"F1_","F1_797",0.178759637988467,"F4_569",1,285285.0904,4425988.793,TRUE
"798",798,0,"F1_","F1_798",0.0594740198185434,"F4_606",1,285286.5823,4425988.796,TRUE
"799",799,0,"F1_","F1_799",0.184554048826756,"F4_552",1,285288.8019,4425988.6215,TRUE
"800",800,0,"F1_","F1_800",0.196564381384762,"F4_570",1,285284.0634,4425988.32,TRUE
"801",801,0,"F1_","F1_801",0.077956391997357,"F4_607",1,285287.9787,4425988.0821,TRUE
"802",802,0,"F1_","F1_802",0.106757197745569,"F4_553",1,285287.0311,4425987.9285,TRUE
"803",803,0,"F1_","F1_803",0.210774093054918,"F4_554",1,285285.7373,4425987.7167,TRUE
"804",804,0,"F1_","F1_804",0.165058128807492,"F4_571",1,285284.6301,4425987.5298,TRUE
"805",805,0,"F1_","F1_805",0.114215056431104,"F4_555",1,285286.558,4425987.162,TRUE
"806",806,0,"F1_","F1_806",0.0490859419770687,"F4_556",1,285285.3451,4425986.8388,TRUE
"807",807,0,"F1_","F1_807",0.16677348111676,"F4_557",1,285286.228,4425986.4894,TRUE
"808",808,0,"F1_","F1_808",0.042684791360407,"F4_572",1,285275.5084,4425992.6133,TRUE
"809",809,0,"F1_","F1_809",0.0541169582230127,"F4_605",1,285276.2485,4425992.0439,TRUE
"810",810,0,"F1_","F1_810",0.334369548490051,"F4_320",1,285301.1854,4426008.7769,TRUE
"811",811,0,"F1_","F1_811",0.237968029855065,"F4_145",1,285296.06,4426013.341,TRUE
"812",812,0,"F1_","F1_812",0.140690004229113,"F4_669",1,285294.9751,4426014.9871,TRUE
"813",813,0,"F1_","F1_813",0.0456021275894702,"F4_488",1,285288.0166,4426001.1076,TRUE
"814",814,0,"F1_","F1_814",0.327462795478495,"F4_503",1,285292.1693,4425997.142,TRUE
"815",815,0,"F1_","F1_815",0.303459702235808,"F4_187",1,285279.8984,4426015.2116,TRUE
"816",816,0,"F1_","F1_816",0.123149784727998,"F4_539",1,285292.8053,4425993.0267,TRUE
"817",817,0,"F1_","F1_817",0.2538929710936,"F4_361",1,285287.867,4426006.9063,TRUE
"818",818,0,"F1_","F1_818",0.48469578024517,"F4_763",1,285295.7233,4426021.7586,TRUE
"819",819,0,"F1_","F1_819",0.202745931615747,"F4_751",1,285288.7274,4426020.3369,TRUE
"820",820,0,"F1_","F1_820",0.23380253981174,"F4_677",1,285289.3634,4426018.2045,TRUE
"821",821,0,"F1_","F1_821",0.190866324561319,"F4_770",1,285287.0439,4426026.2105,TRUE
"822",822,0,"F1_","F1_822",0.295955232789018,"F4_207",1,285268.0803,4426011.848,TRUE
"823",823,0,"F1_","F1_823",0.243321955713927,"F4_219",1,285263.7792,4426016.8573,TRUE
"824",824,0,"F1_","F1_824",0.201842621869265,"F4_211",1,285263.989,4426020.1618,TRUE
"825",825,0,"F1_","F1_825",0.0916178901511357,"F4_237",1,285262.3367,4426011.7169,TRUE
"826",826,0,"F1_","F1_826",0.156344101018927,"F4_806",1,285262.8088,4426007.8879,TRUE
"827",827,0,"F1_","F1_827",0.107847130244015,"F4_728",1,285244.5814,4426024.122,TRUE
"828",828,0,"F1_","F1_828",0.954168411832843,"F4_716",0,285241.0933,4426013.1594,TRUE
"829",829,0,"F1_","F1_829",0.182979315718746,"F4_788",1,285250.5348,4426035.6879,TRUE
"830",830,0,"F1_","F1_830",0.207059592900062,"F4_28",1,285255.9112,4426037.1828,TRUE
"831",831,0,"F1_","F1_831",0.179286077037229,"F4_798",1,285245.9452,4426041.615,TRUE
"832",832,0,"F1_","F1_832",0.169879765346978,"F4_795",1,285243.4012,4426042.4543,TRUE
"833",833,0,"F1_","F1_833",1.31587765977516,"F4_820",0,285240.831,4426052.1686,TRUE
