"","OBJECTID","CLASS_ID","UFID","dist","nnid","Nesting","coords.x1","coords.x2","optional"
"1",5,0,"F4_0",0.157696273068718,"F1_721",1,285758.5431,4425786.8749,TRUE
"2",6,0,"F4_1",0.185923542413518,"F1_720",1,285758.6626,4425785.9298,TRUE
"3",7,0,"F4_2",0.0664491270546523,"F1_719",1,285758.6787,4425785.0187,TRUE
"4",8,0,"F4_3",0.0359514894165792,"F1_0",1,285754.8164,4425784.5528,TRUE
"5",9,0,"F4_4",0.0854570697962912,"F1_716",1,285755.4903,4425783.495,TRUE
"6",10,0,"F4_5",0.420823160991351,"F1_1",1,285753.8826,4425783.1438,TRUE
"7",11,0,"F4_6",0.0787856627159396,"F1_717",1,285755.6042,4425782.4753,TRUE
"8",12,0,"F4_7",0.0555400489508917,"F1_3",1,285754.487,4425781.7887,TRUE
"9",13,0,"F4_8",0.205702929517035,"F1_718",1,285756.2755,4425781.458,TRUE
"10",14,0,"F4_9",0.157775249533293,"F1_5",1,285753.7987,4425779.7209,TRUE
"11",15,0,"F4_10",0.122057167458659,"F1_4",1,285752.1696,4425779.7189,TRUE
"12",16,0,"F4_11",0.0427946342320939,"F1_703",1,285753.1786,4425778.6002,TRUE
"13",17,0,"F4_12",0.0441070575891255,"F1_15",1,285748.8625,4425781.9933,TRUE
"14",18,0,"F4_13",0.054019198236519,"F1_710",1,285750.5849,4425780.6872,TRUE
"15",19,0,"F4_14",0.127744787091036,"F1_16",1,285749.5516,4425778.7834,TRUE
"16",63,0,"F4_15",0.151106786691114,"F1_664",1,285804.3087,4425771.3806,TRUE
"17",64,0,"F4_16",0.108104832464198,"F1_6",1,285753.8903,4425777.4364,TRUE
"18",65,0,"F4_17",0.0472301187195718,"F1_7",1,285752.8568,4425777.1416,TRUE
"19",66,0,"F4_18",0.0679357643275452,"F1_8",1,285751.8961,4425776.8747,TRUE
"20",67,0,"F4_19",0.0367675017371865,"F1_10",1,285753.8284,4425776.1468,TRUE
"21",68,0,"F4_20",0.113103984044233,"F1_11",1,285755.1354,4425775.7981,TRUE
"22",69,0,"F4_21",0.18883506964907,"F1_12",1,285752.2577,4425775.5845,TRUE
"23",70,0,"F4_22",0.0472289323407331,"F1_700",1,285754.0945,4425774.8732,TRUE
"24",71,0,"F4_23",0.0533290168789654,"F1_701",1,285755.2251,4425774.7913,TRUE
"25",72,0,"F4_24",0.213236974473884,"F1_698",1,285752.4539,4425773.4767,TRUE
"26",73,0,"F4_25",0.0680359855400529,"F1_704",1,285750.4501,4425778.3678,TRUE
"27",74,0,"F4_26",0.0647499305248388,"F1_705",1,285749.6446,4425777.5639,TRUE
"28",75,0,"F4_27",0.131899161754508,"F1_706",1,285748.017,4425777.2759,TRUE
"29",76,0,"F4_28",0.326249470318454,"F1_17",1,285750.2917,4425776.5016,TRUE
"30",77,0,"F4_29",0.15912794085383,"F1_9",1,285751.0804,4425776.4915,TRUE
"31",78,0,"F4_30",0.163046137166926,"F1_697",1,285748.162,4425775.9007,TRUE
"32",79,0,"F4_31",0.0923407671823006,"F1_18",1,285749.2709,4425775.6993,TRUE
"33",80,0,"F4_32",0.103870810527117,"F1_694",1,285750.1599,4425774.8709,TRUE
"34",81,0,"F4_33",0.120337565026229,"F1_695",1,285748.6497,4425774.7524,TRUE
"35",82,0,"F4_34",0.159880378016979,"F1_693",1,285749.2894,4425773.688,TRUE
"36",83,0,"F4_35",0.179425591117404,"F1_690",1,285749.0708,4425772.4155,TRUE
"37",158,0,"F4_36",0.0925079944605293,"F1_658",1,285806.3333,4425763.1613,TRUE
"38",159,0,"F4_37",0.0512050180359768,"F1_660",1,285805.1313,4425761.0899,TRUE
"39",160,0,"F4_38",0.079431153467428,"F1_653",1,285801.6002,4425764.1251,TRUE
"40",161,0,"F4_39",0.386439468675475,"F1_654",1,285801.7924,4425763.082,TRUE
"41",162,0,"F4_40",0.344342869814995,"F1_655",1,285801.6363,4425762.2523,TRUE
"42",163,0,"F4_41",0.141995517064128,"F1_657",1,285803.9254,4425761.0114,TRUE
"43",164,0,"F4_42",0.116413479044149,"F1_656",1,285802.766,4425760.9365,TRUE
"44",165,0,"F4_43",0.131460917679262,"F1_672",1,285775.8691,4425760.7553,TRUE
"45",166,0,"F4_44",0.115338280663288,"F1_682",1,285764.5365,4425767.813,TRUE
"46",167,0,"F4_45",0.153138270654802,"F1_679",1,285763.3706,4425764.7447,TRUE
"47",168,0,"F4_46",0.0698535077062548,"F1_389",1,285733.1918,4425761.8241,TRUE
"48",286,0,"F4_47",0.060302613388663,"F1_661",1,285805.8024,4425760.3145,TRUE
"49",287,0,"F4_48",0.114822087029066,"F1_662",1,285806.3594,4425759.6272,TRUE
"50",288,0,"F4_49",0.0822020453522123,"F1_663",1,285806.0125,4425758.4354,TRUE
"51",289,0,"F4_50",0.208319217550426,"F1_670",1,285779.1535,4425757.6953,TRUE
"52",290,0,"F4_51",1.13533394166494,"F1_670",0,285778.1936,4425757.385,TRUE
"53",291,0,"F4_52",0.21602852459994,"F1_666",1,285780.4953,4425751.9365,TRUE
"54",292,0,"F4_53",0.114548145635886,"F1_674",1,285773.854,4425759.4363,TRUE
"55",293,0,"F4_54",0.233410635303577,"F1_21",1,285777.1726,4425758.0519,TRUE
"56",294,0,"F4_55",0.441615957459467,"F1_675",1,285773.9633,4425757.63,TRUE
"57",295,0,"F4_56",0.21265714595772,"F1_22",1,285772.5338,4425755.608,TRUE
"58",296,0,"F4_57",0.782808761243559,"F1_669",0,285775.1547,4425754.2278,TRUE
"59",297,0,"F4_58",0.228890742944141,"F1_669",1,285774.4036,4425753.5991,TRUE
"60",298,0,"F4_59",0.026827179704625,"F1_391",1,285735.8715,4425758.2212,TRUE
"61",299,0,"F4_60",1.23400348566121,"F1_393",0,285739.1143,4425752.2018,TRUE
"62",300,0,"F4_61",0.159210292186167,"F1_392",1,285736.3151,4425751.8767,TRUE
"63",363,0,"F4_62",0.0370330164442245,"F1_639",1,285788.5509,4425746.9582,TRUE
"64",364,0,"F4_63",0.135501109356139,"F1_631",1,285793.0654,4425745.6623,TRUE
"65",365,0,"F4_64",0.0349997010929337,"F1_630",1,285793.7442,4425745.6453,TRUE
"66",366,0,"F4_65",0.0573381509362628,"F1_632",1,285792.9392,4425744.7613,TRUE
"67",367,0,"F4_66",0.194164831552681,"F1_637",1,285788.9378,4425744.3608,TRUE
"68",368,0,"F4_67",0.0418521923805635,"F1_636",1,285789.8408,4425744.1321,TRUE
"69",369,0,"F4_68",0.0205274098209605,"F1_634",1,285792.1039,4425743.4088,TRUE
"70",370,0,"F4_69",0.0895407803313028,"F1_635",1,285790.7237,4425743.2528,TRUE
"71",371,0,"F4_70",0.0715858972990163,"F1_640",1,285789.1794,4425743.1207,TRUE
"72",372,0,"F4_71",1.8208067899128,"F1_667",1,285778.5801,4425749.3162,TRUE
"73",373,0,"F4_72",1.91801530355168,"F1_723",0,285780.0616,4425748.9647,TRUE
"74",374,0,"F4_73",0.112651813094784,"F1_723",1,285781.26,4425747.3776,TRUE
"75",375,0,"F4_74",0.188913492487187,"F1_644",1,285784.1213,4425744.8385,TRUE
"76",376,0,"F4_75",0.274225994768554,"F1_29",1,285777.2944,4425746.6949,TRUE
"77",377,0,"F4_76",0.15104947011195,"F1_406",1,285762.8542,4425746.6677,TRUE
"78",378,0,"F4_77",1.22013688850978,"F1_35",0,285762.4678,4425744.1254,TRUE
"79",379,0,"F4_78",0.0971027624130408,"F1_40",1,285734.2056,4425751.4896,TRUE
"80",380,0,"F4_79",0.146729216311482,"F1_397",1,285735.604,4425750.7486,TRUE
"81",381,0,"F4_80",0.376026210523176,"F1_397",0,285735.361,4425750.3134,TRUE
"82",382,0,"F4_81",0.0890239419768791,"F1_41",1,285734.5144,4425749.5704,TRUE
"83",383,0,"F4_82",0.0747855885070417,"F1_400",1,285737.0358,4425749.0871,TRUE
"84",404,0,"F4_83",0.0641441484349911,"F1_614",1,285807.2289,4425736.0541,TRUE
"85",405,0,"F4_84",0.181170713860851,"F1_42",1,285809.4646,4425734.6253,TRUE
"86",406,0,"F4_85",0.167111784541987,"F1_887",1,285797.7901,4425740.2217,TRUE
"87",407,0,"F4_86",0.12095520405804,"F1_633",1,285792.3793,4425742.4061,TRUE
"88",408,0,"F4_87",0.169619288598938,"F1_642",1,285790.4517,4425741.5013,TRUE
"89",409,0,"F4_88",0.0962695905830916,"F1_652",1,285785.5792,4425740.4856,TRUE
"90",410,0,"F4_89",0.824174243780894,"F1_55",0,285784.4583,4425740.5427,TRUE
"91",411,0,"F4_90",0.326321976532106,"F1_647",0,285782.2061,4425739.5103,TRUE
"92",412,0,"F4_91",0.108859474517181,"F1_649",1,285784.5245,4425737.045,TRUE
"93",413,0,"F4_92",0.296236149859396,"F1_56",0,285783.3155,4425737.0095,TRUE
"94",414,0,"F4_93",0.218158524866286,"F1_57",1,285781.2273,4425736.0165,TRUE
"95",415,0,"F4_94",0.998153387275046,"F1_426",0,285776.9423,4425740.9152,TRUE
"96",416,0,"F4_95",0.0169704791919574,"F1_427",1,285776.2532,4425739.8035,TRUE
"97",417,0,"F4_96",0.0714592968812227,"F1_418",1,285769.7928,4425738.5945,TRUE
"98",418,0,"F4_97",0.126384590755781,"F1_66",1,285770.719,4425734.9119,TRUE
"99",419,0,"F4_98",0.716675009103076,"F1_430",1,285769.6503,4425733.7191,TRUE
"100",420,0,"F4_99",0.0589975775025997,"F1_414",1,285766.6711,4425741.5269,TRUE
"101",421,0,"F4_100",0.0144909053080581,"F1_32",1,285764.9269,4425741.2183,TRUE
"102",422,0,"F4_101",0.702949434683188,"F1_32",0,285765.6167,4425741.1652,TRUE
"103",423,0,"F4_102",0.318341878232224,"F1_38",1,285761.9554,4425741.0793,TRUE
"104",424,0,"F4_103",2.55161941540189,"F1_38",0,285762.6116,4425738.7689,TRUE
"105",425,0,"F4_104",0.0721203598853603,"F1_64",0,285767.0957,4425736.4784,TRUE
"106",426,0,"F4_105",0.114673685663383,"F1_37",1,285758.9388,4425742.1921,TRUE
"107",428,0,"F4_106",0.268663363180667,"F1_603",1,285814.2423,4425729.9369,TRUE
"108",429,0,"F4_107",0.185900715939391,"F1_599",0,285822.9281,4425727.0971,TRUE
"109",430,0,"F4_108",1.77586927469467,"F1_605",0,285818.0049,4425725.2049,TRUE
"110",431,0,"F4_109",0.227175553083829,"F1_43",1,285811.8424,4425733.6788,TRUE
"111",432,0,"F4_110",0.0780037863302764,"F1_611",1,285808.285,4425733.0768,TRUE
"112",433,0,"F4_111",1.10026405507641,"F1_44",0,285813.7941,4425732.8007,TRUE
"113",434,0,"F4_112",1.0286608670342,"F1_611",0,285808.027,4425732.1241,TRUE
"114",435,0,"F4_113",0.098147062684392,"F1_44",1,285813.1806,4425731.9143,TRUE
"115",436,0,"F4_114",0.074720745377819,"F1_46",0,285806.9586,4425730.8434,TRUE
"116",437,0,"F4_115",0.942733911879499,"F1_608",1,285810.7227,4425729.86,TRUE
"117",438,0,"F4_116",0.384958085769428,"F1_50",1,285811.4492,4425727.8922,TRUE
"118",439,0,"F4_117",0.406548110501632,"F1_51",1,285810.5617,4425727.8668,TRUE
"119",440,0,"F4_118",0.827890614338964,"F1_51",0,285811.0596,4425726.9438,TRUE
"120",441,0,"F4_119",0.602392760291054,"F1_618",0,285801.9931,4425727.5353,TRUE
"121",442,0,"F4_120",1.64089137332349,"F1_620",0,285804.0097,4425724.9741,TRUE
"122",443,0,"F4_121",0.0638850679567837,"F1_59",1,285787.321,4425730.1268,TRUE
"123",444,0,"F4_122",1.14903650777685,"F1_891",0,285782.1087,4425732.9718,TRUE
"124",445,0,"F4_123",0.142264627813516,"F1_891",1,285783.0492,4425732.1032,TRUE
"125",446,0,"F4_124",0.88012697228658,"F1_60",0,285785.5726,4425730.8096,TRUE
"126",447,0,"F4_125",0.102978131115854,"F1_60",1,285786.222,4425730.3086,TRUE
"127",448,0,"F4_126",0.00648827413047415,"F1_69",1,285772.5445,4425731.9638,TRUE
"128",449,0,"F4_127",1.3376722516432,"F1_70",0,285774.441,4425731.4408,TRUE
"129",450,0,"F4_128",0.403661279447336,"F1_429",0,285771.3228,4425731.2677,TRUE
"130",451,0,"F4_129",0.091656831818527,"F1_70",1,285773.4397,4425730.5309,TRUE
"131",452,0,"F4_130",2.06188174389869,"F1_431",0,285770.5212,4425729.6678,TRUE
"132",453,0,"F4_131",1.15076374411085,"F1_72",1,285771.2511,4425728.3848,TRUE
"133",454,0,"F4_132",0.18552485524606,"F1_431",1,285769.2621,4425731.059,TRUE
"134",455,0,"F4_133",0.249342563570745,"F1_71",1,285767.3379,4425728.2698,TRUE
"135",456,0,"F4_134",0.143731865020676,"F1_94",1,285762.0456,4425726.535,TRUE
"136",457,0,"F4_135",0.16157149321116,"F1_95",1,285763.5383,4425725.7185,TRUE
"137",458,0,"F4_136",0.071030999347315,"F1_434",1,285751.7178,4425729.5373,TRUE
"138",459,0,"F4_137",0.113614981466416,"F1_440",1,285755.9279,4425728.5159,TRUE
"139",460,0,"F4_138",0.0175630625462385,"F1_439",1,285755.2354,4425727.2923,TRUE
"140",461,0,"F4_139",0.0812502723698292,"F1_438",1,285753.7106,4425726.5495,TRUE
"141",462,0,"F4_140",0.117952854909356,"F1_437",1,285751.4023,4425725.471,TRUE
"142",463,0,"F4_141",0.334160319579014,"F1_436",1,285750.5059,4425726.8276,TRUE
"143",464,0,"F4_142",4.52195675622133,"F1_606",0,285811.1307,4425721.0473,TRUE
"144",465,0,"F4_143",1.78838897923968,"F1_621",0,285799.5005,4425722.1128,TRUE
"145",466,0,"F4_144",3.13006798917356,"F1_79",1,285803.5048,4425720.2562,TRUE
"146",467,0,"F4_145",0.0379919176798353,"F1_484",1,285771.4192,4425719.5437,TRUE
"147",468,0,"F4_146",0.138895367879595,"F1_485",1,285770.6769,4425718.3548,TRUE
"148",469,0,"F4_147",0.0483069752245345,"F1_486",1,285771.3649,4425715.8438,TRUE
"149",470,0,"F4_148",0.114652824336529,"F1_85",1,285769.128,4425723.6053,TRUE
"150",471,0,"F4_149",0.0925131265416682,"F1_492",1,285769.1662,4425721.83,TRUE
"151",472,0,"F4_150",0.126492674122294,"F1_447",1,285763.2084,4425719.7464,TRUE
"152",473,0,"F4_151",0.125450738063085,"F1_448",1,285764.377,4425719.6218,TRUE
"153",474,0,"F4_152",0.769114447389568,"F1_89",0,285767.3937,4425718.9436,TRUE
"154",475,0,"F4_153",0.201589871515026,"F1_89",1,285766.5139,4425718.8861,TRUE
"155",476,0,"F4_154",0.232166894220508,"F1_459",1,285762.6265,4425717.5544,TRUE
"156",477,0,"F4_155",0.154683629192036,"F1_460",1,285763.9747,4425717.2383,TRUE
"157",478,0,"F4_156",0.215353127466412,"F1_90",1,285767.9744,4425716.7778,TRUE
"158",479,0,"F4_157",0.44816871326915,"F1_102",1,285761.4665,4425716.7753,TRUE
"159",480,0,"F4_158",0.252415824616675,"F1_91",0,285764.77,4425716.286,TRUE
"160",481,0,"F4_159",0.211628232910883,"F1_487",1,285767.1498,4425715.7179,TRUE
"161",482,0,"F4_160",0.224297095110913,"F1_442",1,285756.7004,4425724.1969,TRUE
"162",483,0,"F4_161",0.15884368110398,"F1_443",1,285757.7695,4425723.8598,TRUE
"163",484,0,"F4_162",0.157942971409334,"F1_444",1,285756.2148,4425723.1846,TRUE
"164",485,0,"F4_163",0.203402944295112,"F1_97",1,285759.9298,4425722.0562,TRUE
"165",486,0,"F4_164",0.0451011114521278,"F1_98",1,285758.8176,4425720.362,TRUE
"166",487,0,"F4_165",0.0646609268423023,"F1_453",1,285758.3669,4425719.475,TRUE
"167",488,0,"F4_166",0.194679584280689,"F1_99",1,285756.5941,4425718.5504,TRUE
"168",489,0,"F4_167",0.117105629586718,"F1_103",1,285754.7697,4425717.1001,TRUE
"169",490,0,"F4_168",0.273020055199181,"F1_455",1,285759.1003,4425717.0079,TRUE
"170",491,0,"F4_169",0.287321760929469,"F1_104",1,285756.4554,4425716.3963,TRUE
"171",492,0,"F4_170",0.139439838531097,"F1_457",1,285759.8674,4425716.3676,TRUE
"172",493,0,"F4_171",0.0364382505180358,"F1_461",1,285755.6852,4425716.0574,TRUE
"173",494,0,"F4_172",0.175261501442543,"F1_595",1,285831.7111,4425713.5744,TRUE
"174",495,0,"F4_173",0.999510163637662,"F1_112",0,285805.5916,4425710.5021,TRUE
"175",496,0,"F4_174",0.645362160817934,"F1_112",0,285806.6016,4425710.3279,TRUE
"176",497,0,"F4_175",2.97809815041396,"F1_542",0,285812.6284,4425708.3778,TRUE
"177",498,0,"F4_176",1.38936314873855,"F1_546",0,285787.4377,4425715.0477,TRUE
"178",499,0,"F4_177",0.1949253677547,"F1_130",1,285771.2053,4425711.0729,TRUE
"179",500,0,"F4_178",0.0766443602420205,"F1_496",1,285771.7861,4425709.9689,TRUE
"180",501,0,"F4_179",0.026525384815205,"F1_495",1,285769.7777,4425709.4712,TRUE
"181",502,0,"F4_180",0.0968610697385316,"F1_489",1,285766.9337,4425713.8696,TRUE
"182",503,0,"F4_181",0.706869101166579,"F1_93",0,285764.8253,4425713.5174,TRUE
"183",504,0,"F4_182",1.32457934998877,"F1_465",0,285761.0086,4425713.2369,TRUE
"184",505,0,"F4_183",0.11418704399589,"F1_490",1,285766.9709,4425712.88,TRUE
"185",506,0,"F4_184",0.14760098430015,"F1_93",1,285765.4907,4425712.9825,TRUE
"186",507,0,"F4_185",0.258679574998075,"F1_144",1,285763.9715,4425712.266,TRUE
"187",508,0,"F4_186",0.0250491636547465,"F1_128",1,285769.1059,4425712.0012,TRUE
"188",509,0,"F4_187",0.195183086959603,"F1_491",1,285767.7327,4425711.7349,TRUE
"189",510,0,"F4_188",0.269096837199227,"F1_147",1,285763.5228,4425710.8838,TRUE
"190",511,0,"F4_189",0.137751979478643,"F1_494",1,285766.9894,4425710.7956,TRUE
"191",512,0,"F4_190",0.0667285918376598,"F1_481",1,285762.8323,4425710.0146,TRUE
"192",513,0,"F4_191",0.193723717114743,"F1_131",1,285766.784,4425709.3992,TRUE
"193",514,0,"F4_192",0.0779290033820088,"F1_482",1,285762.9191,4425708.8991,TRUE
"194",515,0,"F4_193",0.075913073206341,"F1_498",1,285761.55,4425708.3234,TRUE
"195",516,0,"F4_194",0.0964599988657341,"F1_499",1,285762.1618,4425707.0672,TRUE
"196",517,0,"F4_195",0.0487121532154701,"F1_463",1,285759.6869,4425715.0405,TRUE
"197",518,0,"F4_196",0.266385762973938,"F1_106",1,285756.6507,4425714.4567,TRUE
"198",519,0,"F4_197",0.254306242392161,"F1_469",1,285754.9806,4425713.8689,TRUE
"199",520,0,"F4_198",0.230168084088996,"F1_107",1,285754.5055,4425713.1006,TRUE
"200",521,0,"F4_199",0.140575452098459,"F1_464",1,285759.3201,4425712.7644,TRUE
"201",522,0,"F4_200",0.284363278173193,"F1_465",1,285759.9597,4425712.5963,TRUE
"202",523,0,"F4_201",0.0448384747182705,"F1_470",1,285753.1748,4425712.5805,TRUE
"203",524,0,"F4_202",0.174211977358646,"F1_145",1,285755.364,4425712.4098,TRUE
"204",525,0,"F4_203",0.21825406780011,"F1_466",1,285757.7988,4425712.1087,TRUE
"205",526,0,"F4_204",0.2741320221444,"F1_146",1,285755.4095,4425711.2376,TRUE
"206",527,0,"F4_205",0.0596471465280258,"F1_472",1,285757.9288,4425710.7142,TRUE
"207",528,0,"F4_206",0.220066533621405,"F1_475",1,285759.7191,4425709.8463,TRUE
"208",529,0,"F4_207",0.154327766875353,"F1_474",1,285758.7527,4425709.3159,TRUE
"209",530,0,"F4_208",0.166778566559295,"F1_150",1,285754.4834,4425709.3731,TRUE
"210",531,0,"F4_209",0.214726843894995,"F1_151",1,285759.6932,4425708.3299,TRUE
"211",532,0,"F4_210",0.172146570775247,"F1_152",1,285758.6255,4425708.2447,TRUE
"212",533,0,"F4_211",0.0869286974082318,"F1_109",1,285844.3034,4425704.5079,TRUE
"213",534,0,"F4_212",2.5539092869389,"F1_594",1,285838.6232,4425706.2285,TRUE
"214",535,0,"F4_213",0.34660289041458,"F1_598",1,285829.349,4425706.3685,TRUE
"215",536,0,"F4_214",3.86534603180721,"F1_114",0,285816.2992,4425704.398,TRUE
"216",537,0,"F4_215",0.0736608511853739,"F1_115",1,285814.8532,4425698.9702,TRUE
"217",538,0,"F4_216",1.12694035268625,"F1_161",0,285807.344,4425699.0864,TRUE
"218",539,0,"F4_217",0.726991735106504,"F1_117",0,285792.2889,4425706.1951,TRUE
"219",540,0,"F4_218",0.180085557516774,"F1_117",1,285793.1367,4425706.0137,TRUE
"220",541,0,"F4_219",0.168214888164417,"F1_539",1,285793.5504,4425705.4548,TRUE
"221",542,0,"F4_220",0.236177923748214,"F1_120",1,285787.8691,4425704.5414,TRUE
"222",543,0,"F4_221",1.10166163571137,"F1_539",0,285793.1724,4425704.2428,TRUE
"223",544,0,"F4_222",0.189726819993335,"F1_121",1,285786.3727,4425703.092,TRUE
"224",545,0,"F4_223",0.280042589568647,"F1_515",1,285780.4303,4425701.2355,TRUE
"225",546,0,"F4_224",0.0824858695127263,"F1_124",1,285785.72,4425700.4159,TRUE
"226",547,0,"F4_225",0.149813769005364,"F1_125",1,285779.4208,4425699.9323,TRUE
"227",548,0,"F4_226",0.28382438352528,"F1_533",1,285786.1052,4425699.1227,TRUE
"228",549,0,"F4_227",0.283538386590832,"F1_163",1,285786.3405,4425698.2042,TRUE
"229",550,0,"F4_228",0.128678032224689,"F1_135",1,285769.4361,4425705.7182,TRUE
"230",551,0,"F4_229",0.493278140623876,"F1_137",0,285776.1494,4425703.0623,TRUE
"231",552,0,"F4_230",0.233900524365651,"F1_512",0,285776.6418,4425703.1232,TRUE
"232",553,0,"F4_231",0.25947962418499,"F1_139",0,285774.9785,4425702.9417,TRUE
"233",554,0,"F4_232",0.151772891177842,"F1_509",1,285774.6794,4425701.8469,TRUE
"234",555,0,"F4_233",0.242728760713631,"F1_140",1,285771.1991,4425701.6379,TRUE
"235",556,0,"F4_234",1.09916254561695,"F1_140",0,285770.3005,4425700.6416,TRUE
"236",557,0,"F4_235",0.106719954557991,"F1_508",1,285775.2349,4425700.3603,TRUE
"237",558,0,"F4_236",0.199356981650058,"F1_501",1,285768.5272,4425706.1611,TRUE
"238",559,0,"F4_237",0.371387831819657,"F1_503",1,285766.1143,4425703.4816,TRUE
"239",560,0,"F4_238",0.434994959506619,"F1_504",1,285766.4106,4425701.3638,TRUE
"240",561,0,"F4_239",0.104828598133471,"F1_142",1,285766.5889,4425700.7505,TRUE
"241",562,0,"F4_240",0.150230831641781,"F1_505",1,285764.111,4425700.2165,TRUE
"242",563,0,"F4_241",0.288182258182003,"F1_506",1,285765.217,4425699.4689,TRUE
"243",564,0,"F4_242",0.175016049310198,"F1_153",1,285862.1425,4425690.1835,TRUE
"244",565,0,"F4_243",0.0891431133309089,"F1_164",1,285780.4023,4425697.2573,TRUE
"245",566,0,"F4_244",0.138926864746321,"F1_165",1,285779.3556,4425697.0519,TRUE
"246",567,0,"F4_245",0.329038192428074,"F1_524",1,285780.8088,4425694.5894,TRUE
"247",568,0,"F4_246",0.019858055578016,"F1_168",1,285779.1931,4425689.7245,TRUE
"248",569,0,"F4_247",0.24753582209601,"F1_522",1,285777.7735,4425697.3625,TRUE
"249",570,0,"F4_248",0.120034591497289,"F1_528",1,285777.4622,4425690.6392,TRUE
"250",571,0,"F4_249",0.259358398642779,"F1_172",1,285775.7659,4425689.3405,TRUE
"251",572,0,"F4_250",0.115947402741247,"F1_591",1,285855.271,4425688.4934,TRUE
"252",573,0,"F4_251",0.280154544454877,"F1_581",1,285837.3444,4425681.0352,TRUE
"253",574,0,"F4_252",0.107484216197276,"F1_573",1,285830.5581,4425676.7467,TRUE
"254",575,0,"F4_253",0.0563725439112392,"F1_181",1,285828.7129,4425671.4405,TRUE
"255",576,0,"F4_254",0.0630702890048119,"F1_182",1,285737.6756,4425675.2397,TRUE
"256",577,0,"F4_255",0.0858450437684358,"F1_746",1,285725.716,4425671.6492,TRUE
"257",578,0,"F4_256",0.0558393714811865,"F1_743",1,285724.2618,4425675.3017,TRUE
"258",579,0,"F4_257",0.132754156016747,"F1_744",1,285723.8992,4425674.0257,TRUE
"259",580,0,"F4_258",0.11747926718737,"F1_183",1,285722.9888,4425673.7404,TRUE
"260",581,0,"F4_259",0.134074896138899,"F1_752",1,285715.1004,4425673.6799,TRUE
"261",582,0,"F4_260",0.119371335688091,"F1_184",1,285714.5628,4425672.8927,TRUE
"262",583,0,"F4_261",0.0792110633364283,"F1_753",1,285715.187,4425671.7652,TRUE
"263",584,0,"F4_262",0.108141389047636,"F1_186",1,285712.3863,4425671.5357,TRUE
"264",585,0,"F4_263",0.155461435826329,"F1_187",1,285713.9224,4425671.1503,TRUE
"265",586,0,"F4_264",0.0852128079693241,"F1_570",1,285832.348,4425665.0728,TRUE
"266",587,0,"F4_265",0.0893822164832271,"F1_188",1,285832.4496,4425662.444,TRUE
"267",588,0,"F4_266",0.171518492635996,"F1_568",1,285830.9634,4425663.7702,TRUE
"268",589,0,"F4_267",0.145417497350841,"F1_567",1,285831.9304,4425663.5838,TRUE
"269",590,0,"F4_268",0.114299223906693,"F1_566",1,285831.3005,4425662.4654,TRUE
"270",591,0,"F4_269",0.143881474089317,"F1_725",1,285735.8087,4425669.473,TRUE
"271",592,0,"F4_270",0.0506048204521056,"F1_209",1,285733.4558,4425668.4472,TRUE
"272",593,0,"F4_271",0.134557683086808,"F1_726",1,285736.8061,4425667.5774,TRUE
"273",594,0,"F4_272",0.305426214394302,"F1_727",1,285738.111,4425667.4562,TRUE
"274",595,0,"F4_273",0.224093496850387,"F1_212",1,285733.4886,4425667.3308,TRUE
"275",596,0,"F4_274",0.108883866577892,"F1_195",1,285739.0922,4425667.1579,TRUE
"276",597,0,"F4_275",0.131270338924967,"F1_213",1,285734.4823,4425666.7572,TRUE
"277",598,0,"F4_276",0.0612542243171048,"F1_196",1,285738.5434,4425666.3185,TRUE
"278",599,0,"F4_277",0.114226417984297,"F1_728",1,285737.4374,4425666.343,TRUE
"279",600,0,"F4_278",0.0429041049154231,"F1_729",1,285737.956,4425665.1389,TRUE
"280",601,0,"F4_279",0.0507625911532174,"F1_735",1,285734.0955,4425665.2106,TRUE
"281",602,0,"F4_280",0.0826028583389166,"F1_730",1,285740.4206,4425664.4449,TRUE
"282",603,0,"F4_281",0.107173471991016,"F1_217",1,285734.2445,4425664.3018,TRUE
"283",604,0,"F4_282",0.110539801301064,"F1_732",1,285736.5573,4425664.2397,TRUE
"284",605,0,"F4_283",0.0471636249848563,"F1_731",1,285739.4817,4425663.9462,TRUE
"285",606,0,"F4_284",0.115729636674241,"F1_218",1,285734.3263,4425663.37,TRUE
"286",607,0,"F4_285",0.0225959571902487,"F1_737",1,285739.6869,4425662.6924,TRUE
"287",608,0,"F4_286",0.0495129305288522,"F1_210",1,285725.8702,4425667.796,TRUE
"288",609,0,"F4_287",0.0785690547114651,"F1_736",1,285732.8858,4425665.8307,TRUE
"289",610,0,"F4_288",0.0787526234072438,"F1_215",1,285725.4588,4425665.7711,TRUE
"290",611,0,"F4_289",0.0600870152531033,"F1_733",1,285733.3135,4425665.1862,TRUE
"291",612,0,"F4_290",0.0639554713581089,"F1_216",1,285726.3088,4425664.754,TRUE
"292",613,0,"F4_291",0.0510938643617683,"F1_750",1,285725.257,4425664.3648,TRUE
"293",614,0,"F4_292",0.127875171645874,"F1_755",1,285715.7741,4425670.7921,TRUE
"294",615,0,"F4_293",0.196843696691287,"F1_223",1,285716.8121,4425669.8582,TRUE
"295",616,0,"F4_294",0.0761744323437532,"F1_225",1,285716.9503,4425668.876,TRUE
"296",617,0,"F4_295",1.25652209642221,"F1_211",0,285724.2282,4425668.6884,TRUE
"297",618,0,"F4_296",0.122871476142607,"F1_228",1,285718.2842,4425667.8426,TRUE
"298",619,0,"F4_297",0.0686395886660514,"F1_229",1,285715.885,4425667.1375,TRUE
"299",620,0,"F4_298",0.107321120409904,"F1_230",1,285718.473,4425666.4814,TRUE
"300",621,0,"F4_299",0.0592722151837423,"F1_231",1,285720.2478,4425666.4078,TRUE
"301",622,0,"F4_300",0.0615623626379808,"F1_748",1,285722.0308,4425666.212,TRUE
"302",623,0,"F4_301",0.20377007615581,"F1_749",1,285724.3006,4425665.9059,TRUE
"303",624,0,"F4_302",0.071177577081344,"F1_233",1,285715.6694,4425665.8647,TRUE
"304",625,0,"F4_303",0.0540180082310437,"F1_234",1,285716.839,4425665.721,TRUE
"305",626,0,"F4_304",0.0694264950410127,"F1_760",1,285715.8168,4425664.9526,TRUE
"306",627,0,"F4_305",0.15735058289957,"F1_235",1,285722.1018,4425664.8694,TRUE
"307",628,0,"F4_306",0.117972783811389,"F1_236",1,285720.5858,4425664.7848,TRUE
"308",629,0,"F4_307",0.0270478646197491,"F1_240",1,285717.6749,4425663.7967,TRUE
"309",630,0,"F4_308",0.0683400904853986,"F1_756",1,285721.3874,4425663.4532,TRUE
"310",631,0,"F4_309",0.0782565615109989,"F1_757",1,285721.3599,4425662.4597,TRUE
"311",632,0,"F4_310",0.0229134781501728,"F1_219",1,285724.2663,4425662.5154,TRUE
"312",633,0,"F4_311",0.0590373942291309,"F1_222",1,285713.5331,4425670.138,TRUE
"313",634,0,"F4_312",0.0994594910477513,"F1_224",1,285714.5553,4425669.9119,TRUE
"314",635,0,"F4_313",0.130217674575186,"F1_226",1,285714.7928,4425668.7704,TRUE
"315",636,0,"F4_314",0.0697788787139644,"F1_227",1,285715.3591,4425668.1401,TRUE
"316",637,0,"F4_315",2.10401136524565,"F1_232",0,285712.5929,4425667.9081,TRUE
"317",638,0,"F4_316",1.07447611902366,"F1_232",0,285712.8388,4425666.7142,TRUE
"318",639,0,"F4_317",0.129632099333134,"F1_232",0,285713.6273,4425666.1679,TRUE
"319",640,0,"F4_318",0.088464244841303,"F1_239",1,285713.7083,4425664.4998,TRUE
"320",641,0,"F4_319",0.217134075208381,"F1_759",1,285714.931,4425664.1551,TRUE
"321",642,0,"F4_320",0.207518440645122,"F1_886",1,285844.6131,4425660.1758,TRUE
"322",643,0,"F4_321",0.0894415604564617,"F1_262",1,285832.0799,4425653.5319,TRUE
"323",644,0,"F4_322",0.138559546174246,"F1_564",1,285830.415,4425661.8205,TRUE
"324",645,0,"F4_323",0.131861237298467,"F1_189",1,285830.9344,4425661.463,TRUE
"325",646,0,"F4_324",0.199971219998276,"F1_190",1,285829.868,4425660.9804,TRUE
"326",647,0,"F4_325",0.148346348419864,"F1_563",1,285829.1432,4425660.8731,TRUE
"327",648,0,"F4_326",0.194610871563182,"F1_191",1,285829.3042,4425657.1312,TRUE
"328",649,0,"F4_327",0.204998535010442,"F1_561",1,285828.4463,4425656.6922,TRUE
"329",650,0,"F4_328",0.102016986534926,"F1_256",1,285829.2294,4425656.1031,TRUE
"330",651,0,"F4_329",0.101705278217487,"F1_258",1,285829.1573,4425654.9379,TRUE
"331",652,0,"F4_330",0.0636734486344652,"F1_260",1,285830.9043,4425654.2064,TRUE
"332",653,0,"F4_331",0.0511115846509972,"F1_261",1,285828.6259,4425654.002,TRUE
"333",654,0,"F4_332",0.113113386852742,"F1_263",1,285830.201,4425653.2824,TRUE
"334",655,0,"F4_333",0.137784230433236,"F1_558",1,285826.8651,4425653.1407,TRUE
"335",656,0,"F4_334",0.0525194062573932,"F1_792",1,285743.2764,4425657.9949,TRUE
"336",657,0,"F4_335",0.165948845156685,"F1_206",1,285744.9859,4425657.8738,TRUE
"337",658,0,"F4_336",0.0744781992978517,"F1_793",1,285746.193,4425657.5092,TRUE
"338",659,0,"F4_337",0.138187709999495,"F1_799",1,285742.9516,4425657.0182,TRUE
"339",660,0,"F4_338",0.182570485282987,"F1_797",1,285745.1691,4425655.5329,TRUE
"340",661,0,"F4_339",0.0684405933364109,"F1_277",1,285747.5588,4425654.6239,TRUE
"341",662,0,"F4_340",0.0657387490058802,"F1_798",1,285745.4477,4425654.4049,TRUE
"342",663,0,"F4_341",0.303021397707866,"F1_278",1,285749.2175,4425654.1963,TRUE
"343",664,0,"F4_342",0.0449961425794995,"F1_280",1,285744.3351,4425654.292,TRUE
"344",665,0,"F4_343",0.138130837864408,"F1_282",1,285747.3622,4425653.7661,TRUE
"345",666,0,"F4_344",0.118722903430824,"F1_283",1,285749.1234,4425653.4238,TRUE
"346",667,0,"F4_345",0.0896211300797083,"F1_284",1,285746.3853,4425653.2719,TRUE
"347",668,0,"F4_346",0.13023740458372,"F1_199",1,285740.3741,4425661.9303,TRUE
"348",669,0,"F4_347",0.0514138069471363,"F1_203",1,285742.0291,4425660.9263,TRUE
"349",670,0,"F4_348",0.0565901413177785,"F1_204",1,285738.6531,4425660.6426,TRUE
"350",671,0,"F4_349",0.1055224267585,"F1_205",1,285736.8583,4425659.8645,TRUE
"351",672,0,"F4_350",0.0520346849849444,"F1_790",1,285741.8451,4425659.2077,TRUE
"352",673,0,"F4_351",0.148278520188731,"F1_207",1,285736.2172,4425657.0676,TRUE
"353",674,0,"F4_352",0.152566687184968,"F1_800",1,285741.2061,4425656.8247,TRUE
"354",675,0,"F4_353",0.0641732723475307,"F1_801",1,285739.8911,4425656.8832,TRUE
"355",676,0,"F4_354",0.0478276405608703,"F1_208",1,285737.1652,4425656.7853,TRUE
"356",677,0,"F4_355",0.0780886194480478,"F1_271",1,285739.2222,4425656.2938,TRUE
"357",678,0,"F4_356",0.0459645512176342,"F1_272",1,285738.2234,4425656.2421,TRUE
"358",679,0,"F4_357",0.107618311377113,"F1_275",1,285740.9467,4425655.5613,TRUE
"359",680,0,"F4_358",0.0804049705024416,"F1_276",1,285738.9893,4425654.8334,TRUE
"360",681,0,"F4_359",0.300269850362989,"F1_279",1,285741.9985,4425654.2774,TRUE
"361",682,0,"F4_360",0.0645551760860874,"F1_281",1,285736.5915,4425654.1368,TRUE
"362",683,0,"F4_361",0.120997395185135,"F1_802",1,285738.8236,4425653.5788,TRUE
"363",684,0,"F4_362",0.272320594242454,"F1_739",1,285725.8017,4425660.5918,TRUE
"364",685,0,"F4_363",0.0366273364378404,"F1_787",1,285729.2152,4425653.0742,TRUE
"365",686,0,"F4_364",0.0760977018904319,"F1_758",1,285721.863,4425661.6652,TRUE
"366",687,0,"F4_365",0.0165066183810812,"F1_762",1,285715.7089,4425661.2896,TRUE
"367",688,0,"F4_366",0.0511183621791499,"F1_220",1,285724.1943,4425661.0703,TRUE
"368",689,0,"F4_367",0.0709335907007835,"F1_247",1,285721.8927,4425660.4245,TRUE
"369",690,0,"F4_368",0.165925795915423,"F1_776",1,285722.4232,4425656.5997,TRUE
"370",691,0,"F4_369",0.1606223501769,"F1_777",1,285721.3591,4425655.9648,TRUE
"371",692,0,"F4_370",0.201164332153178,"F1_778",1,285719.3995,4425655.2039,TRUE
"372",693,0,"F4_371",0.369896097104567,"F1_780",1,285718.3251,4425653.3917,TRUE
"373",694,0,"F4_372",0.19102558971272,"F1_774",1,285706.7514,4425661.7143,TRUE
"374",695,0,"F4_373",0.220310197498647,"F1_552",1,285828.9376,4425651.2614,TRUE
"375",696,0,"F4_374",0.0746734050748813,"F1_267",1,285768.4399,4425644.5801,TRUE
"376",697,0,"F4_375",0.291691539067029,"F1_270",1,285751.7267,4425644.303,TRUE
"377",698,0,"F4_376",0.109826424589415,"F1_806",1,285743.8826,4425652.6857,TRUE
"378",699,0,"F4_377",0.0729831537616581,"F1_287",1,285747.4423,4425652.6501,TRUE
"379",700,0,"F4_378",0.136007147852687,"F1_288",1,285745.6815,4425652.5631,TRUE
"380",701,0,"F4_379",0.0536363726172363,"F1_289",1,285742.8003,4425651.9483,TRUE
"381",702,0,"F4_380",0.161943526273508,"F1_290",1,285744.214,4425651.5594,TRUE
"382",703,0,"F4_381",0.262231842163635,"F1_291",1,285747.8764,4425651.4233,TRUE
"383",704,0,"F4_382",0.182129546532671,"F1_813",1,285746.0705,4425651.1247,TRUE
"384",705,0,"F4_383",0.0409391756139817,"F1_816",1,285749.8669,4425650.4512,TRUE
"385",706,0,"F4_384",0.245532567947225,"F1_293",1,285743.692,4425650.5376,TRUE
"386",707,0,"F4_385",0.050114025724079,"F1_814",1,285746.1218,4425650.2386,TRUE
"387",708,0,"F4_386",0.15103069046522,"F1_817",1,285750.614,4425649.9006,TRUE
"388",709,0,"F4_387",0.0621974454371575,"F1_296",1,285748.1494,4425649.7582,TRUE
"389",710,0,"F4_388",0.159975248988934,"F1_298",1,285742.3344,4425649.1547,TRUE
"390",711,0,"F4_389",0.161181920277607,"F1_297",1,285749.0836,4425649.1931,TRUE
"391",712,0,"F4_390",0.0925224495257173,"F1_299",1,285746.8627,4425648.9763,TRUE
"392",713,0,"F4_391",0.0791082170926821,"F1_818",1,285751.066,4425648.8072,TRUE
"393",714,0,"F4_392",0.3157698921067,"F1_820",1,285748.3451,4425648.5653,TRUE
"394",715,0,"F4_393",0.105682273263042,"F1_300",1,285742.6292,4425648.2716,TRUE
"395",716,0,"F4_394",0.141866918679509,"F1_815",1,285746.3112,4425648.0069,TRUE
"396",717,0,"F4_395",0.89885129146443,"F1_820",0,285747.2804,4425647.9808,TRUE
"397",718,0,"F4_396",0.225099862883927,"F1_811",1,285743.8172,4425647.8502,TRUE
"398",719,0,"F4_397",0.0535620840117023,"F1_301",1,285748.3809,4425647.5824,TRUE
"399",720,0,"F4_398",0.165836960748249,"F1_302",1,285749.7178,4425647.0675,TRUE
"400",721,0,"F4_399",0.0761098089142875,"F1_303",1,285742.8389,4425646.9633,TRUE
"401",722,0,"F4_400",0.199696440629114,"F1_304",1,285747.0106,4425646.624,TRUE
"402",723,0,"F4_401",0.34595142425758,"F1_305",1,285745.9252,4425646.1483,TRUE
"403",724,0,"F4_402",0.197103398037607,"F1_822",1,285744.7598,4425646.0266,TRUE
"404",725,0,"F4_403",0.232237578352225,"F1_308",1,285747.1705,4425645.5786,TRUE
"405",726,0,"F4_404",0.172855873676803,"F1_307",1,285742.5941,4425645.717,TRUE
"406",727,0,"F4_405",0.117710200005221,"F1_831",1,285749.0712,4425645.3211,TRUE
"407",728,0,"F4_406",0.177668695037532,"F1_823",1,285745.9752,4425644.8382,TRUE
"408",729,0,"F4_407",0.107473253236108,"F1_824",1,285744.8571,4425644.4757,TRUE
"409",730,0,"F4_408",0.118027970975431,"F1_285",1,285740.7173,4425652.9839,TRUE
"410",731,0,"F4_409",0.0499047572441462,"F1_805",1,285739.6935,4425652.8415,TRUE
"411",732,0,"F4_410",0.0958364508589394,"F1_286",1,285737.8746,4425652.8642,TRUE
"412",733,0,"F4_411",0.0443965940347162,"F1_803",1,285738.6595,4425652.5078,TRUE
"413",734,0,"F4_412",0.0671947539356259,"F1_292",1,285739.4883,4425651.1416,TRUE
"414",735,0,"F4_413",0.166252629211416,"F1_808",1,285741.9155,4425650.8576,TRUE
"415",736,0,"F4_414",0.0694894794164692,"F1_809",1,285739.7405,4425649.2583,TRUE
"416",737,0,"F4_415",0.0835501669507603,"F1_810",1,285740.5448,4425648.2128,TRUE
"417",738,0,"F4_416",0.176289115177791,"F1_306",1,285741.6951,4425646.0764,TRUE
"418",739,0,"F4_417",0.110640679734112,"F1_314",1,285728.7648,4425652.0786,TRUE
"419",740,0,"F4_418",0.118897903073972,"F1_783",1,285728.3294,4425648.95,TRUE
"420",741,0,"F4_419",0.848822705276554,"F1_316",1,285727.4865,4425647.8213,TRUE
"421",742,0,"F4_420",0.0925092051334548,"F1_877",1,285769.9741,4425642.5149,TRUE
"422",743,0,"F4_421",0.0630914645146397,"F1_876",1,285770.4097,4425641.4647,TRUE
"423",744,0,"F4_422",0.118171657500265,"F1_322",1,285769.3006,4425640.789,TRUE
"424",745,0,"F4_423",0.0533525584493719,"F1_268",1,285767.9132,4425643.6775,TRUE
"425",746,0,"F4_424",0.137260282166488,"F1_269",1,285768.5519,4425643.4436,TRUE
"426",747,0,"F4_425",0.116262347003628,"F1_879",1,285767.4037,4425642.6933,TRUE
"427",748,0,"F4_426",0.545241395004737,"F1_884",0,285765.9203,4425641.9544,TRUE
"428",749,0,"F4_427",0.0850131409229372,"F1_833",1,285751.9973,4425642.5073,TRUE
"429",750,0,"F4_428",0.0873212474455229,"F1_323",1,285752.8166,4425641.2597,TRUE
"430",751,0,"F4_429",1.21881518317776,"F1_326",0,285755.0408,4425638.8026,TRUE
"431",752,0,"F4_430",0.158886635205569,"F1_325",1,285753.0196,4425638.4999,TRUE
"432",753,0,"F4_431",0.148512249237888,"F1_326",1,285754.1523,4425637.9792,TRUE
"433",754,0,"F4_432",0.0967037706142916,"F1_327",1,285752.6865,4425637.5159,TRUE
"434",755,0,"F4_433",0.262714534830319,"F1_840",1,285755.74,4425636.3858,TRUE
"435",756,0,"F4_434",0.089592268407893,"F1_309",1,285746.7229,4425643.8431,TRUE
"436",757,0,"F4_435",0.0573310975553452,"F1_310",1,285749.4627,4425643.0309,TRUE
"437",758,0,"F4_436",0.145988330342891,"F1_828",1,285748.3345,4425642.5986,TRUE
"438",759,0,"F4_437",0.182362168699677,"F1_830",1,285749.9823,4425641.8059,TRUE
"439",760,0,"F4_438",0.0275955421736524,"F1_829",1,285748.8384,4425641.7509,TRUE
"440",761,0,"F4_439",0.204207224896148,"F1_827",1,285746.6454,4425641.1068,TRUE
"441",762,0,"F4_440",0.122817844423526,"F1_343",1,285748.182,4425641.0507,TRUE
"442",763,0,"F4_441",0.134519984080628,"F1_834",1,285750.8032,4425640.8011,TRUE
"443",764,0,"F4_442",0.131463297837487,"F1_330",1,285755.1792,4425635.0001,TRUE
"444",765,0,"F4_443",0.152333955274624,"F1_845",1,285756.6371,4425634.1818,TRUE
"445",766,0,"F4_444",0.240261198235806,"F1_846",1,285756.2398,4425632.5971,TRUE
"446",767,0,"F4_445",0.324916052264076,"F1_335",1,285754.5951,4425632.7013,TRUE
"447",768,0,"F4_446",0.0282533192134794,"F1_849",1,285758.5058,4425630.1782,TRUE
"448",769,0,"F4_447",0.0911571777694686,"F1_364",1,285759.7174,4425628.4378,TRUE
"449",770,0,"F4_448",0.103114966613325,"F1_852",1,285759.1365,4425627.0531,TRUE
"450",771,0,"F4_449",0.0880297800035435,"F1_351",1,285770.3934,4425621.2103,TRUE
"451",772,0,"F4_450",0.0201298480356504,"F1_352",1,285769.4014,4425620.941,TRUE
"452",773,0,"F4_451",0.0939863074315388,"F1_358",1,285769.5324,4425619.1562,TRUE
"453",774,0,"F4_452",0.0316105443946534,"F1_862",1,285771.6441,4425618.3725,TRUE
"454",775,0,"F4_453",0.189670872138859,"F1_863",1,285770.7471,4425617.4332,TRUE
"455",776,0,"F4_454",0.0269190346867286,"F1_864",1,285771.8175,4425617.2836,TRUE
"456",777,0,"F4_455",0.0892625785485518,"F1_359",1,285769.4472,4425617.1579,TRUE
"457",778,0,"F4_456",0.0497542868393304,"F1_366",1,285763.8475,4425624.6609,TRUE
"458",779,0,"F4_457",0.122080022880243,"F1_347",1,285764.964,4425624.2633,TRUE
"459",780,0,"F4_458",0.0840102010236143,"F1_348",1,285766.149,4425623.6748,TRUE
"460",781,0,"F4_459",0.158271935482682,"F1_859",1,285764.41,4425623.4121,TRUE
"461",782,0,"F4_460",0.0604245786548767,"F1_349",1,285768.2251,4425622.5372,TRUE
"462",783,0,"F4_461",0.0445163599107713,"F1_350",1,285768.5437,4425621.3999,TRUE
"463",784,0,"F4_462",0.06639527207715,"F1_353",1,285766.3761,4425620.6752,TRUE
"464",785,0,"F4_463",0.0346539680803298,"F1_354",1,285767.5776,4425620.6018,TRUE
"465",786,0,"F4_464",0.0423553648383267,"F1_356",1,285765.8859,4425619.5951,TRUE
"466",787,0,"F4_465",0.0975021995915478,"F1_860",1,285767.2793,4425618.4997,TRUE
"467",788,0,"F4_466",0.955053873150096,"F1_359",0,285768.4317,4425617.3978,TRUE
"468",789,0,"F4_467",0.622281442667406,"F1_370",0,285780.1165,4425614.2975,TRUE
"469",790,0,"F4_468",0.235068291302312,"F1_372",1,285780.6702,4425611.0177,TRUE
"470",791,0,"F4_469",0.0671038629385535,"F1_872",1,285778.9188,4425609.9936,TRUE
"471",792,0,"F4_470",0.100138415305879,"F1_373",1,285780.8693,4425609.3366,TRUE
"472",793,0,"F4_471",0.0799905015717982,"F1_374",1,285780.0563,4425608.7235,TRUE
"473",794,0,"F4_472",1.64920185249888,"F1_378",0,285774.4713,4425616.0479,TRUE
"474",795,0,"F4_473",0.11222912534593,"F1_360",1,285772.1857,4425615.8693,TRUE
"475",796,0,"F4_474",0.121037618762073,"F1_868",1,285777.4439,4425615.4874,TRUE
"476",797,0,"F4_475",0.982884554396332,"F1_378",0,285774.9086,4425615.4126,TRUE
"477",798,0,"F4_476",0.66641216937706,"F1_379",0,285771.7415,4425614.9715,TRUE
"478",799,0,"F4_477",0.165518974149177,"F1_866",1,285773.0128,4425615.0944,TRUE
"479",800,0,"F4_478",0.130584125796337,"F1_363",1,285777.0377,4425614.6437,TRUE
"480",801,0,"F4_479",0.100264508540243,"F1_378",1,285774.8459,4425614.529,TRUE
"481",802,0,"F4_480",0.216438583253218,"F1_379",1,285772.2602,4425614.4749,TRUE
"482",803,0,"F4_481",0.0939577638262491,"F1_382",1,285773.2304,4425613.9205,TRUE
"483",804,0,"F4_482",0.145274209408011,"F1_885",1,285776.9397,4425613.6492,TRUE
"484",805,0,"F4_483",0.0974225273826535,"F1_383",1,285775.0001,4425613.1943,TRUE
"485",806,0,"F4_484",0.0424810654078086,"F1_384",1,285772.2828,4425613.0233,TRUE
"486",807,0,"F4_485",0.12712142066806,"F1_385",1,285773.5244,4425612.9311,TRUE
"487",808,0,"F4_486",0.115790669730398,"F1_386",1,285771.3725,4425612.5011,TRUE
"488",809,0,"F4_487",0.155917204174916,"F1_387",0,285775.6778,4425612.2537,TRUE
"489",810,0,"F4_488",0.113432458395279,"F1_869",1,285776.2038,4425611.2747,TRUE
"490",811,0,"F4_489",0.402020414156508,"F1_871",1,285777.8246,4425611.0313,TRUE
"491",812,0,"F4_490",0.214802462507863,"F1_870",1,285777.2674,4425610.2973,TRUE
"492",813,0,"F4_491",0.155245283307196,"F1_375",1,285778.9504,4425607.9495,TRUE
"493",814,0,"F4_492",0.039743280342623,"F1_377",1,285779.5966,4425607.2713,TRUE
"494",815,0,"F4_493",0.124229992894472,"F1_873",1,285780.1785,4425606.2153,TRUE
"495",816,0,"F4_494",0.172023002812435,"F1_388",1,285777.6085,4425607.883,TRUE
"496",817,0,"F4_495",0.0994547866117438,"F1_590",1,285854.6891,4425687.5462,TRUE
"497",818,0,"F4_496",2.49438675202937,"F1_590",0,285856.4115,4425685.6412,TRUE
"498",819,0,"F4_497",0.169386883231792,"F1_159",0,285860.2533,4425687.4033,TRUE
"499",820,0,"F4_498",1.14292235798266,"F1_154",1,285853.3344,4425693.9089,TRUE
"500",821,0,"F4_499",0.138454427304248,"F1_108",1,285841.2919,4425707.8009,TRUE
"501",822,0,"F4_500",0.163979972713224,"F1_593",1,285844.6997,4425699.5247,TRUE
"502",823,0,"F4_501",0.022312140258525,"F1_174",1,285836.3495,4425682.1733,TRUE
"503",824,0,"F4_502",0.0349149477251279,"F1_582",1,285835.1006,4425682.0675,TRUE
"504",825,0,"F4_503",0.0950187199435356,"F1_580",1,285835.651,4425681.189,TRUE
"505",826,0,"F4_504",0.0768011023699214,"F1_586",1,285833.9682,4425682.8506,TRUE
"506",827,0,"F4_505",0.0469616618617314,"F1_587",1,285833.238,4425683.5068,TRUE
"507",828,0,"F4_506",0.130372175690517,"F1_588",1,285832.0632,4425683.6444,TRUE
"508",829,0,"F4_507",0.0769036959756918,"F1_584",1,285831.4811,4425682.4379,TRUE
"509",830,0,"F4_508",0.151447092468818,"F1_177",1,285830.1582,4425682.5543,TRUE
"510",831,0,"F4_509",0.0448066858762154,"F1_178",1,285832.2325,4425681.0515,TRUE
"511",832,0,"F4_510",0.0175435689813858,"F1_576",1,285832.7935,4425679.6968,TRUE
"512",833,0,"F4_511",0.139426599680076,"F1_578",1,285834.0635,4425679.9825,TRUE
"513",834,0,"F4_512",0.0965371133213529,"F1_579",1,285834.8255,4425680.2048,TRUE
"514",835,0,"F4_513",0.326070457817452,"F1_176",1,285835.4499,4425679.337,TRUE
"515",836,0,"F4_514",0.0104956756535778,"F1_175",1,285836.6564,4425679.337,TRUE
"516",837,0,"F4_515",0.0737406635871676,"F1_577",1,285837.122,4425679.9931,TRUE
"517",838,0,"F4_516",0.0420459192856979,"F1_575",1,285832.5606,4425678.8078,TRUE
"518",839,0,"F4_517",0.0956385951510641,"F1_574",1,285831.9785,4425676.9345,TRUE
"519",840,0,"F4_518",0.136408372302392,"F1_572",1,285829.3644,4425676.7335,TRUE
"520",841,0,"F4_519",0.320105697877188,"F1_179",1,285830.264,4425675.9715,TRUE
"521",842,0,"F4_520",0.100696117351669,"F1_180",1,285828.4814,4425673.8125,TRUE
"522",843,0,"F4_521",0.0932809381441778,"F1_589",1,285829.3069,4425671.2936,TRUE
"523",844,0,"F4_522",0.0475840662211401,"F1_569",1,285830.041,4425663.6822,TRUE
"524",845,0,"F4_523",0.0599117942696987,"F1_565",1,285830.848,4425660.2426,TRUE
"525",846,0,"F4_524",0.168806288590434,"F1_560",1,285828.0304,4425656.2507,TRUE
"526",847,0,"F4_525",0.182672602185537,"F1_257",1,285828.6071,4425655.5733,TRUE
"527",848,0,"F4_526",0.968931797048397,"F1_256",0,285830.1999,4425656.2559,TRUE
"528",849,0,"F4_527",0.10674629165682,"F1_559",1,285830.0941,4425655.1288,TRUE
"529",850,0,"F4_528",0.162426349965562,"F1_259",1,285827.7658,4425654.4515,TRUE
"530",851,0,"F4_529",0.201923479232485,"F1_556",1,285829.5808,4425654.1446,TRUE
"531",852,0,"F4_530",0.13002598215986,"F1_266",1,285826.9879,4425652.3115,TRUE
"532",853,0,"F4_531",0.0629550329413825,"F1_550",1,285827.2895,4425651.1156,TRUE
"533",854,0,"F4_532",0.179560214042728,"F1_553",1,285829.9248,4425651.7189,TRUE
"534",855,0,"F4_533",0.125849265491878,"F1_265",1,285829.7766,4425652.5285,TRUE
"535",856,0,"F4_534",0.292666948608568,"F1_557",1,285827.9827,4425653.4598,TRUE
"536",857,0,"F4_535",0.104261336078287,"F1_264",1,285828.7553,4425652.9624,TRUE
"537",858,0,"F4_536",0.205731962913137,"F1_551",0,285828.2209,4425651.0892,TRUE
"538",859,0,"F4_537",0.125854790267675,"F1_554",1,285830.6772,4425652.0968,TRUE
"539",860,0,"F4_538",0.101128694429478,"F1_555",1,285831.2858,4425653.4991,TRUE
"540",861,0,"F4_539",0.131655344231975,"F1_583",1,285832.8953,4425682.3699,TRUE
"541",862,0,"F4_540",0.153537834904417,"F1_371",1,285778.7959,4425612.4562,TRUE
"542",863,0,"F4_541",0.0646031540307246,"F1_381",1,285775.7532,4425614.0173,TRUE
"543",864,0,"F4_542",0.206688568078152,"F1_362",1,285770.9642,4425614.7052,TRUE
"544",865,0,"F4_543",0.109044431447256,"F1_361",1,285770.0911,4425615.3137,TRUE
"545",866,0,"F4_544",0.0414243697416631,"F1_380",1,285769.9588,4425614.4142,TRUE
"546",867,0,"F4_545",0.133530017784744,"F1_865",1,285769.4826,4425615.8165,TRUE
"547",868,0,"F4_546",0.154129352560856,"F1_867",1,285772.9486,4425616.6896,TRUE
"548",869,0,"F4_547",0.0961178106818526,"F1_357",1,285766.7309,4425619.4148,TRUE
"549",870,0,"F4_548",0.0133314138520117,"F1_368",1,285762.3653,4425623.0925,TRUE
"550",871,0,"F4_549",0.12117338968685,"F1_855",1,285760.5661,4425624.389,TRUE
"551",872,0,"F4_550",0.25076937055377,"F1_857",1,285760.7778,4425623.1454,TRUE
"552",873,0,"F4_551",0.140253234368049,"F1_367",1,285759.3093,4425624.2435,TRUE
"553",874,0,"F4_552",0.0705137685482207,"F1_365",1,285759.1506,4425625.4738,TRUE
"554",875,0,"F4_553",0.164126734976085,"F1_853",1,285757.788,4425626.6115,TRUE
"555",876,0,"F4_554",0.409032243466214,"F1_853",0,285758.1319,4425626.3866,TRUE
"556",877,0,"F4_555",0.132450551423929,"F1_851",1,285758.3304,4425627.7624,TRUE
"557",878,0,"F4_556",1.89919120242766,"F1_342",0,285755.3538,4425628.1725,TRUE
"558",879,0,"F4_557",0.203548295988441,"F1_341",1,285759.1043,4425629.5704,TRUE
"559",880,0,"F4_558",0.0662496069168709,"F1_342",1,285756.9082,4425629.3058,TRUE
"560",881,0,"F4_559",0.0938623907379266,"F1_340",1,285754.7254,4425630.0731,TRUE
"561",882,0,"F4_560",0.187659778113363,"F1_844",1,285754.3021,4425631.0653,TRUE
"562",883,0,"F4_561",0.1437381097368,"F1_336",1,285753.4289,4425631.9781,TRUE
"563",884,0,"F4_562",0.0827422453968253,"F1_337",1,285755.2678,4425631.9252,TRUE
"564",885,0,"F4_563",0.152348813167948,"F1_843",1,285752.3309,4425632.3485,TRUE
"565",886,0,"F4_564",0.0697908816970527,"F1_333",1,285751.5504,4425633.473,TRUE
"566",887,0,"F4_565",0.10715961552714,"F1_332",1,285752.5294,4425633.8699,TRUE
"567",888,0,"F4_566",0.118738136145099,"F1_331",1,285751.5901,4425634.5975,TRUE
"568",889,0,"F4_567",0.0813206223129557,"F1_839",1,285753.2173,4425635.2457,TRUE
"569",890,0,"F4_568",0.118909699586841,"F1_838",1,285753.0585,4425636.3438,TRUE
"570",891,0,"F4_569",0.202215752849776,"F1_328",1,285751.7885,4425636.1321,TRUE
"571",892,0,"F4_570",0.135556584642358,"F1_329",1,285750.7566,4425636.0792,TRUE
"572",893,0,"F4_571",0.105215739111961,"F1_345",1,285749.9565,4425638.1628,TRUE
"573",894,0,"F4_572",0.143552031787429,"F1_835",1,285750.2184,4425639.4963,TRUE
"574",895,0,"F4_573",0.0335821680617569,"F1_836",1,285751.0598,4425639.4645,TRUE
"575",896,0,"F4_574",0.0756079965330638,"F1_837",1,285751.9329,4425638.4723,TRUE
"576",897,0,"F4_575",0.0016927836311977,"F1_324",1,285753.3776,4425639.5836,TRUE
"577",898,0,"F4_576",2.41843469693877,"F1_326",0,285756.0208,4425639.5233,TRUE
"578",899,0,"F4_577",0.1060268763381,"F1_821",1,285750.4499,4425646.8853,TRUE
"579",900,0,"F4_578",0.237709688147412,"F1_832",1,285750.8151,4425645.0914,TRUE
"580",901,0,"F4_579",0.102212023626195,"F1_825",1,285746.3066,4425642.5832,TRUE
"581",902,0,"F4_580",0.0665500557624073,"F1_826",1,285747.1162,4425642.0275,TRUE
"582",903,0,"F4_581",0.129590959768638,"F1_875",1,285771.3798,4425640.8726,TRUE
"583",904,0,"F4_582",0.127505912124485,"F1_321",1,285769.4907,4425641.7458,TRUE
"584",905,0,"F4_583",0.0902050331943623,"F1_878",1,285768.5223,4425642.3649,TRUE
"585",906,0,"F4_584",0.111026189246105,"F1_880",1,285767.4111,4425644.6668,TRUE
"586",907,0,"F4_585",0.039963972912407,"F1_881",1,285766.4586,4425643.9524,TRUE
"587",908,0,"F4_586",0.16150077713577,"F1_320",1,285766.6491,4425642.3966,TRUE
"588",909,0,"F4_587",0.1798837485434,"F1_884",1,285766.3792,4425641.3965,TRUE
"589",910,0,"F4_588",0.0748419730821544,"F1_882",1,285765.9506,4425643.0475,TRUE
"590",911,0,"F4_589",0.085776751789847,"F1_883",1,285764.8552,4425642.9364,TRUE
"591",912,0,"F4_590",0.0174628935098264,"F1_294",1,285748.7989,4425650.6259,TRUE
"592",913,0,"F4_591",0.22375746869658,"F1_295",1,285747.3173,4425650.1602,TRUE
"593",914,0,"F4_592",0.132326780512763,"F1_794",1,285745.7536,4425656.4028,TRUE
"594",915,0,"F4_593",0.139071894157663,"F1_274",1,285747.611,4425655.7122,TRUE
"595",916,0,"F4_594",0.0270341729008057,"F1_807",1,285743.1721,4425653.8407,TRUE
"596",917,0,"F4_595",0.850402380747173,"F1_279",0,285741.5423,4425654.7297,TRUE
"597",918,0,"F4_596",0.0390527588306998,"F1_273",1,285736.73,4425656.1013,TRUE
"598",919,0,"F4_597",0.0596309617603782,"F1_200",1,285739.1907,4425661.8005,TRUE
"599",920,0,"F4_598",0.314258179691323,"F1_198",1,285738.3175,4425662.8958,TRUE
"600",921,0,"F4_599",0.0849154960839881,"F1_201",1,285741.429,4425661.5782,TRUE
"601",922,0,"F4_600",0.103964637777207,"F1_192",1,285737.3604,4425669.488,TRUE
"602",923,0,"F4_601",0.0985274878809167,"F1_194",1,285738.9558,4425668.091,TRUE
"603",924,0,"F4_602",0.0925771801745163,"F1_193",1,285738.4796,4425668.845,TRUE
"604",925,0,"F4_603",0.109210774242812,"F1_315",1,285728.4154,4425650.7268,TRUE
"605",926,0,"F4_604",0.112779477762154,"F1_784",1,285729.5425,4425649.5521,TRUE
"606",927,0,"F4_605",0.163007846274263,"F1_779",1,285719.615,4425653.9031,TRUE
"607",928,0,"F4_606",0.170764852825491,"F1_319",1,285720.8532,4425653.9877,TRUE
"608",929,0,"F4_607",0.052875897231153,"F1_318",1,285721.7316,4425654.8556,TRUE
"609",930,0,"F4_608",0.0727488501567897,"F1_197",1,285736.6842,4425665.9445,TRUE
"610",931,0,"F4_609",0.0286617154411923,"F1_242",1,285714.9569,4425663.1105,TRUE
"611",932,0,"F4_610",0.263205180147738,"F1_761",1,285715.6183,4425662.1447,TRUE
"612",933,0,"F4_611",0.0711678885500359,"F1_244",1,285714.2822,4425662.5019,TRUE
"613",934,0,"F4_612",0.0808054558059448,"F1_245",1,285713.8985,4425661.351,TRUE
"614",935,0,"F4_613",0.0737601662600036,"F1_241",1,285713.0254,4425663.2428,TRUE
"615",936,0,"F4_614",1.4155497087597,"F1_768",0,285711.1468,4425665.4123,TRUE
"616",937,0,"F4_615",0.0127707596887042,"F1_768",1,285710.1414,4425664.4334,TRUE
"617",938,0,"F4_616",0.0203388842801363,"F1_766",1,285709.5197,4425661.2055,TRUE
"618",939,0,"F4_617",0.00938256616634869,"F1_246",1,285711.2395,4425660.7424,TRUE
"619",940,0,"F4_618",0.11986944812695,"F1_765",1,285712.5491,4425660.4514,TRUE
"620",941,0,"F4_619",1.2111248851092,"F1_764",0,285714.097,4425660.0281,TRUE
"621",942,0,"F4_620",0.113110653542538,"F1_764",1,285715.1156,4425659.2079,TRUE
"622",943,0,"F4_621",0.109295530626631,"F1_249",1,285714.8907,4425658.1231,TRUE
"623",944,0,"F4_622",0.139132961134411,"F1_763",1,285716.3856,4425659.1814,TRUE
"624",945,0,"F4_623",0.0667790690148194,"F1_251",1,285711.3056,4425657.6336,TRUE
"625",946,0,"F4_624",0.153041638689057,"F1_238",1,285717.1,4425664.4466,TRUE
"626",947,0,"F4_625",1.27151843697536,"F1_230",0,285718.3303,4425665.3065,TRUE
"627",948,0,"F4_626",0.062454374129395,"F1_254",1,285705.561,4425661.1864,TRUE
"628",949,0,"F4_627",0.161830857002096,"F1_775",1,285704.6825,4425660.3927,TRUE
"629",950,0,"F4_628",0.252330993346744,"F1_255",1,285705.5504,4425659.9482,TRUE
"630",951,0,"F4_629",0.0719636396098786,"F1_250",1,285708.6725,4425657.9267,TRUE
"631",952,0,"F4_630",0.0341096301882045,"F1_771",1,285705.8769,4425664.0185,TRUE
"632",953,0,"F4_631",0.182423812602713,"F1_773",1,285706.5277,4425662.8914,TRUE
"633",954,0,"F4_632",0.140745211915493,"F1_767",1,285708.0041,4425663.3994,TRUE
"634",955,0,"F4_633",0.119766566633308,"F1_772",1,285707.2818,4425664.4948,TRUE
"635",956,0,"F4_634",0.905367299879366,"F1_772",0,285707.7501,4425665.1536,TRUE
"636",957,0,"F4_635",0.0535014384712474,"F1_253",1,285706.2023,4425665.2726,TRUE
"637",958,0,"F4_636",0.0393453289529622,"F1_769",1,285704.9879,4425667.6936,TRUE
"638",959,0,"F4_637",0.0718027695851925,"F1_770",1,285705.7737,4425667.4952,TRUE
"639",960,0,"F4_638",0.103485854133702,"F1_724",1,285738.4762,4425674.9728,TRUE
"640",961,0,"F4_639",0.027235475185842,"F1_468",1,285755.8991,4425713.6166,TRUE
"641",962,0,"F4_640",0.208898011634464,"F1_105",1,285757.3411,4425715.5084,TRUE
"642",963,0,"F4_641",0.258335745733862,"F1_458",1,285761.4289,4425715.9846,TRUE
"643",964,0,"F4_642",0.209858833909185,"F1_479",1,285762.5931,4425715.0321,TRUE
"644",965,0,"F4_643",0.164579949181606,"F1_446",1,285763.3868,4425721.5012,TRUE
"645",966,0,"F4_644",0.245477405743596,"F1_451",1,285759.8678,4425720.8133,TRUE
"646",967,0,"F4_645",0.187038561940004,"F1_452",1,285759.7885,4425719.6359,TRUE
"647",968,0,"F4_646",0.171197448475072,"F1_480",1,285763.8763,4425714.5559,TRUE
"648",969,0,"F4_647",0.540121031775753,"F1_488",1,285765.5299,4425715.7068,TRUE
"649",970,0,"F4_648",0.246824368161975,"F1_149",1,285761.0056,4425709.2774,TRUE
"650",971,0,"F4_649",0.29167236339441,"F1_134",1,285769.7501,4425706.9557,TRUE
"651",972,0,"F4_650",0.145630163853143,"F1_517",1,285770.7026,4425702.8414,TRUE
"652",973,0,"F4_651",0.107141172229893,"F1_138",1,285769.975,4425703.6881,TRUE
"653",974,0,"F4_652",0.0506646123279125,"F1_507",1,285766.1914,4425699.5871,TRUE
"654",975,0,"F4_653",0.0886957259562602,"F1_141",1,285773.3881,4425701.0026,TRUE
"655",976,0,"F4_654",0.0635320814492133,"F1_513",1,285776.9203,4425704.5083,TRUE
"656",977,0,"F4_655",0.10791601392927,"F1_127",1,285778.5872,4425698.9917,TRUE
"657",978,0,"F4_656",0.12724450946237,"F1_520",0,285774.6711,4425697.7546,TRUE
"658",979,0,"F4_657",0.0956017068045758,"F1_521",1,285776.4491,4425697.1037,TRUE
"659",980,0,"F4_658",0.11050575408193,"F1_170",1,285776.4173,4425694.3573,TRUE
"660",981,0,"F4_659",0.101873006730776,"F1_171",1,285777.5762,4425694.024,TRUE
"661",982,0,"F4_660",0.0946625031570038,"F1_167",1,285779.3066,4425690.5315,TRUE
"662",983,0,"F4_661",0.139115653104692,"F1_523",1,285781.2116,4425696.0877,TRUE
"663",984,0,"F4_662",0.0667625385938126,"F1_126",1,285780.1162,4425699.0405,TRUE
"664",985,0,"F4_663",0.100785285222996,"F1_516",1,285782.5927,4425700.2787,TRUE
"665",986,0,"F4_664",0.137200442080735,"F1_514",1,285779.132,4425702.0409,TRUE
"666",987,0,"F4_665",0.0930683089561939,"F1_123",1,285783.5262,4425700.7285,TRUE
"667",988,0,"F4_666",0.0426389849200971,"F1_534",1,285785.8148,4425701.8133,TRUE
"668",989,0,"F4_667",0.112508944659401,"F1_536",1,285786.8335,4425704.2607,TRUE
"669",990,0,"F4_668",0.173112010988766,"F1_537",1,285789.4661,4425704.7634,TRUE
"670",991,0,"F4_669",1.07350445414605,"F1_532",1,285787.1378,4425707.7532,TRUE
"671",992,0,"F4_670",0.199676465002735,"F1_545",1,285788.9731,4425715.2515,TRUE
"672",993,0,"F4_671",0.199917463557298,"F1_546",0,285787.5655,4425713.5688,TRUE
"673",994,0,"F4_672",1.18855524763289,"F1_543",0,285805.813,4425705.1837,TRUE
"674",995,0,"F4_673",1.68987494354778,"F1_80",1,285798.9655,4425717.672,TRUE
"675",996,0,"F4_674",0.298203230225379,"F1_619",0,285801.9685,4425724.3395,TRUE
"676",997,0,"F4_675",0.0289848423948707,"F1_621",1,285798.4068,4425723.5203,TRUE
"677",998,0,"F4_676",0.117918964327037,"F1_600",1,285821.923,4425725.5133,TRUE
"678",999,0,"F4_677",0.0555189610048439,"F1_602",1,285818.2083,4425728.4502,TRUE
"679",1000,0,"F4_678",0.0782928804759408,"F1_48",1,285817.5891,4425729.6408,TRUE
"680",1001,0,"F4_679",0.119475739755648,"F1_47",1,285816.1286,4425730.2282,TRUE
"681",1002,0,"F4_680",0.0413902580298393,"F1_45",1,285815.1285,4425730.8791,TRUE
"682",1003,0,"F4_681",1.03688678024444,"F1_50",0,285812.7155,4425728.1327,TRUE
"683",1004,0,"F4_682",1.40222818541075,"F1_52",0,285813.1124,4425728.7677,TRUE
"684",1005,0,"F4_683",0.858334945614502,"F1_52",0,285813.8268,4425726.9897,TRUE
"685",1006,0,"F4_684",0.805869009499642,"F1_604",0,285815.0809,4425724.6084,TRUE
"686",1007,0,"F4_685",0.113288398747787,"F1_609",1,285812.4615,4425732.8793,TRUE
"687",1008,0,"F4_686",0.10129145648326,"F1_613",1,285808.461,4425735.5304,TRUE
"688",1009,0,"F4_687",0.278013773041194,"F1_612",1,285808.5245,4425734.4033,TRUE
"689",1010,0,"F4_688",0.0934571890555808,"F1_610",1,285809.5564,4425733.3238,TRUE
"690",1011,0,"F4_689",0.615988507088829,"F1_49",0,285807.9213,4425730.1329,TRUE
"691",1012,0,"F4_690",0.27333960559606,"F1_641",1,285789.5687,4425742.2109,TRUE
"692",1013,0,"F4_691",0.168409295112352,"F1_623",1,285798.3873,4425726.7195,TRUE
"693",1014,0,"F4_692",0.0494315135069732,"F1_2",1,285805.1429,4425772.3028,TRUE
"694",1015,0,"F4_693",0.137155334648705,"F1_665",1,285804.3333,4425770.6597,TRUE
"695",1016,0,"F4_694",0.104350745436015,"F1_624",1,285792.7042,4425722.0322,TRUE
"696",1017,0,"F4_695",0.149839041993839,"F1_673",1,285774.9262,4425760.9937,TRUE
"697",1018,0,"F4_696",1.49881430522806,"F1_673",0,285774.1801,4425762.359,TRUE
"698",1019,0,"F4_697",1.98914756147722,"F1_29",0,285776.0216,4425745.5315,TRUE
"699",1020,0,"F4_698",0.0502986017260071,"F1_677",1,285766.4648,4425763.4385,TRUE
"700",1021,0,"F4_699",0.0578652884601995,"F1_416",1,285769.8277,4425744.4192,TRUE
"701",1022,0,"F4_700",0.949629744695832,"F1_417",1,285768.3328,4425743.3212,TRUE
"702",1023,0,"F4_701",0.20869929997758,"F1_412",1,285764.5096,4425742.2893,TRUE
"703",1024,0,"F4_702",0.064137829578973,"F1_36",0,285762.5516,4425742.6994,TRUE
"704",1025,0,"F4_703",0.0149073370591016,"F1_408",1,285761.189,4425743.7842,TRUE
"705",1026,0,"F4_704",0.178735856869362,"F1_409",1,285759.6015,4425742.9111,TRUE
"706",1027,0,"F4_705",0.0164455851220255,"F1_403",1,285757.9743,4425745.3717,TRUE
"707",1028,0,"F4_706",0.0596705552953609,"F1_405",1,285761.7711,4425746.3771,TRUE
"708",1029,0,"F4_707",0.275222105971534,"F1_410",1,285760.4085,4425742.1173,TRUE
"709",1030,0,"F4_708",0.0929784585897952,"F1_23",1,285763.7529,4425767.0835,TRUE
"710",1031,0,"F4_709",0.0653747449812723,"F1_681",1,285766.1976,4425764.6387,TRUE
"711",1032,0,"F4_710",1.08306048105286,"F1_889",0,285765.1245,4425760.9184,TRUE
"712",1033,0,"F4_711",0.028340803987129,"F1_889",1,285765.3467,4425759.8865,TRUE
"713",1034,0,"F4_712",2.74311356125814,"F1_688",0,285745.3844,4425772.8098,TRUE
"714",1035,0,"F4_713",0.0677650716935032,"F1_688",1,285747.7656,4425771.5504,TRUE
"715",1036,0,"F4_714",0.191727019709619,"F1_19",1,285748.7816,4425771.0107,TRUE
"716",1037,0,"F4_715",0.212988755203983,"F1_686",1,285749.0568,4425770.0476,TRUE
"717",1038,0,"F4_716",0.196998131081045,"F1_687",1,285748.062,4425769.4655,TRUE
"718",1039,0,"F4_717",0.0831311867352258,"F1_689",1,285749.7447,4425770.9154,TRUE
"719",1040,0,"F4_718",0.237841362464772,"F1_13",1,285750.1892,4425771.6774,TRUE
"720",1041,0,"F4_719",0.185467234073473,"F1_14",1,285750.5173,4425770.3863,TRUE
"721",1042,0,"F4_720",0.0579327790132663,"F1_684",1,285751.3005,4425769.3491,TRUE
"722",1043,0,"F4_721",0.139005017776138,"F1_691",1,285750.0622,4425772.9157,TRUE
"723",1044,0,"F4_722",0.158021692371179,"F1_692",1,285751.2793,4425773.0533,TRUE
"724",1045,0,"F4_723",0.0739780756729949,"F1_696",1,285747.2576,4425776.5881,TRUE
"725",1046,0,"F4_724",1.2176822318545,"F1_706",0,285748.2302,4425778.5227,TRUE
"726",1047,0,"F4_725",0.188882511307183,"F1_709",1,285751.9577,4425780.4673,TRUE
"727",1048,0,"F4_726",0.199696296928128,"F1_712",0,285746.8989,4425781.1023,TRUE
"728",1049,0,"F4_727",0.164792272079,"F1_708",1,285750.9391,4425779.5555,TRUE
"729",1050,0,"F4_728",0.0518357744405415,"F1_73",1,285755.5687,4425729.4948,TRUE
"730",1051,0,"F4_729",0.0757077734800847,"F1_74",1,285756.508,4425727.5369,TRUE
"731",1052,0,"F4_730",0.0708504480329438,"F1_75",1,285760.9927,4425727.2062,TRUE
"732",1053,0,"F4_731",0.0365653537674843,"F1_433",1,285761.1911,4425725.0101,TRUE
"733",1054,0,"F4_732",0.124589909937226,"F1_393",1,285737.7662,4425752.0371,TRUE
"734",1055,0,"F4_733",0.0998441901196612,"F1_39",1,285735.0992,4425751.418,TRUE
"735",1056,0,"F4_734",0.175603422848427,"F1_396",1,285734.5911,4425750.6877,TRUE
"736",1057,0,"F4_735",0.204201265179361,"F1_401",1,285736.766,4425747.989,TRUE
"737",1058,0,"F4_736",0.139369973121475,"F1_399",1,285737.3534,4425749.894,TRUE
"738",1202,0,"F4_737",0.134413317196994,"F1_699",1,285753.0492,4425774.8004,TRUE
"739",1203,0,"F4_738",0.924435702504488,"F1_25",0,285777.9307,4425741.8994,TRUE
"740",1204,0,"F4_739",0.0477841047474,"F1_390",1,285733.6557,4425760.7643,TRUE
"741",1205,0,"F4_740",0.0345017141142474,"F1_24",1,285734.8622,4425761.0395,TRUE
"742",1210,0,"F4_741",0.0500670863207203,"F1_874",1,285781.3989,4425604.4243,TRUE
"743",1211,0,"F4_742",0.133192110145958,"F1_136",0,285775.0838,4425703.9094,TRUE
"744",1212,0,"F4_743",0.165463319058451,"F1_500",1,285767.6542,4425706.6082,TRUE
"745",1213,0,"F4_744",0.282708049136129,"F1_86",1,285770.4059,4425721.442,TRUE
"746",1214,0,"F4_745",0.160186859909727,"F1_87",1,285770.4456,4425720.4499,TRUE
"747",1215,0,"F4_746",0.325515630695278,"F1_435",0,285750.8783,4425728.1492,TRUE
"748",1223,0,"F4_747",0.124987275035555,"F1_571",1,285845.7319,4425661.5615,TRUE
"749",1224,0,"F4_748",0.262754021776103,"F1_562",1,285830.1866,4425658.0824,TRUE
"750",1225,0,"F4_749",0.686926945637687,"F1_886",0,285845.4698,4425660.415,TRUE
"751",1226,0,"F4_750",2.26411756759874,"F1_596",0,285827.8195,4425711.4318,TRUE
"752",1227,0,"F4_751",0.121887409718874,"F1_596",0,285829.9531,4425712.4478,TRUE
"753",1228,0,"F4_752",0.258364221327667,"F1_638",1,285788.2962,4425745.4922,TRUE
"754",1229,0,"F4_753",0.3225873820206,"F1_722",1,285759.2875,4425787.1234,TRUE
"755",1230,0,"F4_754",2.32488583884928,"F1_713",0,285745.273,4425778.4673,TRUE
"756",0,0,"F4_755",0.158953566448318,"F1_355",1,285768.63749143,4425620.07330278,TRUE
"757",0,0,"F4_756",0.193953710007867,"F1_788",1,285728.611753884,4425653.84968267,TRUE
"758",0,0,"F4_757",0.054043182330081,"F1_861",1,285770.006195709,4425620.21175958,TRUE
