"","CLASS_ID","UFID","dist","nnid","Nesting","coords.x1","coords.x2","optional"
"1",0,"F4_0",0.20085855560875,"F1_0",1,286100.805364999,4425465.11890281,TRUE
"2",0,"F4_1",0.119969702684592,"F1_5",1,286091.985056938,4425470.02666818,TRUE
"3",0,"F4_2",0.0847352971686459,"F1_7",1,286093.187684709,4425469.16447502,TRUE
"4",0,"F4_3",0.215432906971217,"F1_9",1,286093.325279793,4425467.789585,TRUE
"5",0,"F4_4",0.154306549728317,"F1_10",1,286092.455452865,4425467.01311907,TRUE
"6",0,"F4_5",0.142573772224571,"F1_12",1,286092.171732231,4425465.99518525,TRUE
"7",0,"F4_6",1.48377849411307,"F1_19",0,286099.05468247,4425465.60280691,TRUE
"8",0,"F4_7",0.146283890892209,"F1_14",1,286094.557289645,4425465.51924022,TRUE
"9",0,"F4_8",0.182438884466927,"F1_15",1,286095.472672187,4425465.03709381,TRUE
"10",0,"F4_9",0.111370377568326,"F1_16",1,286093.551447029,4425464.90977737,TRUE
"11",0,"F4_10",0.0584653959002732,"F1_1",1,286089.641902115,4425472.00982262,TRUE
"12",0,"F4_11",0.154021904265333,"F1_2",1,286089.335365993,4425471.14458447,TRUE
"13",0,"F4_12",0.215205043494842,"F1_4",1,286087.63813108,4425469.92326375,TRUE
"14",0,"F4_13",0.193061091221145,"F1_8",1,286087.734983127,4425468.63598112,TRUE
"15",0,"F4_14",0.064634843539344,"F1_525",1,286088.365376766,4425467.68762593,TRUE
"16",0,"F4_15",0.146586388072521,"F1_27",1,286083.462859648,4425466.94865623,TRUE
"17",0,"F4_16",0.186979797481613,"F1_11",1,286088.84559877,4425466.6431289,TRUE
"18",0,"F4_17",0.198015080895909,"F1_28",1,286084.006566177,4425465.83563381,TRUE
"19",0,"F4_18",0.229969029851936,"F1_13",1,286091.332350912,4425465.5377321,TRUE
"20",0,"F4_19",0.104841294735121,"F1_520",1,286082.006374294,4425469.02395258,TRUE
"21",0,"F4_20",0.137602048637614,"F1_26",1,286080.098909363,4425468.17542939,TRUE
"22",0,"F4_21",0.0360012074082889,"F1_29",1,286077.604201718,4425465.54764762,TRUE
"23",0,"F4_22",0.165166509955804,"F1_531",1,286100.755624363,4425464.08375609,TRUE
"24",0,"F4_23",0.107266018587023,"F1_530",1,286100.769806731,4425462.07798909,TRUE
"25",0,"F4_24",0.0942083763703305,"F1_17",1,286098.336448647,4425464.16389378,TRUE
"26",0,"F4_25",0.0685615921359259,"F1_19",1,286099.410037706,4425464.11505207,TRUE
"27",0,"F4_26",0.116798059148379,"F1_20",1,286096.233349666,4425463.31443755,TRUE
"28",0,"F4_27",0.123297929424402,"F1_21",1,286098.496599187,4425462.98780206,TRUE
"29",0,"F4_28",0.0745471766645,"F1_529",1,286099.664277978,4425462.7022867,TRUE
"30",0,"F4_29",0.0972413714180084,"F1_22",1,286095.116503131,4425462.37172361,TRUE
"31",0,"F4_30",0.132732738504157,"F1_528",1,286099.711896193,4425461.72119104,TRUE
"32",0,"F4_31",0.0244442762830341,"F1_527",1,286098.63621407,4425461.82445526,TRUE
"33",0,"F4_32",0.119434996957756,"F1_23",1,286095.577992671,4425461.55251042,TRUE
"34",0,"F4_33",0.361927399389198,"F1_24",1,286094.566022514,4425461.30626357,TRUE
"35",0,"F4_34",0.124705714046879,"F1_42",1,286096.164113617,4425460.67224086,TRUE
"36",0,"F4_35",0.0900310100942378,"F1_43",1,286095.006330167,4425460.58313435,TRUE
"37",0,"F4_36",0.682728112649868,"F1_41",1,286098.445061543,4425460.29075403,TRUE
"38",0,"F4_37",0.120885621391355,"F1_33",1,286083.305488776,4425463.84444325,TRUE
"39",0,"F4_38",0.0566501518960499,"F1_521",1,286084.685583778,4425463.1382612,TRUE
"40",0,"F4_39",0.114131377170645,"F1_522",1,286085.744649789,4425461.58091785,TRUE
"41",0,"F4_40",0.307731584712606,"F1_44",1,286086.013439852,4425459.95460252,TRUE
"42",0,"F4_41",0.149579661412945,"F1_45",1,286086.118286247,4425457.66825752,TRUE
"43",0,"F4_42",0.331595216581633,"F1_51",1,286083.397013613,4425456.66710026,TRUE
"44",0,"F4_43",0.125408674340862,"F1_31",1,286082.827436015,4425464.57038931,TRUE
"45",0,"F4_44",0.103884531331371,"F1_516",1,286076.551085968,4425464.29948619,TRUE
"46",0,"F4_45",0.0878951527404429,"F1_518",1,286079.780428285,4425464.25010876,TRUE
"47",0,"F4_46",0.0181646333259451,"F1_37",1,286075.906174498,4425462.39280476,TRUE
"48",0,"F4_47",0.257036851809629,"F1_40",1,286078.353222671,4425461.14856337,TRUE
"49",0,"F4_48",0.256354200666972,"F1_46",1,286077.401913565,4425460.68984401,TRUE
"50",0,"F4_49",1.06127309421127,"F1_48",0,286079.745105957,4425459.76454782,TRUE
"51",0,"F4_50",0.161030410372274,"F1_48",1,286080.498866913,4425458.95436704,TRUE
"52",0,"F4_51",0.0933193597549137,"F1_558",1,286051.794960756,4425429.83988956,TRUE
"53",0,"F4_52",0.198201048014622,"F1_55",1,286067.221676426,4425422.32255534,TRUE
"54",0,"F4_53",0.138656009459606,"F1_538",1,286067.514559546,4425421.37125142,TRUE
"55",0,"F4_54",0.241592541037665,"F1_57",1,286068.020931496,4425420.63829553,TRUE
"56",0,"F4_55",0.0874942610612068,"F1_59",1,286069.966640662,4425420.29082197,TRUE
"57",0,"F4_56",0.310527443188603,"F1_537",1,286069.009113028,4425420.09126863,TRUE
"58",0,"F4_57",0.164652176002575,"F1_67",1,286057.363260399,4425426.93101708,TRUE
"59",0,"F4_58",0.20228297390996,"F1_53",1,286058.19894913,4425426.1571664,TRUE
"60",0,"F4_59",0.149174104736112,"F1_71",1,286056.009726622,4425425.87411704,TRUE
"61",0,"F4_60",0.244008578023262,"F1_72",1,286057.150851129,4425425.61591127,TRUE
"62",0,"F4_61",0.171862777250893,"F1_552",1,286057.983841816,4425425.18032676,TRUE
"63",0,"F4_62",0.255071031115632,"F1_75",1,286057.058174633,4425424.73993332,TRUE
"64",0,"F4_63",0.219006233895848,"F1_553",1,286059.173542321,4425424.29248175,TRUE
"65",0,"F4_64",0.182092855697646,"F1_54",1,286061.153174422,4425424.04993279,TRUE
"66",0,"F4_65",0.136791886842024,"F1_554",1,286060.03691742,4425424.01073709,TRUE
"67",0,"F4_66",0.239259507564457,"F1_77",1,286056.650831069,4425423.77948508,TRUE
"68",0,"F4_67",0.157987534502136,"F1_555",1,286059.240143917,4425423.19284419,TRUE
"69",0,"F4_68",0.234361336432181,"F1_81",1,286056.70933553,4425422.53889047,TRUE
"70",0,"F4_69",0.197240560328003,"F1_84",1,286057.620905048,4425421.99809923,TRUE
"71",0,"F4_70",0.133723881906285,"F1_56",1,286059.048975492,4425421.53641017,TRUE
"72",0,"F4_71",0.164090384667548,"F1_557",1,286056.028436758,4425421.56688166,TRUE
"73",0,"F4_72",1.20310437344642,"F1_60",0,286060.909664472,4425420.98872053,TRUE
"74",0,"F4_73",0.177670933034708,"F1_58",1,286058.166496038,4425420.69366024,TRUE
"75",0,"F4_74",0.26105138925501,"F1_560",1,286053.798048296,4425428.39132591,TRUE
"76",0,"F4_75",0.251554962155386,"F1_561",1,286047.709285542,4425427.64048407,TRUE
"77",0,"F4_76",0.148406726826373,"F1_64",1,286054.732896073,4425427.32130095,TRUE
"78",0,"F4_77",0.222903345266927,"F1_562",1,286050.121175704,4425427.0642541,TRUE
"79",0,"F4_78",0.215029677505754,"F1_66",1,286055.727049238,4425427.0306822,TRUE
"80",0,"F4_79",0.0403095149241747,"F1_69",1,286049.584236609,4425426.2335889,TRUE
"81",0,"F4_80",0.126328258432283,"F1_563",1,286050.729509133,4425426.04885259,TRUE
"82",0,"F4_81",0.16379299846248,"F1_70",1,286054.800453115,4425426.02085338,TRUE
"83",0,"F4_82",0.154179177574317,"F1_564",1,286051.45221532,4425425.25290007,TRUE
"84",0,"F4_83",0.0851924143833502,"F1_74",1,286053.551102745,4425424.82435508,TRUE
"85",0,"F4_84",0.211279218164389,"F1_73",1,286054.693355703,4425424.80598727,TRUE
"86",0,"F4_85",1.61443416862252,"F1_69",0,286049.395150879,4425424.65829463,TRUE
"87",0,"F4_86",0.0986861408812451,"F1_76",1,286052.264018266,4425424.68789131,TRUE
"88",0,"F4_87",0.199416725109218,"F1_78",1,286052.866292457,4425423.34878556,TRUE
"89",0,"F4_88",0.12104619589644,"F1_80",1,286055.718441782,4425423.23214788,TRUE
"90",0,"F4_89",0.107378434076085,"F1_79",1,286053.912333767,4425423.08716305,TRUE
"91",0,"F4_90",0.217353795719737,"F1_82",1,286055.051003767,4425422.39967621,TRUE
"92",0,"F4_91",0.220946276263585,"F1_83",1,286052.699161943,4425422.28426568,TRUE
"93",0,"F4_92",1.95892286356998,"F1_83",0,286051.453123093,4425420.9796375,TRUE
"94",0,"F4_93",0.170665530200362,"F1_85",1,286053.544238894,4425420.07711063,TRUE
"95",0,"F4_94",0.106378925656172,"F1_92",1,286029.555399579,4425426.13618447,TRUE
"96",0,"F4_95",0.0187251887305176,"F1_94",1,286027.227047186,4425425.11387684,TRUE
"97",0,"F4_96",0.117156328334011,"F1_95",1,286029.225684048,4425424.78499694,TRUE
"98",0,"F4_97",0.146768364461431,"F1_548",1,286026.298216352,4425424.10029288,TRUE
"99",0,"F4_98",0.0747708219279318,"F1_96",1,286026.86263686,4425423.0615747,TRUE
"100",0,"F4_99",0.318504023279664,"F1_550",1,286026.82818335,4425421.75221339,TRUE
"101",0,"F4_100",0.0425151017336477,"F1_97",1,286025.71487109,4425421.7833658,TRUE
"102",0,"F4_101",0.239430845085585,"F1_98",1,286024.977915665,4425420.0846834,TRUE
"103",0,"F4_102",0.142175225658303,"F1_61",1,286069.418388067,4425419.19513547,TRUE
"104",0,"F4_103",0.165127028637134,"F1_63",1,286067.871911436,4425419.13717815,TRUE
"105",0,"F4_104",0.034102984475663,"F1_539",1,286066.95574193,4425418.70451472,TRUE
"106",0,"F4_105",0.15573005210765,"F1_103",1,286068.730909169,4425418.40431536,TRUE
"107",0,"F4_106",0.165744690569078,"F1_535",1,286070.652321165,4425418.08125198,TRUE
"108",0,"F4_107",0.094139808391416,"F1_105",1,286067.801987917,4425417.84009934,TRUE
"109",0,"F4_108",0.149506474092146,"F1_107",1,286065.596090165,4425417.68827056,TRUE
"110",0,"F4_109",0.201845070537848,"F1_106",1,286066.814564497,4425417.73260727,TRUE
"111",0,"F4_110",0.127904929673583,"F1_109",1,286067.506516076,4425416.84584917,TRUE
"112",0,"F4_111",0.0941938727419107,"F1_536",1,286071.159215269,4425416.75508828,TRUE
"113",0,"F4_112",0.243797193841295,"F1_113",1,286067.70807513,4425415.69479622,TRUE
"114",0,"F4_113",0.233863446797957,"F1_540",1,286071.471909098,4425414.86068179,TRUE
"115",0,"F4_114",0.207148301922239,"F1_116",1,286067.330199541,4425414.73678872,TRUE
"116",0,"F4_115",0.158105200964608,"F1_541",1,286070.578893235,4425414.30851281,TRUE
"117",0,"F4_116",0.357739213634448,"F1_122",1,286069.512589696,4425413.64273982,TRUE
"118",0,"F4_117",0.174412045996166,"F1_123",1,286068.362030627,4425413.65295207,TRUE
"119",0,"F4_118",0.13318835052013,"F1_60",1,286060.290261393,4425419.91852397,TRUE
"120",0,"F4_119",0.0721397255354559,"F1_565",1,286056.409403566,4425419.39185502,TRUE
"121",0,"F4_120",0.187188014891427,"F1_62",1,286057.998630575,4425419.20704212,TRUE
"122",0,"F4_121",0.190567972012599,"F1_140",1,286056.796323473,4425418.2609404,TRUE
"123",0,"F4_122",0.185736340085314,"F1_108",1,286064.67094269,4425417.63351444,TRUE
"124",0,"F4_123",0.753170975168234,"F1_111",0,286059.18986896,4425417.22451388,TRUE
"125",0,"F4_124",0.0612547648243768,"F1_144",1,286057.228576883,4425417.26983514,TRUE
"126",0,"F4_125",0.218306784539829,"F1_544",1,286062.757361976,4425417.15349064,TRUE
"127",0,"F4_126",0.0879982570508138,"F1_569",1,286056.434581244,4425417.06148943,TRUE
"128",0,"F4_127",0.156433597367483,"F1_110",1,286058.028064303,4425416.54592703,TRUE
"129",0,"F4_128",0.107484621127708,"F1_543",1,286064.443198049,4425416.35707813,TRUE
"130",0,"F4_129",0.197004710470259,"F1_112",1,286062.037564296,4425415.89122697,TRUE
"131",0,"F4_130",0.303468384461611,"F1_114",1,286060.345673447,4425415.61377902,TRUE
"132",0,"F4_131",0.253034658322735,"F1_115",1,286062.655637485,4425415.28199614,TRUE
"133",0,"F4_132",0.0841416297473695,"F1_542",1,286063.980612267,4425415.17746797,TRUE
"134",0,"F4_133",0.136150306960612,"F1_117",1,286061.36120575,4425414.89368631,TRUE
"135",0,"F4_134",0.151060470986012,"F1_118",1,286058.790896571,4425414.6742591,TRUE
"136",0,"F4_135",0.137928836085317,"F1_120",1,286063.196642224,4425414.20942406,TRUE
"137",0,"F4_136",0.456985675216611,"F1_567",0,286059.867893478,4425414.2222664,TRUE
"138",0,"F4_137",0.183952575300559,"F1_121",1,286064.409306575,4425413.92926672,TRUE
"139",0,"F4_138",0.141334328216475,"F1_126",1,286061.39123021,4425413.38121091,TRUE
"140",0,"F4_139",0.179449713038929,"F1_128",1,286063.773751627,4425412.70593777,TRUE
"141",0,"F4_140",0.206781505345595,"F1_147",1,286057.262044347,4425412.5981046,TRUE
"142",0,"F4_141",1.03889394932264,"F1_147",0,286056.219690082,4425412.01982476,TRUE
"143",0,"F4_142",0.228810268394865,"F1_131",1,286058.067380273,4425411.54139003,TRUE
"144",0,"F4_143",0.116064430314629,"F1_566",1,286053.585022641,4425418.93248484,TRUE
"145",0,"F4_144",0.0566036353338421,"F1_142",1,286055.710857676,4425418.02501419,TRUE
"146",0,"F4_145",1.75905839780771,"F1_143",0,286052.929030292,4425415.78756629,TRUE
"147",0,"F4_146",1.07421695443141,"F1_146",0,286055.835177123,4425412.77832731,TRUE
"148",0,"F4_147",1.65034125630808,"F1_148",0,286032.160995098,4425419.75794738,TRUE
"149",0,"F4_148",0.0968812853556847,"F1_148",1,286030.98571425,4425418.46808534,TRUE
"150",0,"F4_149",0.117033857786954,"F1_149",1,286032.308907804,4425417.86675661,TRUE
"151",0,"F4_150",0.21544576141293,"F1_99",1,286027.446041386,4425419.66635891,TRUE
"152",0,"F4_151",0.0996861367148617,"F1_551",1,286028.270859095,4425418.8767458,TRUE
"153",0,"F4_152",1.03330870545171,"F1_228",0,286097.543235884,4425402.40754113,TRUE
"154",0,"F4_153",0.343140102930715,"F1_228",1,286098.768370575,4425402.25354177,TRUE
"155",0,"F4_154",0.215576973344639,"F1_136",1,286062.227184898,4425409.30848865,TRUE
"156",0,"F4_155",0.164442143115468,"F1_154",1,286137.220451756,4425398.40554807,TRUE
"157",0,"F4_156",0.207640557666246,"F1_157",1,286138.254569508,4425398.20936523,TRUE
"158",0,"F4_157",0.199788390400626,"F1_158",1,286139.07237932,4425397.90179552,TRUE
"159",0,"F4_158",1.14877471333982,"F1_169",1,286138.152442679,4425395.63024877,TRUE
"160",0,"F4_159",1.49398250603567,"F1_733",0,286136.827778766,4425394.67451551,TRUE
"161",0,"F4_160",0.119195042313392,"F1_151",1,286135.647862804,4425399.36380694,TRUE
"162",0,"F4_161",0.0617067285265522,"F1_737",1,286128.808701538,4425399.10720649,TRUE
"163",0,"F4_162",0.265551756170936,"F1_156",1,286136.236337037,4425398.33719989,TRUE
"164",0,"F4_163",0.142144092816605,"F1_728",1,286133.712832884,4425398.06752426,TRUE
"165",0,"F4_164",0.159512953373446,"F1_159",1,286132.824450946,4425397.73589762,TRUE
"166",0,"F4_165",0.335132788448679,"F1_729",1,286135.367737597,4425397.6652699,TRUE
"167",0,"F4_166",0.228675780239192,"F1_160",1,286131.638827496,4425397.58375446,TRUE
"168",0,"F4_167",0.213603927852484,"F1_730",1,286136.408299408,4425397.36559793,TRUE
"169",0,"F4_168",0.083763739585234,"F1_736",1,286127.634098745,4425397.32921163,TRUE
"170",0,"F4_169",0.146671091959845,"F1_162",1,286133.403897091,4425396.84984098,TRUE
"171",0,"F4_170",0.229847450292892,"F1_166",1,286134.090276404,4425396.15370116,TRUE
"172",0,"F4_171",0.239553373141468,"F1_167",1,286129.221228254,4425395.66967204,TRUE
"173",0,"F4_172",0.269704737925764,"F1_170",1,286133.148155562,4425395.33174155,TRUE
"174",0,"F4_173",0.160508977935646,"F1_171",1,286134.381847139,4425395.17729895,TRUE
"175",0,"F4_174",0.192142933445402,"F1_172",1,286129.293694406,4425394.84099879,TRUE
"176",0,"F4_175",0.173469647760911,"F1_733",1,286135.160791991,4425394.71362375,TRUE
"177",0,"F4_176",0.293424776882942,"F1_175",1,286131.818641556,4425393.58138527,TRUE
"178",0,"F4_177",0.27520061774863,"F1_741",1,286119.134702885,4425400.69278346,TRUE
"179",0,"F4_178",0.128741203481905,"F1_187",1,286119.005975215,4425398.76388292,TRUE
"180",0,"F4_179",0.210010440080393,"F1_153",1,286127.58211535,4425398.71026078,TRUE
"181",0,"F4_180",0.105620902179567,"F1_735",1,286126.321878811,4425397.23538981,TRUE
"182",0,"F4_181",0.246491500936934,"F1_184",1,286117.249779984,4425401.52089969,TRUE
"183",0,"F4_182",0.112076268291308,"F1_742",1,286118.395625366,4425400.23070499,TRUE
"184",0,"F4_183",0.237945631892175,"F1_744",1,286115.662002365,4425399.65950093,TRUE
"185",0,"F4_184",0.32146017009878,"F1_746",1,286114.602622863,4425399.17230532,TRUE
"186",0,"F4_185",0.0918213256344123,"F1_743",1,286118.19564953,4425399.17235852,TRUE
"187",0,"F4_186",0.159564567220361,"F1_761",1,286110.930239695,4425399.05331098,TRUE
"188",0,"F4_187",0.203236906982297,"F1_748",1,286114.022250123,4425398.10556663,TRUE
"189",0,"F4_188",0.172292863465679,"F1_207",1,286112.632236623,4425397.91112597,TRUE
"190",0,"F4_189",0.10430853467098,"F1_190",1,286115.887999232,4425397.33656783,TRUE
"191",0,"F4_190",0.0922022449512638,"F1_751",1,286116.344844925,4425396.0445046,TRUE
"192",0,"F4_191",1.0635382883302,"F1_196",0,286113.552403766,4425395.54558194,TRUE
"193",0,"F4_192",0.185920674039128,"F1_192",1,286114.60934563,4425395.49083902,TRUE
"194",0,"F4_193",0.11716142377798,"F1_193",1,286115.876629289,4425394.96815859,TRUE
"195",0,"F4_194",0.15430332332648,"F1_224",1,286109.885640802,4425394.99253976,TRUE
"196",0,"F4_195",0.0856851450610879,"F1_195",1,286114.97042672,4425394.54061641,TRUE
"197",0,"F4_196",0.152608189251943,"F1_752",1,286116.709411188,4425394.42799671,TRUE
"198",0,"F4_197",0.54959774007792,"F1_762",0,286109.494530467,4425400.17904546,TRUE
"199",0,"F4_198",0.17722104165191,"F1_765",1,286105.722267744,4425397.2212375,TRUE
"200",0,"F4_199",0.168909886143038,"F1_229",1,286097.794579838,4425401.19667956,TRUE
"201",0,"F4_200",0.254315417602924,"F1_230",1,286097.275296596,4425400.65774288,TRUE
"202",0,"F4_201",0.349754320793417,"F1_232",1,286097.712701613,4425396.46736962,TRUE
"203",0,"F4_202",4.34414576844078,"F1_589",0,286090.291635285,4425396.15305169,TRUE
"204",0,"F4_203",0.236129610734798,"F1_587",1,286083.31117671,4425393.32028723,TRUE
"205",0,"F4_204",0.973794172090015,"F1_239",0,286078.277744245,4425397.23387735,TRUE
"206",0,"F4_205",0.161095074340433,"F1_239",1,286077.656125259,4425396.59000774,TRUE
"207",0,"F4_206",0.128129854237045,"F1_240",1,286075.388176662,4425396.47315267,TRUE
"208",0,"F4_207",0.209365752789571,"F1_580",1,286078.520332189,4425395.84287128,TRUE
"209",0,"F4_208",0.0113235941217535,"F1_578",1,286074.467906031,4425395.65607685,TRUE
"210",0,"F4_209",0.180049796662301,"F1_241",1,286075.653888102,4425395.11518637,TRUE
"211",0,"F4_210",0.147625228415706,"F1_582",1,286079.125078682,4425394.03362394,TRUE
"212",0,"F4_211",0.120133055437932,"F1_243",1,286080.631077349,4425393.86971187,TRUE
"213",0,"F4_212",0.107413724044213,"F1_579",1,286075.490978361,4425393.94024899,TRUE
"214",0,"F4_213",0.115446624748444,"F1_574",1,286066.512194216,4425397.93754213,TRUE
"215",0,"F4_214",0.150920176089161,"F1_573",1,286069.068153025,4425397.73224869,TRUE
"216",0,"F4_215",0.203304578118884,"F1_237",1,286072.547386728,4425397.61293237,TRUE
"217",0,"F4_216",0.108446343198362,"F1_576",1,286072.610485174,4425396.75325671,TRUE
"218",0,"F4_217",0.104359442037522,"F1_254",1,286069.091138933,4425396.62050898,TRUE
"219",0,"F4_218",0.0963009453712794,"F1_255",1,286067.748654876,4425396.61723123,TRUE
"220",0,"F4_219",0.0186831085515763,"F1_577",1,286073.431121618,4425396.22653604,TRUE
"221",0,"F4_220",0.159465550848547,"F1_572",1,286066.936298374,4425395.70556975,TRUE
"222",0,"F4_221",0.368737334491138,"F1_257",1,286070.48447427,4425395.64468753,TRUE
"223",0,"F4_222",0.119917531766907,"F1_261",1,286067.903013494,4425393.87330576,TRUE
"224",0,"F4_223",0.180803213794469,"F1_258",1,286062.543002633,4425395.02231981,TRUE
"225",0,"F4_224",0.125491760825707,"F1_262",1,286064.417846465,4425393.6775164,TRUE
"226",0,"F4_225",3.021262316039,"F1_690",0,286145.454186623,4425384.90548347,TRUE
"227",0,"F4_226",0.169331973029221,"F1_287",1,286127.27277926,4425386.26287403,TRUE
"228",0,"F4_227",0.248421446890769,"F1_755",1,286113.387029616,4425393.18703028,TRUE
"229",0,"F4_228",0.0471554482088482,"F1_753",1,286116.504062195,4425392.83314959,TRUE
"230",0,"F4_229",0.101374912349293,"F1_197",1,286115.858077972,4425392.1037097,TRUE
"231",0,"F4_230",0.135717168490075,"F1_756",1,286113.876116687,4425391.7700293,TRUE
"232",0,"F4_231",0.249385517871169,"F1_754",1,286114.888397316,4425391.77229418,TRUE
"233",0,"F4_232",0.124818718975965,"F1_767",1,286110.931036181,4425391.31329958,TRUE
"234",0,"F4_233",0.0984839291462759,"F1_757",1,286112.805122703,4425391.09641856,TRUE
"235",0,"F4_234",0.10053788075496,"F1_310",1,286111.664810574,4425390.54107529,TRUE
"236",0,"F4_235",0.034979263552215,"F1_311",1,286110.372615439,4425390.31487054,TRUE
"237",0,"F4_236",0.0519432396495691,"F1_312",1,286111.851915751,4425389.41369764,TRUE
"238",0,"F4_237",0.226785655684202,"F1_766",1,286109.453716837,4425392.22849564,TRUE
"239",0,"F4_238",0.166313152059731,"F1_308",1,286106.941439002,4425391.38401205,TRUE
"240",0,"F4_239",0.148608163471836,"F1_309",1,286109.648400487,4425391.20790855,TRUE
"241",0,"F4_240",2.80586279653204,"F1_590",0,286092.625096969,4425390.75241865,TRUE
"242",0,"F4_241",0.31797502714763,"F1_236",1,286088.519523698,4425391.65334249,TRUE
"243",0,"F4_242",0.537047813428721,"F1_590",1,286090.296230229,4425391.18043952,TRUE
"244",0,"F4_243",0.29324551958598,"F1_592",1,286089.368242794,4425390.79630309,TRUE
"245",0,"F4_244",0.363869890456937,"F1_591",1,286088.341252481,4425390.70239016,TRUE
"246",0,"F4_245",1.02067783429539,"F1_315",0,286086.492940187,4425390.17217216,TRUE
"247",0,"F4_246",0.224883092378703,"F1_315",1,286087.053205136,4425389.06224991,TRUE
"248",0,"F4_247",0.382343113203593,"F1_316",1,286086.200766391,4425388.21075811,TRUE
"249",0,"F4_248",0.111728340326748,"F1_595",1,286088.320617521,4425387.63373105,TRUE
"250",0,"F4_249",0.288060940965476,"F1_596",1,286089.435486122,4425387.67128232,TRUE
"251",0,"F4_250",0.420267435075846,"F1_317",1,286087.488959407,4425387.57636781,TRUE
"252",0,"F4_251",0.156350131087316,"F1_597",1,286084.154361845,4425387.22194717,TRUE
"253",0,"F4_252",0.325336236428771,"F1_320",1,286085.952062009,4425387.17027416,TRUE
"254",0,"F4_253",0.243621026592316,"F1_321",1,286085.019062251,4425386.51643574,TRUE
"255",0,"F4_254",0.158547639303723,"F1_598",1,286084.669134436,4425384.99255166,TRUE
"256",0,"F4_255",0.00507353298048264,"F1_583",1,286078.881378242,4425393.0160557,TRUE
"257",0,"F4_256",0.227579397762948,"F1_586",1,286081.507899767,4425392.52007236,TRUE
"258",0,"F4_257",0.121873722251927,"F1_244",1,286082.865908235,4425392.38108373,TRUE
"259",0,"F4_258",0.0318129237941946,"F1_245",1,286079.684230473,4425392.28326172,TRUE
"260",0,"F4_259",0.25301109704945,"F1_584",1,286078.679510995,4425391.69053795,TRUE
"261",0,"F4_260",0.0636713638933465,"F1_585",1,286080.740605676,4425391.71147704,TRUE
"262",0,"F4_261",0.0340205489589021,"F1_605",1,286077.418841939,4425385.44745768,TRUE
"263",0,"F4_262",0.124314256190967,"F1_600",1,286082.544254876,4425385.34354968,TRUE
"264",0,"F4_263",0.251670362256837,"F1_322",1,286081.644567621,4425384.35872881,TRUE
"265",0,"F4_264",0.156583509513951,"F1_265",1,286065.712517448,4425392.68478433,TRUE
"266",0,"F4_265",0.17055315428015,"F1_267",1,286069.735165098,4425391.70023696,TRUE
"267",0,"F4_266",0.0343801213726526,"F1_571",1,286066.812158612,4425390.58762489,TRUE
"268",0,"F4_267",0.00743746920049175,"F1_339",1,286065.367714576,4425390.37864103,TRUE
"269",0,"F4_268",0.244098982724321,"F1_341",1,286068.018824264,4425390.01219026,TRUE
"270",0,"F4_269",0.0686994610378399,"F1_264",1,286063.239500193,4425392.52801848,TRUE
"271",0,"F4_270",0.137138561461415,"F1_570",1,286063.525904873,4425391.41921775,TRUE
"272",0,"F4_271",0.132731820537174,"F1_340",1,286063.811736541,4425390.54326295,TRUE
"273",0,"F4_272",0.163982594826646,"F1_703",1,286172.438931285,4425375.7581304,TRUE
"274",0,"F4_273",1.58247845932917,"F1_347",0,286163.912562666,4425376.19526144,TRUE
"275",0,"F4_274",1.07828790804132,"F1_349",0,286164.676703544,4425375.2151957,TRUE
"276",0,"F4_275",1.3579834078625,"F1_345",0,286160.884643667,4425376.76905911,TRUE
"277",0,"F4_276",0.0821808612819793,"F1_697",1,286159.321126897,4425375.77714217,TRUE
"278",0,"F4_277",0.112298044822215,"F1_345",1,286160.171433187,4425375.54994384,TRUE
"279",0,"F4_278",0.0601001822530231,"F1_346",1,286157.03362015,4425375.22253912,TRUE
"280",0,"F4_279",0.152774009179233,"F1_269",1,286148.778777281,4425381.06330705,TRUE
"281",0,"F4_280",0.441038679706115,"F1_694",0,286150.587115944,4425380.56146954,TRUE
"282",0,"F4_281",0.679746942698899,"F1_273",0,286151.195283046,4425380.30745212,TRUE
"283",0,"F4_282",0.0403395885646411,"F1_693",1,286148.733469073,4425380.11501676,TRUE
"284",0,"F4_283",0.0945955503405764,"F1_272",1,286147.692381503,4425380.11700749,TRUE
"285",0,"F4_284",0.118219055029084,"F1_273",1,286151.261305836,4425379.51750691,TRUE
"286",0,"F4_285",0.085724209673646,"F1_274",1,286150.376847629,4425379.50219341,TRUE
"287",0,"F4_286",0.156507779471233,"F1_277",1,286146.919606348,4425378.77910041,TRUE
"288",0,"F4_287",0.0819699655556384,"F1_276",1,286151.512565307,4425378.75281111,TRUE
"289",0,"F4_288",0.148287366908348,"F1_278",1,286152.616509599,4425378.58256293,TRUE
"290",0,"F4_289",0.0837680115691241,"F1_279",1,286150.739589693,4425377.87707711,TRUE
"291",0,"F4_290",0.109164703216995,"F1_280",1,286153.115112892,4425377.58257773,TRUE
"292",0,"F4_291",0.0765267270530782,"F1_696",1,286153.870668215,4425376.65598755,TRUE
"293",0,"F4_292",0.0742920116355326,"F1_362",1,286149.928392773,4425376.43726265,TRUE
"294",0,"F4_293",0.186097890232868,"F1_363",1,286148.899375827,4425376.05486026,TRUE
"295",0,"F4_294",0.11632778322077,"F1_690",1,286143.954955059,4425382.37069585,TRUE
"296",0,"F4_295",0.227050018982118,"F1_271",1,286143.763064067,4425380.35316694,TRUE
"297",0,"F4_296",0.135451798960015,"F1_692",1,286139.802826158,4425380.16850542,TRUE
"298",0,"F4_297",0.838946771833163,"F1_271",0,286144.404398232,4425380.00045895,TRUE
"299",0,"F4_298",0.138532145369414,"F1_691",1,286141.43342457,4425379.47002267,TRUE
"300",0,"F4_299",0.271139557265784,"F1_283",1,286140.626188228,4425379.32107902,TRUE
"301",0,"F4_300",0.199229669664106,"F1_284",1,286139.850030343,4425378.96211473,TRUE
"302",0,"F4_301",0.15352351192567,"F1_285",1,286138.758558193,4425378.69602111,TRUE
"303",0,"F4_302",0.208881710926592,"F1_286",1,286137.324175596,4425378.43712338,TRUE
"304",0,"F4_303",0.0642025433587761,"F1_689",1,286138.868671385,4425375.77897295,TRUE
"305",0,"F4_304",0.100337513212636,"F1_281",1,286128.460842574,4425382.39488187,TRUE
"306",0,"F4_305",0.0597567216779217,"F1_365",1,286135.160738593,4425376.42453679,TRUE
"307",0,"F4_306",0.165743772577954,"F1_367",1,286136.693246767,4425375.54262171,TRUE
"308",0,"F4_307",0.0884956896338823,"F1_679",1,286129.204710245,4425375.61113864,TRUE
"309",0,"F4_308",0.218856220866286,"F1_678",1,286127.836687599,4425375.60770063,TRUE
"310",0,"F4_309",0.0777575031733156,"F1_366",1,286134.617138916,4425375.58965491,TRUE
"311",0,"F4_310",0.0342951112970531,"F1_368",1,286135.713060423,4425375.352542,TRUE
"312",0,"F4_311",0.130295032890323,"F1_288",1,286125.368995489,4425384.20007541,TRUE
"313",0,"F4_312",0.108871100075436,"F1_289",1,286126.14189068,4425383.54854508,TRUE
"314",0,"F4_313",0.201794456801944,"F1_290",1,286127.107667132,4425382.85542899,TRUE
"315",0,"F4_314",0.106346293021796,"F1_676",1,286125.14040489,4425382.87999665,TRUE
"316",0,"F4_315",0.0640711740952034,"F1_291",1,286126.008184423,4425382.68398571,TRUE
"317",0,"F4_316",0.247373924163714,"F1_675",1,286123.83177379,4425382.74763373,TRUE
"318",0,"F4_317",0.17915718815041,"F1_292",1,286122.965286916,4425382.61474447,TRUE
"319",0,"F4_318",0.140942803121176,"F1_674",1,286122.190966472,4425382.33646675,TRUE
"320",0,"F4_319",0.11488061882296,"F1_293",1,286124.993941411,4425381.7920487,TRUE
"321",0,"F4_320",0.152553954636096,"F1_282",1,286127.576239902,4425381.74802972,TRUE
"322",0,"F4_321",0.171042535885057,"F1_294",1,286122.484851628,4425380.91718859,TRUE
"323",0,"F4_322",0.264588108041427,"F1_296",1,286123.028208599,4425380.17573991,TRUE
"324",0,"F4_323",0.20930714546274,"F1_298",1,286121.758705343,4425380.09317625,TRUE
"325",0,"F4_324",0.00893357784796111,"F1_297",1,286119.929450869,4425379.98586593,TRUE
"326",0,"F4_325",0.166009353424912,"F1_673",1,286123.512930031,4425379.45985522,TRUE
"327",0,"F4_326",0.178434958921317,"F1_303",1,286120.249404452,4425379.16745914,TRUE
"328",0,"F4_327",0.0535816014419353,"F1_302",1,286122.563357616,4425379.17683364,TRUE
"329",0,"F4_328",1.82827090699303,"F1_386",0,286126.000493152,4425378.60677118,TRUE
"330",0,"F4_329",0.342622809647256,"F1_305",1,286120.269441939,4425378.12566088,TRUE
"331",0,"F4_330",0.108988532485369,"F1_670",1,286120.778648478,4425377.54854654,TRUE
"332",0,"F4_331",0.09297979359201,"F1_669",1,286118.998913913,4425377.44515471,TRUE
"333",0,"F4_332",0.076687080019608,"F1_307",1,286121.934419822,4425377.43472621,TRUE
"334",0,"F4_333",0.0378904118981531,"F1_385",1,286120.200227401,4425377.06137231,TRUE
"335",0,"F4_334",0.0503334080419887,"F1_386",1,286126.209385665,4425376.79648545,TRUE
"336",0,"F4_335",1.0745854509378,"F1_677",0,286126.8674589,4425375.83098629,TRUE
"337",0,"F4_336",0.119435006061752,"F1_665",1,286115.261693988,4425382.14030721,TRUE
"338",0,"F4_337",0.161183106626754,"F1_295",1,286117.901252079,4425380.58019066,TRUE
"339",0,"F4_338",0.422451174971301,"F1_300",1,286114.12941529,4425380.32085678,TRUE
"340",0,"F4_339",0.0723109075856013,"F1_301",1,286117.220950199,4425379.72704227,TRUE
"341",0,"F4_340",0.0552294828954636,"F1_668",1,286115.838514986,4425379.61288817,TRUE
"342",0,"F4_341",0.0526896189254494,"F1_304",1,286116.887401398,4425378.50968463,TRUE
"343",0,"F4_342",0.592271120893333,"F1_387",0,286115.621217091,4425376.69476473,TRUE
"344",0,"F4_343",0.0104185564263523,"F1_388",0,286117.404306287,4425376.03500194,TRUE
"345",0,"F4_344",0.186345299068726,"F1_658",1,286113.117970635,4425375.69673491,TRUE
"346",0,"F4_345",0.268268355708446,"F1_392",1,286112.405148159,4425375.70576459,TRUE
"347",0,"F4_346",0.178486402429181,"F1_393",1,286110.772926935,4425375.67207537,TRUE
"348",0,"F4_347",0.276780726654358,"F1_389",1,286114.282252407,4425375.34314654,TRUE
"349",0,"F4_348",0.115572216455505,"F1_662",1,286116.545477199,4425375.40440959,TRUE
"350",0,"F4_349",0.227715336947667,"F1_391",1,286101.242898365,4425376.82254804,TRUE
"351",0,"F4_350",0.163915680801596,"F1_394",1,286104.401106693,4425375.33828481,TRUE
"352",0,"F4_351",0.117684293550928,"F1_395",1,286108.404885986,4425375.29398348,TRUE
"353",0,"F4_352",0.112984475862992,"F1_634",1,286092.996666664,4425378.05415228,TRUE
"354",0,"F4_353",0.336926992837292,"F1_318",1,286095.894951767,4425377.20027593,TRUE
"355",0,"F4_354",1.11048531786826,"F1_391",0,286100.330228363,4425376.5986792,TRUE
"356",0,"F4_355",0.298807845847618,"F1_635",1,286093.181400504,4425376.52440002,TRUE
"357",0,"F4_356",0.135683666240137,"F1_436",1,286098.879801487,4425376.19727308,TRUE
"358",0,"F4_357",0.349604858253516,"F1_435",1,286091.828745475,4425375.67550565,TRUE
"359",0,"F4_358",0.394107559092724,"F1_323",1,286085.89840093,4425383.97829834,TRUE
"360",0,"F4_359",0.140980620894099,"F1_599",1,286084.611882008,4425383.92241647,TRUE
"361",0,"F4_360",0.148533192789444,"F1_330",1,286083.524348552,4425381.38238482,TRUE
"362",0,"F4_361",0.123411756580951,"F1_324",1,286077.76800815,4425383.61480542,TRUE
"363",0,"F4_362",0.0956562360298102,"F1_602",1,286081.915787208,4425383.35453459,TRUE
"364",0,"F4_363",0.176900106010147,"F1_601",1,286079.996702355,4425383.19791302,TRUE
"365",0,"F4_364",0.199355147099996,"F1_606",1,286077.381286991,4425382.75331793,TRUE
"366",0,"F4_365",0.0885863744818598,"F1_325",1,286078.889965189,4425382.86480046,TRUE
"367",0,"F4_366",0.0268281007421444,"F1_609",1,286074.553658379,4425382.71183107,TRUE
"368",0,"F4_367",0.133550892680482,"F1_326",1,286081.369885657,4425382.52553817,TRUE
"369",0,"F4_368",0.155440193568048,"F1_608",1,286075.38075943,4425382.24490095,TRUE
"370",0,"F4_369",0.0730795603425034,"F1_607",1,286076.611853314,4425382.09688966,TRUE
"371",0,"F4_370",0.0400889109487419,"F1_604",1,286079.370552903,4425381.89620289,TRUE
"372",0,"F4_371",0.222471918440014,"F1_328",1,286082.323764319,4425381.42825944,TRUE
"373",0,"F4_372",0.209506753633248,"F1_327",1,286080.398808777,4425381.45421439,TRUE
"374",0,"F4_373",0.175997294115445,"F1_329",1,286081.412281899,4425381.27061831,TRUE
"375",0,"F4_374",0.081736731006768,"F1_331",1,286075.549116019,4425381.17859046,TRUE
"376",0,"F4_375",0.09423890705604,"F1_332",1,286076.822006955,4425380.94805587,TRUE
"377",0,"F4_376",0.806749749691351,"F1_611",0,286082.222334938,4425380.62849811,TRUE
"378",0,"F4_377",0.125021997368501,"F1_333",1,286076.130990196,4425380.10199924,TRUE
"379",0,"F4_378",0.16779795622566,"F1_335",1,286074.888587568,4425379.74333953,TRUE
"380",0,"F4_379",0.215749723755044,"F1_338",1,286074.671106719,4425377.30889542,TRUE
"381",0,"F4_380",0.0624840333902886,"F1_614",1,286075.595275789,4425376.18429293,TRUE
"382",0,"F4_381",0.0700504360129256,"F1_334",1,286073.717713685,4425379.87586443,TRUE
"383",0,"F4_382",0.0951561594005521,"F1_336",1,286073.892630195,4425378.69932085,TRUE
"384",0,"F4_383",0.0294455150829628,"F1_337",1,286073.310106674,4425377.81503391,TRUE
"385",0,"F4_384",0.100080838335441,"F1_612",1,286073.435673596,4425376.60626261,TRUE
"386",0,"F4_385",0.0536065720258192,"F1_613",1,286073.455658074,4425375.34776891,TRUE
"387",0,"F4_386",0.039215987771695,"F1_343",1,286172.783595349,4425374.9043236,TRUE
"388",0,"F4_387",0.191037086370286,"F1_349",1,286163.724692267,4425374.39666476,TRUE
"389",0,"F4_388",0.0532043783792624,"F1_704",1,286165.13655883,4425373.65798853,TRUE
"390",0,"F4_389",0.0832955687963666,"F1_705",1,286165.814575531,4425372.56323158,TRUE
"391",0,"F4_390",0.138209695088962,"F1_352",1,286165.939681157,4425371.47419154,TRUE
"392",0,"F4_391",3.60495801413283,"F1_352",0,286167.725283185,4425368.48890746,TRUE
"393",0,"F4_392",0.0707172378964712,"F1_348",1,286158.20342278,4425375.05871403,TRUE
"394",0,"F4_393",0.113280308216151,"F1_347",1,286162.681068542,4425375.05942116,TRUE
"395",0,"F4_394",0.247553034831685,"F1_700",1,286161.612463441,4425374.51117551,TRUE
"396",0,"F4_395",0.0347108257779564,"F1_701",1,286160.055961932,4425373.10640011,TRUE
"397",0,"F4_396",0.0375664792138282,"F1_351",1,286160.007307327,4425371.89803218,TRUE
"398",0,"F4_397",0.0422422092799983,"F1_353",1,286157.722119313,4425370.73947181,TRUE
"399",0,"F4_398",0.166599368440025,"F1_355",1,286160.278151811,4425370.56595566,TRUE
"400",0,"F4_399",0.0174714082003918,"F1_356",1,286158.375640775,4425370.13743596,TRUE
"401",0,"F4_400",0.0717847248008265,"F1_358",1,286157.110785025,4425367.24999166,TRUE
"402",0,"F4_401",0.132597242741727,"F1_776",1,286141.846397122,4425374.88929977,TRUE
"403",0,"F4_402",0.219115593687613,"F1_777",1,286140.920625481,4425374.18847209,TRUE
"404",0,"F4_403",0.0100666444403811,"F1_688",1,286139.450168146,4425374.10931083,TRUE
"405",0,"F4_404",0.127953433304685,"F1_374",1,286137.043604749,4425372.93833408,TRUE
"406",0,"F4_405",0.102348061878463,"F1_686",1,286138.04285754,4425371.83944075,TRUE
"407",0,"F4_406",0.0456936334929492,"F1_380",1,286137.1959044,4425371.5113263,TRUE
"408",0,"F4_407",0.223254686749403,"F1_687",1,286139.284801821,4425371.49056438,TRUE
"409",0,"F4_408",0.117944856166118,"F1_369",1,286128.366282608,4425375.05907225,TRUE
"410",0,"F4_409",0.112071097801057,"F1_371",0,286136.686434654,4425374.75466307,TRUE
"411",0,"F4_410",0.0364563748930435,"F1_370",1,286130.289008796,4425374.71590042,TRUE
"412",0,"F4_411",0.0598199668546121,"F1_683",1,286134.079687188,4425374.67568949,TRUE
"413",0,"F4_412",0.192719303401938,"F1_684",1,286136.293939444,4425373.52953492,TRUE
"414",0,"F4_413",0.0655200414297683,"F1_682",1,286134.38625924,4425373.28955134,TRUE
"415",0,"F4_414",0.0529599104977121,"F1_373",1,286129.13256745,4425373.34174941,TRUE
"416",0,"F4_415",0.0481769075992879,"F1_375",0,286130.358514064,4425372.83735432,TRUE
"417",0,"F4_416",0.324982292484308,"F1_377",1,286132.792419744,4425372.41115102,TRUE
"418",0,"F4_417",0.0294728831189241,"F1_376",1,286135.503766337,4425372.39492582,TRUE
"419",0,"F4_418",0.0327076048185773,"F1_685",1,286136.491099757,4425372.05795075,TRUE
"420",0,"F4_419",0.0763842970230708,"F1_378",1,286134.302305469,4425371.99304896,TRUE
"421",0,"F4_420",0.0787776894299916,"F1_381",1,286133.643335451,4425371.05502196,TRUE
"422",0,"F4_421",0.291954642476883,"F1_680",1,286129.81264599,4425370.8205063,TRUE
"423",0,"F4_422",0.128877610051207,"F1_383",1,286130.643070556,4425370.39379287,TRUE
"424",0,"F4_423",0.130392732843526,"F1_681",1,286132.946267535,4425369.25659286,TRUE
"425",0,"F4_424",0.194065366242218,"F1_677",1,286127.059480021,4425374.64176732,TRUE
"426",0,"F4_425",0.0771834737048095,"F1_390",1,286117.514615451,4425374.94193926,TRUE
"427",0,"F4_426",0.0447787691626831,"F1_396",1,286112.029875424,4425374.830938,TRUE
"428",0,"F4_427",0.0656124651364218,"F1_663",1,286116.026744374,4425374.70315641,TRUE
"429",0,"F4_428",0.184132225479811,"F1_399",1,286110.81188568,4425374.48903675,TRUE
"430",0,"F4_429",0.142474578271487,"F1_659",1,286114.440423084,4425373.78888165,TRUE
"431",0,"F4_430",0.217464371668922,"F1_660",1,286115.466180015,4425373.89119501,TRUE
"432",0,"F4_431",0.22553428126487,"F1_402",1,286111.91198123,4425373.82786162,TRUE
"433",0,"F4_432",0.32643053497425,"F1_404",1,286111.243585269,4425373.52454595,TRUE
"434",0,"F4_433",0.303205531748045,"F1_410",1,286110.781709137,4425372.1280961,TRUE
"435",0,"F4_434",0.165107181342697,"F1_411",1,286111.431724617,4425371.55690027,TRUE
"436",0,"F4_435",0.168921583081013,"F1_412",1,286110.287999917,4425370.61503365,TRUE
"437",0,"F4_436",0.159388041179916,"F1_419",1,286112.976685351,4425367.4236138,TRUE
"438",0,"F4_437",0.222269758807269,"F1_421",1,286111.674981804,4425366.75147698,TRUE
"439",0,"F4_438",0.131692887280801,"F1_398",1,286105.371108375,4425374.71026106,TRUE
"440",0,"F4_439",0.23563881365333,"F1_400",1,286106.323446069,4425374.36782267,TRUE
"441",0,"F4_440",0.133426843978175,"F1_401",1,286104.138253972,4425374.19148287,TRUE
"442",0,"F4_441",0.0903305866015508,"F1_403",1,286105.252566891,4425373.74556651,TRUE
"443",0,"F4_442",0.107880864957699,"F1_646",1,286107.208609726,4425373.66649034,TRUE
"444",0,"F4_443",0.255938353519467,"F1_405",1,286102.718844256,4425373.42382628,TRUE
"445",0,"F4_444",0.220789957253936,"F1_406",1,286104.286497139,4425373.23768072,TRUE
"446",0,"F4_445",0.230546931336316,"F1_640",1,286104.869999684,4425372.35764119,TRUE
"447",0,"F4_446",0.250898149906433,"F1_409",1,286106.194490667,4425372.17898642,TRUE
"448",0,"F4_447",0.193086023388075,"F1_641",1,286105.866584305,4425371.25022915,TRUE
"449",0,"F4_448",0.357218116063897,"F1_642",1,286104.861235897,4425370.51136846,TRUE
"450",0,"F4_449",0.225800423659752,"F1_413",1,286106.506410326,4425370.39127751,TRUE
"451",0,"F4_450",0.244085288059326,"F1_643",1,286105.841549062,4425369.55960022,TRUE
"452",0,"F4_451",0.0795316574997493,"F1_415",1,286106.955772872,4425369.47649297,TRUE
"453",0,"F4_452",0.222172872961115,"F1_649",1,286108.546445536,4425369.18129686,TRUE
"454",0,"F4_453",0.381559185897611,"F1_416",1,286102.727860095,4425368.95994085,TRUE
"455",0,"F4_454",0.388036356641282,"F1_417",1,286102.74376141,4425367.97925937,TRUE
"456",0,"F4_455",0.375962676574425,"F1_644",1,286104.671688833,4425367.54922952,TRUE
"457",0,"F4_456",0.289902453281888,"F1_420",1,286107.769683982,4425366.84512049,TRUE
"458",0,"F4_457",0.230932037162991,"F1_422",1,286109.620108257,4425366.2875966,TRUE
"459",0,"F4_458",0.506226694616812,"F1_439",1,286097.120379929,4425374.78239104,TRUE
"460",0,"F4_459",0.272658266747144,"F1_652",1,286100.651565391,4425374.24507875,TRUE
"461",0,"F4_460",0.367999902047935,"F1_651",1,286098.694470687,4425373.6068422,TRUE
"462",0,"F4_461",0.208678467935777,"F1_628",1,286093.578435662,4425368.98515257,TRUE
"463",0,"F4_462",0.224385715428669,"F1_456",1,286093.765939277,4425368.04137333,TRUE
"464",0,"F4_463",0.0978014893882156,"F1_444",1,286087.474348364,4425374.01627343,TRUE
"465",0,"F4_464",0.236815915992876,"F1_446",1,286088.18582806,4425372.8847617,TRUE
"466",0,"F4_465",0.113787068353752,"F1_451",1,286090.660081507,4425370.64317305,TRUE
"467",0,"F4_466",0.265226433512208,"F1_452",1,286090.347823908,4425369.60914246,TRUE
"468",0,"F4_467",0.345200265437991,"F1_455",1,286088.58334598,4425368.3467831,TRUE
"469",0,"F4_468",0.0582416254874239,"F1_468",1,286075.21869829,4425374.57050268,TRUE
"470",0,"F4_469",0.0419855020074625,"F1_471",1,286080.13370084,4425373.21814238,TRUE
"471",0,"F4_470",0.0501023978869312,"F1_473",1,286077.87402822,4425372.77599157,TRUE
"472",0,"F4_471",0.065152799104112,"F1_619",1,286080.975500696,4425372.52625343,TRUE
"473",0,"F4_472",0.0770419110850413,"F1_475",1,286078.542294648,4425371.70371962,TRUE
"474",0,"F4_473",0.0507116352042438,"F1_616",1,286076.094938893,4425371.56622547,TRUE
"475",0,"F4_474",0.166106086544143,"F1_618",1,286078.095537889,4425369.33472593,TRUE
"476",0,"F4_475",0.0554712257274147,"F1_478",1,286079.386423879,4425368.87408641,TRUE
"477",0,"F4_476",0.105719644505482,"F1_623",1,286074.632535703,4425367.28742694,TRUE
"478",0,"F4_477",0.216408491578633,"F1_622",1,286077.730381237,4425366.73574553,TRUE
"479",0,"F4_478",0.136823344287488,"F1_467",1,286072.584362266,4425374.68672685,TRUE
"480",0,"F4_479",0.147258853640257,"F1_469",1,286073.723508046,4425373.97400305,TRUE
"481",0,"F4_480",0.0692593294381304,"F1_470",1,286072.472358528,4425373.50424433,TRUE
"482",0,"F4_481",0.0862803914831728,"F1_472",1,286073.450696748,4425372.81918683,TRUE
"483",0,"F4_482",0.144091694151527,"F1_474",1,286072.245105828,4425372.23306726,TRUE
"484",0,"F4_483",0.122850946328994,"F1_476",1,286073.430546875,4425371.48593862,TRUE
"485",0,"F4_484",0.161952090760234,"F1_615",1,286072.528208558,4425370.84353147,TRUE
"486",0,"F4_485",0.0864788298910934,"F1_484",1,286190.813620291,4425357.65950263,TRUE
"487",0,"F4_486",1.99744712577894,"F1_484",0,286189.597273804,4425359.25856723,TRUE
"488",0,"F4_487",0.30464329621917,"F1_727",1,286184.880762169,4425358.07507223,TRUE
"489",0,"F4_488",0.187352539273274,"F1_718",1,286169.725809104,4425363.85450386,TRUE
"490",0,"F4_489",0.222792980883305,"F1_712",1,286168.199671214,4425361.89284888,TRUE
"491",0,"F4_490",0.329622916060187,"F1_714",1,286169.763634569,4425361.54206944,TRUE
"492",0,"F4_491",0.38011979243731,"F1_716",1,286170.834415152,4425361.42407657,TRUE
"493",0,"F4_492",0.263623207188028,"F1_717",1,286169.716830293,4425360.72137827,TRUE
"494",0,"F4_493",0.0613110446546615,"F1_360",1,286157.446894269,4425365.13007141,TRUE
"495",0,"F4_494",0.222345924100821,"F1_709",1,286160.307481298,4425362.04023434,TRUE
"496",0,"F4_495",0.0905776404189313,"F1_505",1,286158.200716861,4425361.40424244,TRUE
"497",0,"F4_496",0.121538543275572,"F1_506",1,286160.850448475,4425360.22070382,TRUE
"498",0,"F4_497",0.299676975799273,"F1_426",1,286111.720780751,4425365.61979977,TRUE
"499",0,"F4_498",0.224589524346938,"F1_657",1,286114.386482292,4425365.43599205,TRUE
"500",0,"F4_499",0.170639383750466,"F1_427",1,286112.375277385,4425365.13451686,TRUE
"501",0,"F4_500",0.180943789909456,"F1_428",1,286110.235667495,4425364.66785217,TRUE
"502",0,"F4_501",0.236229873523872,"F1_430",0,286112.88981221,4425364.3180178,TRUE
"503",0,"F4_502",0.442543751842046,"F1_423",1,286105.890086097,4425366.04733237,TRUE
"504",0,"F4_503",0.321777507421902,"F1_425",1,286108.012280725,4425365.70976565,TRUE
"505",0,"F4_504",0.287964325940801,"F1_664",1,286109.255342735,4425365.35277941,TRUE
"506",0,"F4_505",0.238668803891998,"F1_432",1,286109.436622184,4425363.43260172,TRUE
"507",0,"F4_506",0.38450140123649,"F1_655",1,286108.97147705,4425362.93805856,TRUE
"508",0,"F4_507",0.317174593206676,"F1_654",1,286109.146501101,4425361.92123994,TRUE
"509",0,"F4_508",0.117656676660639,"F1_464",1,286093.069503737,4425364.58344167,TRUE
"510",0,"F4_509",0.29879128370829,"F1_511",1,286091.916481996,4425360.36036022,TRUE
"511",0,"F4_510",0.133786822562827,"F1_463",1,286090.678222638,4425365.51928363,TRUE
"512",0,"F4_511",0.175095736710333,"F1_465",1,286091.123593794,4425363.14612521,TRUE
"513",0,"F4_512",0.322138525108297,"F1_510",1,286089.068289363,4425360.93076162,TRUE
"514",0,"F4_513",0.317435216284105,"F1_626",1,286089.980890089,4425360.03006314,TRUE
"515",0,"F4_514",0.0478301642932248,"F1_481",1,286075.249216065,4425366.02853094,TRUE
"516",0,"F4_515",0.0203456831113661,"F1_482",1,286075.257861168,4425364.85668602,TRUE
"517",0,"F4_516",0.184433115942453,"F1_485",1,286191.755096603,4425357.08186371,TRUE
"518",0,"F4_517",0.225105499615577,"F1_492",1,286192.124792866,4425354.7246573,TRUE
"519",0,"F4_518",0.189682226439212,"F1_494",1,286190.842786886,4425354.38533191,TRUE
"520",0,"F4_519",0.146586471087608,"F1_496",1,286192.356978215,4425353.96766117,TRUE
"521",0,"F4_520",0.203186404770387,"F1_486",1,286189.597249339,4425357.26132336,TRUE
"522",0,"F4_521",0.303554333583125,"F1_723",1,286189.495163386,4425356.08806541,TRUE
"523",0,"F4_522",0.20043705243252,"F1_724",1,286190.018519046,4425354.94743416,TRUE
"524",0,"F4_523",0.29335544822139,"F1_495",1,286185.118878154,4425354.0918373,TRUE
"525",0,"F4_524",0.315554416524594,"F1_721",1,286187.955870821,4425353.37436592,TRUE
"526",0,"F4_525",0.0932153655587653,"F1_497",1,286183.510163367,4425353.32462529,TRUE
"527",0,"F4_526",0.2526233135854,"F1_722",1,286189.381335565,4425353.27224049,TRUE
"528",0,"F4_527",0.129156268749766,"F1_498",1,286185.269328817,4425352.98876895,TRUE
"529",0,"F4_528",0.259006608556441,"F1_499",1,286186.589805545,4425352.58340705,TRUE
"530",0,"F4_529",0.268317638433631,"F1_500",1,286188.72349128,4425351.57821424,TRUE
"531",0,"F4_530",0.44534438994918,"F1_503",1,286179.643218038,4425354.93611189,TRUE
"532",0,"F4_531",0.213898459270013,"F1_719",1,286181.233300305,4425354.19399599,TRUE
"533",0,"F4_532",0.145880311245778,"F1_514",1,286088.653948125,4425356.08583741,TRUE
"534",0,"F4_533",0.0626284788964922,"F1_515",1,286089.412538807,4425355.49292283,TRUE
"535",0,"F4_534",0.182680796011849,"F1_483",1,286192.021661931,4425358.2142621,TRUE
"536",0,"F4_535",0.224191681872818,"F1_488",1,286192.736038361,4425356.05525778,TRUE
"537",0,"F4_536",0.204472355700067,"F1_489",1,286193.64091517,4425356.05525778,TRUE
"538",0,"F4_537",0.196950109498041,"F1_487",1,286194.482291854,4425356.45213357,TRUE
"539",0,"F4_538",0.334908361585788,"F1_490",1,286195.212543314,4425355.46788161,TRUE
"540",0,"F4_539",0.269302978150608,"F1_493",1,286194.355291599,4425354.62650492,TRUE
"541",0,"F4_540",0.31886540985292,"F1_491",1,286192.83128855,4425355.10275588,TRUE
"542",0,"F4_541",0.263662067844143,"F1_726",1,286193.593290075,4425354.02325372,TRUE
"543",0,"F4_542",0.388332563038947,"F1_720",1,286186.687651264,4425351.72137411,TRUE
"544",0,"F4_543",0.197639077795113,"F1_501",1,286187.687778264,4425351.14987297,TRUE
"545",0,"F4_544",0.223059547209574,"F1_504",1,286167.272487433,4425361.23051813,TRUE
"546",0,"F4_545",0.102836770488214,"F1_713",1,286168.304364497,4425360.65901699,TRUE
"547",0,"F4_546",0.292591341213502,"F1_502",1,286169.68549226,4425362.70689609,TRUE
"548",0,"F4_547",0.238910206272882,"F1_707",1,286162.2559774,4425362.13539494,TRUE
"549",0,"F4_548",0.239778568525357,"F1_708",1,286161.128850146,4425362.92914653,TRUE
"550",0,"F4_549",0.156576806333616,"F1_710",1,286160.446223779,4425360.97651762,TRUE
"551",0,"F4_550",0.221494116561018,"F1_711",1,286159.747722384,4425359.99226566,TRUE
"552",0,"F4_551",0.0864434439809663,"F1_359",1,286157.795093477,4425365.99620266,TRUE
"553",0,"F4_552",0.151822332041596,"F1_706",1,286164.192731274,4425370.30891962,TRUE
"554",0,"F4_553",0.118108063730754,"F1_354",1,286159.440805102,4425370.45708659,TRUE
"555",0,"F4_554",0.0510516213077549,"F1_357",1,286158.911637377,4425369.3140843,TRUE
"556",0,"F4_555",0.19180379525558,"F1_350",1,286159.924993573,4425373.8622809,TRUE
"557",0,"F4_556",0.152899409463312,"F1_702",1,286159.115366954,4425372.75896619,TRUE
"558",0,"F4_557",0.0853035261006074,"F1_344",1,286156.126098474,4425376.89758697,TRUE
"559",0,"F4_558",0.0840386267114232,"F1_699",1,286161.131495984,4425375.37358392,TRUE
"560",0,"F4_559",0.0899333715079247,"F1_695",1,286151.059185216,4425377.20185841,TRUE
"561",0,"F4_560",0.0806810173691641,"F1_275",1,286144.997568925,4425379.01425787,TRUE
"562",0,"F4_561",0.0822015164427699,"F1_382",1,286128.599719462,4425370.86648602,TRUE
"563",0,"F4_562",0.144112860631068,"F1_379",1,286131.171474607,4425371.88248805,TRUE
"564",0,"F4_563",0.0530193287299193,"F1_661",1,286115.35359297,4425375.7083707,TRUE
"565",0,"F4_564",0.0255356460044362,"F1_418",1,286111.940461145,4425367.62004202,TRUE
"566",0,"F4_565",0.234171933229137,"F1_424",1,286112.591337445,4425366.03253885,TRUE
"567",0,"F4_566",0.492419120173721,"F1_414",1,286104.161695588,4425369.14404507,TRUE
"568",0,"F4_567",0.444711858522083,"F1_397",1,286100.0183123,4425374.34470547,TRUE
"569",0,"F4_568",0.378610290142414,"F1_437",1,286099.827811919,4425375.59883298,TRUE
"570",0,"F4_569",0.216519852492819,"F1_638",1,286095.22405271,4425376.36083451,TRUE
"571",0,"F4_570",0.227661089432751,"F1_639",1,286096.525805315,4425375.93220865,TRUE
"572",0,"F4_571",1.02288728220583,"F1_433",0,286097.716432696,4425377.96421271,TRUE
"573",0,"F4_572",0.289940624362613,"F1_433",1,286097.271931808,4425377.04346087,TRUE
"574",0,"F4_573",0.262306806611184,"F1_450",1,286094.462051187,4425371.02682384,TRUE
"575",0,"F4_574",0.1494030118191,"F1_630",1,286094.620801504,4425367.99469277,TRUE
"576",0,"F4_575",0.383851180123644,"F1_631",1,286095.462178187,4425367.04219087,TRUE
"577",0,"F4_576",0.300134963314924,"F1_629",1,286093.255548773,4425366.64531507,TRUE
"578",0,"F4_577",0.181977041894151,"F1_461",1,286093.350798964,4425365.72456323,TRUE
"579",0,"F4_578",0.217828669388501,"F1_458",1,286092.176046615,4425366.91519061,TRUE
"580",0,"F4_579",0.134792523798578,"F1_627",1,286092.541172346,4425368.42331863,TRUE
"581",0,"F4_580",0.274074655766459,"F1_453",1,286091.775995815,4425369.45519569,TRUE
"582",0,"F4_581",0.071303813688555,"F1_445",1,286092.236371737,4425373.39220357,TRUE
"583",0,"F4_582",0.164064241889772,"F1_447",1,286091.236244735,4425372.3603265,TRUE
"584",0,"F4_583",0.197002165317987,"F1_443",1,286090.45836818,4425373.96370471,TRUE
"585",0,"F4_584",0.259842227979207,"F1_442",1,286090.680618625,4425374.83683146,TRUE
"586",0,"F4_585",0.103658204499331,"F1_441",1,286092.696747657,4425375.09083197,TRUE
"587",0,"F4_586",0.21481888372644,"F1_448",1,286089.283615831,4425372.34445147,TRUE
"588",0,"F4_587",0.266308038526087,"F1_449",1,286090.093242449,4425371.29669938,TRUE
"589",0,"F4_588",0.226297125989811,"F1_454",1,286089.553491369,4425368.55031888,TRUE
"590",0,"F4_589",0.0877553107632189,"F1_632",1,286089.156615576,4425367.59781698,TRUE
"591",0,"F4_590",0.334489673096085,"F1_460",1,286088.616864496,4425365.99443877,TRUE
"592",0,"F4_591",0.289102377896869,"F1_462",1,286089.648741561,4425365.50231279,TRUE
"593",0,"F4_592",0.167708254450136,"F1_459",1,286090.712368687,4425366.43893966,TRUE
"594",0,"F4_593",0.0859298891751824,"F1_633",1,286088.331113926,4425363.23535825,TRUE
"595",0,"F4_594",0.11885521302685,"F1_508",1,286089.299490862,4425362.69560718,TRUE
"596",0,"F4_595",0.326007266351914,"F1_509",1,286088.934365132,4425361.85423049,TRUE
"597",0,"F4_596",0.407614973365617,"F1_625",1,286091.55374537,4425361.18747916,TRUE
"598",0,"F4_597",0.0234213071254034,"F1_512",1,286090.902869069,4425360.53660286,TRUE
"599",0,"F4_598",0.135457068312923,"F1_513",1,286088.37873902,4425357.01234581,TRUE
"600",0,"F4_599",0.172235860140435,"F1_620",1,286082.044270625,4425373.08680764,TRUE
"601",0,"F4_600",0.161718519356014,"F1_477",1,286080.202766939,4425369.89592626,TRUE
"602",0,"F4_601",0.0151935196327085,"F1_621",1,286080.710767956,4425368.92754933,TRUE
"603",0,"F4_602",0.139323097787304,"F1_617",1,286077.408761353,4425370.92780333,TRUE
"604",0,"F4_603",0.0821854484006756,"F1_479",1,286078.154887845,4425367.83217213,TRUE
"605",0,"F4_604",0.171374803660924,"F1_480",1,286075.85300824,4425366.53041953,TRUE
"606",0,"F4_605",0.232754728077413,"F1_624",1,286076.186383908,4425365.60966769,TRUE
"607",0,"F4_606",0.245600625355097,"F1_466",1,286074.630630796,4425375.72735459,TRUE
"608",0,"F4_607",0.035417388531293,"F1_610",1,286077.567511669,4425378.06627594,TRUE
"609",0,"F4_608",0.319624099959084,"F1_319",1,286085.100875694,4425387.58705062,TRUE
"610",0,"F4_609",0.374304400900629,"F1_594",1,286087.894881284,4425389.86247184,TRUE
"611",0,"F4_610",0.195073869938986,"F1_589",1,286087.704380903,4425392.74114427,TRUE
"612",0,"F4_611",0.108704638672855,"F1_588",1,286084.169540499,4425395.45048302,TRUE
"613",0,"F4_612",0.0606841091477304,"F1_581",1,286079.735114963,4425394.85781517,TRUE
"614",0,"F4_613",0.22793382801596,"F1_198",1,286102.266304992,4425403.44521515,TRUE
"615",0,"F4_614",0.325477359817685,"F1_772",1,286099.964425387,4425399.88920804,TRUE
"616",0,"F4_615",0.211999736146644,"F1_773",1,286100.043800547,4425398.69858066,TRUE
"617",0,"F4_616",0.0894956176789574,"F1_212",1,286100.281926022,4425397.09520245,TRUE
"618",0,"F4_617",0.186437524554509,"F1_774",1,286100.964552387,4425399.09545645,TRUE
"619",0,"F4_618",0.166988597290093,"F1_771",1,286101.313803087,4425400.17495861,TRUE
"620",0,"F4_619",0.24118734160653,"F1_770",1,286102.218679897,4425400.49245925,TRUE
"621",0,"F4_620",0.114500838089486,"F1_201",1,286103.282307023,4425400.57183441,TRUE
"622",0,"F4_621",0.201266863250319,"F1_769",1,286104.520559501,4425400.50833428,TRUE
"623",0,"F4_622",0.113719730479002,"F1_204",1,286102.631430721,4425398.79383085,TRUE
"624",0,"F4_623",0.0465798009398288,"F1_205",1,286104.8698102,4425398.76208079,TRUE
"625",0,"F4_624",0.0880466049978776,"F1_208",1,286103.472807405,4425397.77782882,TRUE
"626",0,"F4_625",0.0977746286865029,"F1_209",1,286104.552309564,4425397.47620322,TRUE
"627",0,"F4_626",0.16718095751668,"F1_217",1,286104.679309818,4425396.38082603,TRUE
"628",0,"F4_627",0.110494094160956,"F1_218",1,286103.583932628,4425396.55545137,TRUE
"629",0,"F4_628",0.150697726373094,"F1_213",1,286101.567803593,4425397.03170233,TRUE
"630",0,"F4_629",0.1150110971179,"F1_221",1,286102.282180023,4425395.98395023,TRUE
"631",0,"F4_630",0.0939322295205543,"F1_216",1,286100.837552134,4425396.57132641,TRUE
"632",0,"F4_631",0.142815551515596,"F1_233",1,286098.059421577,4425395.17432361,TRUE
"633",0,"F4_632",0.1023873691792,"F1_234",1,286097.72604591,4425394.14244655,TRUE
"634",0,"F4_633",0.278094054431063,"F1_235",1,286099.250048959,4425394.36469699,TRUE
"635",0,"F4_634",0.147682402165877,"F1_225",1,286104.155433771,4425394.98382323,TRUE
"636",0,"F4_635",0.151178849426258,"F1_222",1,286105.219060897,4425395.50769928,TRUE
"637",0,"F4_636",0.138440095904743,"F1_219",1,286106.298563057,4425396.04745036,TRUE
"638",0,"F4_637",0.0672177042555484,"F1_226",1,286105.330186119,4425394.34882196,TRUE
"639",0,"F4_638",0.212170543719988,"F1_223",1,286108.060691581,4425395.11082349,TRUE
"640",0,"F4_639",0.0800619653803155,"F1_210",1,286107.679690818,4425397.23807774,TRUE
"641",0,"F4_640",0.218799054565577,"F1_764",1,286107.917816295,4425398.58745544,TRUE
"642",0,"F4_641",1.14556231624077,"F1_763",0,286108.806818074,4425400.33370893,TRUE
"643",0,"F4_642",0.0597785508181994,"F1_763",1,286109.029068519,4425399.25420677,TRUE
"644",0,"F4_643",0.266276290444803,"F1_762",0,286110.172070803,4425400.07970842,TRUE
"645",0,"F4_644",0.0570075994395354,"F1_749",1,286111.632573725,4425400.82583492,TRUE
"646",0,"F4_645",0.151414603130101,"F1_202",1,286112.235824932,4425399.73045772,TRUE
"647",0,"F4_646",0.115500444721005,"F1_203",1,286111.934199328,4425398.82558091,TRUE
"648",0,"F4_647",0.147149234485966,"F1_758",0,286111.029322519,4425397.34920296,TRUE
"649",0,"F4_648",0.063232536921701,"F1_214",1,286109.949820359,4425396.74595175,TRUE
"650",0,"F4_649",0.1606085674037,"F1_211",1,286108.679817819,4425397.01582729,TRUE
"651",0,"F4_650",0.149357968118212,"F1_220",1,286109.092568644,4425395.85694998,TRUE
"652",0,"F4_651",0.194709957018383,"F1_759",1,286111.267447994,4425396.36495099,TRUE
"653",0,"F4_652",0.0919228896269865,"F1_215",1,286112.839076139,4425396.33320093,TRUE
"654",0,"F4_653",0.155030360050763,"F1_196",1,286113.537577534,4425394.39644706,TRUE
"655",0,"F4_654",0.223864329055485,"F1_227",1,286110.23557093,4425392.33269293,TRUE
"656",0,"F4_655",0.120666615940069,"F1_206",1,286110.172070803,4425398.3175799,TRUE
"657",0,"F4_656",0.143079074848622,"F1_750",1,286114.807580073,4425397.06345239,TRUE
"658",0,"F4_657",0.0677915555223495,"F1_747",1,286115.506081471,4425398.30170487,TRUE
"659",0,"F4_658",0.136608321202105,"F1_191",1,286117.744460947,4425395.9680752,TRUE
"660",0,"F4_659",0.209593916363445,"F1_185",1,286117.299960058,4425400.06383339,TRUE
"661",0,"F4_660",0.755879939564503,"F1_187",0,286119.427214314,4425399.53995734,TRUE
"662",0,"F4_661",0.0807663353510617,"F1_177",1,286114.68057982,4425404.11196649,TRUE
"663",0,"F4_662",0.156136492388901,"F1_179",1,286115.601331661,4425403.30233987,TRUE
"664",0,"F4_663",0.222487171082062,"F1_182",1,286116.252207963,4425402.63558854,TRUE
"665",0,"F4_664",0.110485898370075,"F1_199",1,286113.537577534,4425402.74671376,TRUE
"666",0,"F4_665",0.165410592354252,"F1_176",1,286117.395210249,4425404.19134165,TRUE
"667",0,"F4_666",0.0585163964824508,"F1_180",1,286117.2205849,4425403.3182149,TRUE
"668",0,"F4_667",0.156148676573116,"F1_183",1,286117.934961328,4425402.34983796,TRUE
"669",0,"F4_668",0.176785835719215,"F1_181",1,286118.569962598,4425402.52446331,TRUE
"670",0,"F4_669",0.115171215239817,"F1_740",1,286119.839965139,4425402.63558854,TRUE
"671",0,"F4_670",0.0367203428245293,"F1_178",1,286119.601839664,4425403.81034088,TRUE
"672",0,"F4_671",0.174283152855829,"F1_102",1,286117.673023305,4425405.23016404,TRUE
"673",0,"F4_672",0.929469062644119,"F1_102",0,286118.519691666,4425405.93131127,TRUE
"674",0,"F4_673",0.0826863949784643,"F1_738",1,286119.55156873,4425405.46828951,TRUE
"675",0,"F4_674",0.115869805471309,"F1_152",1,286131.431384156,4425398.7643959,TRUE
"676",0,"F4_675",0.280169463811692,"F1_164",1,286131.021279169,4425396.68741258,TRUE
"677",0,"F4_676",0.231044697342002,"F1_168",1,286131.087425134,4425395.56293116,TRUE
"678",0,"F4_677",0.207269420174717,"F1_155",1,286134.870974367,4425398.53949961,TRUE
"679",0,"F4_678",0.269202971255183,"F1_731",1,286137.741709275,4425397.12397595,TRUE
"680",0,"F4_679",0.173079793045941,"F1_732",1,286136.736290599,4425396.22439082,TRUE
"681",0,"F4_680",0.220544229755347,"F1_734",1,286132.330969287,4425396.22439082,TRUE
"682",0,"F4_681",0.234243965130216,"F1_174",1,286134.50055696,4425393.64469816,TRUE
"683",0,"F4_682",0.0809558873136704,"F1_260",1,286062.193976581,4425394.02790379,TRUE
"684",0,"F4_683",0.0738253749695291,"F1_250",1,286064.527606247,4425398.25066224,TRUE
"685",0,"F4_684",0.126650408326476,"F1_249",1,286065.73410866,4425398.37766249,TRUE
"686",0,"F4_685",0.217505990228635,"F1_247",1,286065.924609042,4425399.56828987,TRUE
"687",0,"F4_686",0.0905881884825808,"F1_252",1,286065.162607517,4425397.34578543,TRUE
"688",0,"F4_687",0.081161689630699,"F1_253",1,286066.115109422,4425396.90128454,TRUE
"689",0,"F4_688",0.203714724061603,"F1_251",1,286067.797862788,4425397.75853625,TRUE
"690",0,"F4_689",0.0687417982772765,"F1_575",1,286068.877364947,4425398.82216338,TRUE
"691",0,"F4_690",0.126142531065704,"F1_246",1,286069.258365709,4425399.67941509,TRUE
"692",0,"F4_691",0.552896634943414,"F1_248",0,286069.81399182,4425399.44128962,TRUE
"693",0,"F4_692",0.113767687503634,"F1_248",1,286069.861616916,4425398.80628835,TRUE
"694",0,"F4_693",0.179399549317872,"F1_238",1,286074.719376632,4425397.04415982,TRUE
"695",0,"F4_694",0.198895461817151,"F1_268",1,286065.797608788,4425391.20214814,TRUE
"696",0,"F4_695",0.0954125780400939,"F1_256",1,286064.273605739,4425396.07578289,TRUE
"697",0,"F4_696",0.113830016172032,"F1_568",1,286055.01528722,4425415.97248934,TRUE
"698",0,"F4_697",0.105005564438412,"F1_145",1,286055.920164031,4425414.17861076,TRUE
"699",0,"F4_698",0.315202454305737,"F1_146",1,286057.015541221,4425413.24198388,TRUE
"700",0,"F4_699",0.189275009679059,"F1_124",1,286059.015795224,4425413.54360949,TRUE
"701",0,"F4_700",0.12526329716774,"F1_127",1,286060.000047191,4425412.90860822,TRUE
"702",0,"F4_701",0.274864947228767,"F1_130",1,286060.508048208,4425411.79735599,TRUE
"703",0,"F4_702",0.141833339881996,"F1_133",1,286060.920799033,4425410.78135396,TRUE
"704",0,"F4_703",0.236222354406328,"F1_132",1,286061.476425144,4425411.22585485,TRUE
"705",0,"F4_704",0.0814892089884318,"F1_129",1,286061.841550874,4425411.90848122,TRUE
"706",0,"F4_705",0.126378040855543,"F1_546",1,286061.619300431,4425410.19397779,TRUE
"707",0,"F4_706",0.0708012839988861,"F1_138",1,286063.349678891,4425408.47947436,TRUE
"708",0,"F4_707",0.256064785080839,"F1_134",1,286058.511762964,4425410.54322849,TRUE
"709",0,"F4_708",0.0789901806119228,"F1_547",1,286059.400764742,4425409.82091454,TRUE
"710",0,"F4_709",0.177466166578006,"F1_125",1,286065.42930805,4425413.2022963,TRUE
"711",0,"F4_710",0.253441445188172,"F1_104",1,286069.731441654,4425418.24261888,TRUE
"712",0,"F4_711",0.275015464356543,"F1_559",1,286052.937862927,4425429.07291832,TRUE
"713",0,"F4_712",0.171282341914256,"F1_68",1,286051.181026081,4425426.90333065,TRUE
"714",0,"F4_713",1.45826918601018,"F1_69",0,286048.101269922,4425426.20482926,TRUE
"715",0,"F4_714",0.212299277497241,"F1_34",1,286075.778505832,4425463.58656027,TRUE
"716",0,"F4_715",0.932076477756391,"F1_29",0,286078.143885562,4425466.34881579,TRUE
"717",0,"F4_716",0.14436182156417,"F1_30",1,286078.905887086,4425465.06293822,TRUE
"718",0,"F4_717",0.100079474790062,"F1_519",1,286079.731388737,4425463.2531846,TRUE
"719",0,"F4_718",0.246679268121179,"F1_35",1,286080.890266056,4425463.41193492,TRUE
"720",0,"F4_719",0.268176181824865,"F1_38",1,286079.429763134,4425462.18955748,TRUE
"721",0,"F4_720",0.108682922004615,"F1_39",1,286080.03301434,4425461.57043124,TRUE
"722",0,"F4_721",0.175624178188125,"F1_47",1,286081.128391531,4425460.82430474,TRUE
"723",0,"F4_722",0.111137679951941,"F1_32",1,286081.826892929,4425463.87231084,TRUE
"724",0,"F4_723",0.161567466578353,"F1_36",1,286083.668396612,4425462.72930855,TRUE
"725",0,"F4_724",0.200532874558056,"F1_523",1,286086.144901566,4425460.9036799,TRUE
"726",0,"F4_725",0.187870097250857,"F1_49",1,286080.604515484,4425457.74454858,TRUE
"727",0,"F4_726",0.088770864271392,"F1_52",1,286081.049016374,4425456.77617165,TRUE
"728",0,"F4_727",0.244699953641423,"F1_25",1,286081.019912149,4425468.36626775,TRUE
"729",0,"F4_728",0.240367504272404,"F1_18",1,286096.237717583,4425464.21455007,TRUE
"730",0,"F4_729",0.161361476532064,"F1_532",1,286101.555853218,4425464.43680051,TRUE
"731",0,"F4_730",0.147558935260247,"F1_556",1,286057.165295691,4425421.40488112,TRUE
"732",0,"F4_731",1.74765031881296,"F1_85",0,286051.661951349,4425420.36771238,TRUE
"733",0,"F4_732",0.233411099376541,"F1_141",1,286054.667624027,4425418.01820768,TRUE
"734",0,"F4_733",0.190933678563196,"F1_86",1,286057.14412898,4425420.09254516,TRUE
"735",0,"F4_734",0.0692729898806097,"F1_100",1,286029.339540037,4425419.20354338,TRUE
"736",0,"F4_735",0.144373517160025,"F1_88",1,286030.122708272,4425419.7115444,TRUE
"737",0,"F4_736",0.176834876790958,"F1_87",1,286031.117543595,4425428.28406155,TRUE
"738",0,"F4_737",0.150284281864106,"F1_549",1,286030.419042197,4425427.014059,TRUE
"739",0,"F4_738",0.143567197116909,"F1_91",1,286027.434536228,4425426.84472533,TRUE
"740",0,"F4_739",0.0268219125530428,"F1_89",1,286026.905368502,4425429.78689788,TRUE
"741",0,"F4_740",0.19167880486847,"F1_90",1,286026.693701413,4425428.00889433,TRUE
"742",0,"F4_741",0.124634096808987,"F1_93",1,286027.984870661,4425425.93455685,TRUE
"743",0,"F4_742",0.100461323350262,"F1_263",1,286070.047090204,4425392.73986546,TRUE
"744",0,"F4_743",0.197407807988052,"F1_407",1,286100.912120685,4425373.1595572,TRUE
"745",0,"F4_744",0.237031346461001,"F1_161",1,286134.510963923,4425397.17781878,TRUE
"746",0,"F4_745",0.147501434204937,"F1_342",1,286172.358583023,4425376.56739736,TRUE
"747",0,"F4_746",0.117882681774258,"F1_775",1,286097.097488401,4425395.13091539,TRUE
"748",0,"F4_747",0.159989529179635,"F1_666",1,286115.110357759,4425380.88770461,TRUE
"749",0,"F4_748",0.208552730414082,"F1_647",1,286105.89027161,4425367.11743749,TRUE
"750",0,"F4_749",0.21285499450157,"F1_648",1,286107.861421386,4425368.30806487,TRUE
"751",0,"F4_750",0.482368552595569,"F1_432",0,286109.9516339,4425362.97670004,TRUE
"752",0,"F4_751",0.313313320607159,"F1_429",1,286108.800694098,4425364.25993177,TRUE
"753",0,"F4_752",0.415092755677508,"F1_430",0,286113.325078148,4425363.84982678,TRUE
"754",0,"F4_753",0.0173626625066419,"F1_3",1,286093.41150384,4425470.43664862,TRUE
"755",0,"F4_754",0.0486686442165005,"F1_364",1,286137.518497766,4425376.4513857,TRUE
"756",0,"F4_755",0.235513252911913,"F1_384",1,286131.490358345,4425369.4882542,TRUE
"757",0,"F4_756",0.314718829858879,"F1_434",1,286098.030529977,4425376.5953214,TRUE
"758",0,"F4_757",0.0857930402133479,"F1_517",1,286076.602623179,4425461.34906113,TRUE
"759",0,"F4_758",0.15799485628681,"F1_524",1,286090.64923345,4425470.88480171,TRUE
"760",0,"F4_759",0.2929702861734,"F1_526",1,286089.9940356,4425466.38694955,TRUE
"761",0,"F4_760",0.0870123565310057,"F1_545",1,286062.827049671,4425412.6716482,TRUE
