UFID,dist,nnid2,Observed,Nesting
F4_156,0.385793648,F4_157,0,0
F4_157,0.385793648,F4_156,0,1
F4_258,0.522603926,F4_260,1,0
F4_260,0.522603926,F4_258,1,1
F4_401,0.559842712,F4_402,1,0
F4_402,0.559842712,F4_401,1,1
F4_505,0.577211646,F4_508,1,0
F4_508,0.577211646,F4_505,1,1
F4_42,0.583105553,F4_763,1,0
F4_763,0.583105553,F4_42,1,1
F4_70,0.604747666,F4_73,1,0
F4_73,0.604747666,F4_70,1,1
F4_309,0.639799518,F4_459,1,0
F4_459,0.639799518,F4_309,1,1
F4_90,0.640240303,F4_812,0,0
F4_812,0.640240303,F4_90,1,1
F4_625,0.650779497,F4_626,0,0
F4_626,0.650779497,F4_625,1,1
F4_286,0.65926922,F4_716,1,0
F4_716,0.65926922,F4_286,1,1
F4_430,0.663220216,F4_721,1,0
F4_721,0.663220216,F4_430,1,1
F4_243,0.672608082,F4_244,1,0
F4_244,0.672608082,F4_243,0,1
F4_34,0.675787239,F4_792,1,0
F4_792,0.675787239,F4_34,1,1
F4_254,0.693255045,F4_703,1,0
F4_703,0.693255045,F4_254,1,1
F4_555,0.696671763,F4_557,1,0
F4_557,0.696671763,F4_555,1,1
F4_417,0.70251785,F4_430,1,1
F4_419,0.713401227,F4_420,1,0
F4_420,0.713401227,F4_419,1,1
F4_233,0.716041111,F4_235,1,0
F4_235,0.716041111,F4_233,1,1
F4_458,0.717404077,F4_309,1,1
F4_23,0.724246534,F4_24,1,0
F4_24,0.724246534,F4_23,1,1
F4_60,0.726546701,F4_747,1,0
F4_747,0.726546701,F4_60,1,1
F4_65,0.736567169,F4_67,1,0
F4_67,0.736567169,F4_65,1,1
F4_440,0.736860752,F4_441,1,0
F4_441,0.736860752,F4_440,1,1
F4_74,0.739593044,F4_77,1,0
F4_77,0.739593044,F4_74,1,1
F4_177,0.741056334,F4_67,1,1
F4_295,0.748689245,F4_298,1,1
F4_298,0.748689245,F4_295,1,1
F4_700,0.749539424,F4_736,1,1
F4_736,0.749539424,F4_700,1,1
F4_418,0.750106856,F4_721,1,1
F4_102,0.750948334,F4_776,1,1
F4_776,0.750948334,F4_102,1,1
F4_96,0.753569436,F4_738,1,1
F4_738,0.753569436,F4_96,1,1
F4_590,0.758230141,F4_591,1,1
F4_591,0.758230141,F4_590,1,1
F4_313,0.76298775,F4_315,1,1
F4_315,0.76298775,F4_313,1,1
F4_47,0.763438003,F4_827,1,1
F4_827,0.763438003,F4_47,1,1
F4_30,0.764657396,F4_32,1,1
F4_32,0.764657396,F4_30,1,1
F4_775,0.777336588,F4_102,1,1
F4_155,0.777410611,F4_675,1,1
F4_675,0.777410611,F4_155,1,1
F4_175,0.783239671,F4_345,1,1
F4_345,0.783239671,F4_175,1,1
F4_249,0.787467961,F4_244,1,1
F4_55,0.79253504,F4_772,1,1
F4_772,0.79253504,F4_55,1,1
F4_570,0.792836969,F4_571,1,1
F4_571,0.792836969,F4_570,1,1
F4_553,0.792919801,F4_607,1,1
F4_607,0.792919801,F4_553,1,1
F4_151,0.796856296,F4_152,1,1
F4_152,0.796856296,F4_151,1,1
F4_602,0.80086349,F4_603,1,1
F4_603,0.80086349,F4_602,1,1
F4_217,0.801349576,F4_218,1,1
F4_218,0.801349576,F4_217,1,1
F4_200,0.801429266,F4_689,1,1
F4_689,0.801429266,F4_200,1,1
F4_655,0.805678498,F4_656,1,1
F4_656,0.805678498,F4_655,1,1
F4_541,0.807051032,F4_543,1,1
F4_543,0.807051032,F4_541,1,1
F4_196,0.809804468,F4_693,1,1
F4_693,0.809804468,F4_196,1,1
F4_223,0.809823226,F4_691,1,1
F4_691,0.809823226,F4_223,1,1
F4_424,0.812816207,F4_427,1,1
F4_427,0.812816207,F4_424,1,1
F4_574,0.814321046,F4_575,1,1
F4_575,0.814321046,F4_574,1,1
F4_542,0.815751845,F4_541,1,1
F4_350,0.815756152,F4_352,1,1
F4_352,0.815756152,F4_350,1,1
F4_236,0.815756837,F4_235,1,1
F4_799,0.820636611,F4_800,1,1
F4_800,0.820636611,F4_799,1,1
F4_52,0.825079911,F4_150,1,1
F4_150,0.825079911,F4_52,1,1
F4_321,0.827902924,F4_323,1,1
F4_323,0.827902924,F4_321,1,1
F4_132,0.830118513,F4_133,1,1
F4_133,0.830118513,F4_132,1,1
F4_37,0.836525363,F4_38,1,1
F4_38,0.836525363,F4_37,1,1
F4_357,0.843256675,F4_802,1,1
F4_802,0.843256675,F4_357,1,1
F4_622,0.84379615,F4_402,1,1
F4_410,0.844966194,F4_414,1,1
F4_414,0.844966194,F4_410,1,1
F4_325,0.848206485,F4_326,1,1
F4_326,0.848206485,F4_325,1,1
F4_192,0.848735449,F4_194,1,1
F4_194,0.848735449,F4_192,1,1
F4_227,0.849030605,F4_231,1,1
F4_231,0.849030605,F4_227,1,1
F4_123,0.854135761,F4_781,1,1
F4_781,0.854135761,F4_123,1,1
F4_398,0.855565095,F4_630,1,1
F4_630,0.855565095,F4_398,1,1
F4_455,0.855853819,F4_587,1,1
F4_587,0.855853819,F4_455,1,1
F4_347,0.857629874,F4_661,1,1
F4_661,0.857629874,F4_347,1,1
F4_759,0.858369752,F4_760,1,1
F4_760,0.858369752,F4_759,1,1
F4_191,0.858678627,F4_195,1,1
F4_195,0.858678627,F4_191,1,1
F4_82,0.862849652,F4_778,1,1
F4_778,0.862849652,F4_82,1,1
F4_333,0.863383964,F4_335,1,1
F4_335,0.863383964,F4_333,1,1
F4_535,0.868675802,F4_602,1,1
F4_434,0.870422948,F4_451,1,1
F4_451,0.870422948,F4_434,1,1
F4_572,0.87113352,F4_612,1,1
F4_612,0.87113352,F4_572,1,1
F4_751,0.871826913,F4_752,1,1
F4_752,0.871826913,F4_751,1,1
F4_46,0.872102888,F4_756,1,1
F4_756,0.872102888,F4_46,1,1
F4_805,0.872123958,F4_810,1,1
F4_810,0.872123958,F4_805,1,1
F4_373,0.872407518,F4_484,1,1
F4_484,0.872407518,F4_373,1,1
F4_651,0.87402827,F4_652,1,1
F4_652,0.87402827,F4_651,1,1
F4_71,0.874265365,F4_72,1,1
F4_72,0.874265365,F4_71,1,1
F4_359,0.874741671,F4_802,1,1
F4_632,0.875324836,F4_630,1,1
F4_22,0.876479766,F4_794,1,1
F4_794,0.876479766,F4_22,1,1
F4_61,0.877767464,F4_747,1,1
F4_634,0.878306845,F4_635,1,1
F4_635,0.878306845,F4_634,1,1
F4_178,0.886599459,F4_180,1,1
F4_180,0.886599459,F4_178,1,1
F4_391,0.887336788,F4_392,1,1
F4_392,0.887336788,F4_391,1,1
F4_166,0.888574994,F4_167,1,1
F4_167,0.888574994,F4_166,1,1
F4_284,0.89297778,F4_285,0,1
F4_285,0.89297778,F4_284,1,1
F4_14,0.894660971,F4_17,1,1
F4_17,0.894660971,F4_14,1,1
F4_0,0.895428913,F4_816,1,1
F4_816,0.895428913,F4_0,1,1
F4_18,0.895617759,F4_19,1,1
F4_19,0.895617759,F4_18,1,1
F4_113,0.896044778,F4_732,1,1
F4_732,0.896044778,F4_113,1,1
F4_337,0.896752061,F4_339,1,1
F4_339,0.896752061,F4_337,1,1
F4_143,0.897574398,F4_670,1,1
F4_670,0.897574398,F4_143,1,1
F4_331,0.897819643,F4_334,1,1
F4_334,0.897819643,F4_331,1,1
F4_531,0.899257351,F4_599,1,1
F4_599,0.899257351,F4_531,1,1
F4_740,0.899312961,F4_72,1,1
F4_370,0.900980018,F4_372,1,1
F4_372,0.900980018,F4_370,1,1
F4_486,0.902231655,F4_489,1,1
F4_489,0.902231655,F4_486,1,1
F4_711,0.902886372,F4_712,1,1
F4_712,0.902886372,F4_711,1,1
F4_304,0.9033318,F4_308,1,1
F4_308,0.9033318,F4_304,1,1
F4_545,0.90398328,F4_548,1,1
F4_548,0.90398328,F4_545,1,1
F4_472,0.904239435,F4_597,1,1
F4_597,0.904239435,F4_472,1,1
F4_583,0.905885844,F4_584,1,1
F4_584,0.905885844,F4_583,1,1
F4_779,0.906199728,F4_780,1,1
F4_780,0.906199728,F4_779,1,1
F4_533,0.906475582,F4_531,1,1
F4_425,0.908545292,F4_428,1,1
F4_428,0.908545292,F4_425,1,1
F4_3,0.908617957,F4_4,1,1
F4_4,0.908617957,F4_3,1,1
F4_66,0.909686582,F4_743,1,1
F4_743,0.909686582,F4_66,1,1
F4_173,0.910894285,F4_682,1,1
F4_682,0.910894285,F4_173,1,1
F4_624,0.912641754,F4_625,1,1
F4_538,0.912843128,F4_610,1,1
F4_610,0.912843128,F4_538,1,1
F4_522,0.915606597,F4_621,1,1
F4_621,0.915606597,F4_522,1,1
F4_328,0.916788856,F4_331,1,1
F4_504,0.917721622,F4_507,1,1
F4_507,0.917721622,F4_504,1,1
F4_158,0.918343284,F4_160,1,1
F4_160,0.918343284,F4_158,1,1
F4_421,0.919173144,F4_423,1,1
F4_423,0.919173144,F4_421,1,1
F4_554,0.91922957,F4_569,1,1
F4_569,0.91922957,F4_554,1,1
F4_822,0.920153394,F4_4,1,1
F4_667,0.920356401,F4_669,1,1
F4_669,0.920356401,F4_667,1,1
F4_360,0.920523655,F4_359,1,1
F4_777,0.920864482,F4_82,1,1
F4_364,0.92167141,F4_663,1,1
F4_663,0.92167141,F4_364,1,1
F4_550,0.921791629,F4_551,1,1
F4_551,0.921791629,F4_550,1,1
F4_514,0.921819845,F4_539,1,1
F4_539,0.921819845,F4_514,1,1
F4_261,0.921831962,F4_263,1,1
F4_263,0.921831962,F4_261,1,1
F4_197,0.921941722,F4_198,1,1
F4_198,0.921941722,F4_197,1,1
F4_168,0.922421093,F4_169,1,1
F4_169,0.922421093,F4_168,1,1
F4_524,0.92264259,F4_527,1,1
F4_527,0.92264259,F4_524,1,1
F4_530,0.923002517,F4_532,1,1
F4_532,0.923002517,F4_530,1,1
F4_148,0.923117309,F4_666,1,1
F4_666,0.923117309,F4_148,1,1
F4_801,0.924088608,F4_19,1,1
F4_453,0.924246966,F4_454,1,1
F4_454,0.924246966,F4_453,1,1
F4_768,0.925027148,F4_769,1,1
F4_769,0.925027148,F4_768,1,1
F4_640,0.926043518,F4_641,1,1
F4_641,0.926043518,F4_640,1,1
F4_604,0.926243825,F4_614,1,1
F4_614,0.926243825,F4_604,1,1
F4_429,0.928791272,F4_823,1,1
F4_823,0.928791272,F4_429,1,1
F4_45,0.929254685,F4_768,1,1
F4_36,0.930997902,F4_790,1,1
F4_790,0.930997902,F4_36,1,1
F4_786,0.931343653,F4_788,1,1
F4_788,0.931343653,F4_786,1,1
F4_31,0.938247822,F4_35,1,1
F4_35,0.938247822,F4_31,1,1
F4_443,0.939029871,F4_445,1,1
F4_445,0.939029871,F4_443,1,1
F4_259,0.94024917,F4_702,1,1
F4_702,0.94024917,F4_259,1,1
F4_112,0.940290157,F4_115,1,1
F4_115,0.940290157,F4_112,1,1
F4_142,0.940421183,F4_267,1,1
F4_267,0.940421183,F4_142,1,1
F4_349,0.942116837,F4_351,1,1
F4_351,0.942116837,F4_349,1,1
F4_562,0.942295753,F4_566,1,1
F4_566,0.942295753,F4_562,1,1
F4_817,0.942453514,F4_819,1,1
F4_819,0.942453514,F4_817,1,1
F4_128,0.942478274,F4_129,1,1
F4_129,0.942478274,F4_128,1,1
F4_301,0.942790482,F4_303,1,1
F4_303,0.942790482,F4_301,1,1
F4_556,0.944265593,F4_557,1,1
F4_327,0.945006235,F4_321,1,1
F4_336,0.946341363,F4_333,1,1
F4_278,0.948309559,F4_703,1,1
F4_2,0.94855112,F4_817,1,1
F4_731,0.949488414,F4_732,1,1
F4_465,0.950239388,F4_593,1,1
F4_593,0.950239388,F4_465,1,1
F4_39,0.950750467,F4_40,1,1
F4_40,0.950750467,F4_39,1,1
F4_62,0.952003522,F4_60,1,1
F4_438,0.952098601,F4_439,1,1
F4_439,0.952098601,F4_438,1,1
F4_310,0.95239604,F4_311,1,1
F4_311,0.95239604,F4_310,1,1
F4_270,0.955113793,F4_715,1,1
F4_715,0.955113793,F4_270,1,1
F4_49,0.956492833,F4_51,1,1
F4_51,0.956492833,F4_49,1,1
F4_466,0.957665872,F4_467,1,1
F4_467,0.957665872,F4_466,1,1
F4_415,0.958451331,F4_410,1,1
F4_808,0.95872867,F4_809,1,1
F4_809,0.95872867,F4_808,0,1
F4_609,0.959126358,F4_530,1,1
F4_546,0.959249022,F4_548,1,1
F4_446,0.960323049,F4_582,1,1
F4_582,0.960323049,F4_446,1,1
F4_92,0.961755416,F4_94,1,1
F4_94,0.961755416,F4_92,1,1
F4_605,0.962053743,F4_572,1,1
F4_184,0.96322076,F4_186,1,1
F4_186,0.96322076,F4_184,1,1
F4_15,0.963554607,F4_813,1,1
F4_813,0.963554607,F4_15,1,1
F4_549,0.965060942,F4_550,1,1
F4_649,0.967179785,F4_650,1,1
F4_650,0.967179785,F4_649,1,1
F4_229,0.967212492,F4_262,1,1
F4_262,0.967212492,F4_229,1,1
F4_639,0.967903317,F4_642,1,1
F4_642,0.967903317,F4_639,1,1
F4_110,0.968430633,F4_90,1,1
F4_606,0.969901285,F4_553,1,1
F4_314,0.970674438,F4_316,1,1
F4_316,0.970674438,F4_314,1,1
F4_277,0.970976575,F4_249,1,1
F4_320,0.971262376,F4_324,1,1
F4_324,0.971262376,F4_320,1,1
F4_757,0.972152647,F4_47,1,1
F4_677,0.972323196,F4_678,1,1
F4_678,0.972323196,F4_677,1,1
F4_579,0.972323196,F4_580,1,1
F4_580,0.972323196,F4_579,1,1
F4_511,0.972840846,F4_515,1,1
F4_515,0.972840846,F4_511,1,1
F4_718,0.972863025,F4_719,1,1
F4_719,0.972863025,F4_718,1,1
F4_547,0.973034576,F4_549,1,1
F4_252,0.974532434,F4_255,1,1
F4_255,0.974532434,F4_252,1,1
F4_209,0.974662382,F4_399,1,1
F4_399,0.974662382,F4_209,1,1
F4_803,0.974750075,F4_804,1,1
F4_804,0.974750075,F4_803,1,1
F4_99,0.97503575,F4_776,1,1
F4_376,0.977844174,F4_486,1,1
F4_694,0.978126561,F4_399,1,1
F4_107,0.978306039,F4_109,1,1
F4_109,0.978306039,F4_107,1,1
F4_444,0.978400456,F4_445,1,1
F4_767,0.979976583,F4_45,1,1
F4_576,0.980210903,F4_575,1,1
F4_450,0.980305002,F4_584,1,1
F4_754,0.982262022,F4_755,1,1
F4_755,0.982262022,F4_754,1,1
F4_770,0.982395641,F4_769,1,1
F4_159,0.986401259,F4_680,1,1
F4_680,0.986401259,F4_159,1,1
F4_103,0.986900822,F4_729,1,1
F4_729,0.986900822,F4_103,1,1
F4_613,0.988085238,F4_614,1,1
F4_172,0.989758425,F4_674,1,1
F4_674,0.989758425,F4_172,1,1
F4_181,0.991664265,F4_183,1,1
F4_183,0.991664265,F4_181,1,1
F4_68,0.992350032,F4_70,1,1
F4_312,0.993590834,F4_310,1,1
F4_21,0.994118018,F4_796,1,1
F4_796,0.994118018,F4_21,1,1
F4_206,0.994513895,F4_209,1,1
F4_433,0.994892712,F4_579,1,1
F4_43,0.995440608,F4_761,1,1
F4_761,0.995440608,F4_43,1,1
F4_463,0.995981804,F4_464,0,1
F4_464,0.995981804,F4_463,1,1
F4_366,0.99656283,F4_369,1,1
F4_369,0.99656283,F4_366,1,1
F4_224,0.998195501,F4_226,1,1
F4_226,0.998195501,F4_224,1,1
F4_552,0.999096202,F4_551,1,1
F4_187,0.999198614,F4_685,1,1
F4_685,0.999198614,F4_187,1,1
F4_241,0.999487402,F4_705,1,1
F4_705,0.999487402,F4_241,1,1
F4_807,0.999920492,F4_808,1,1
F4_283,1.001067455,F4_285,1,1
F4_50,1.001860531,F4_751,1,1
F4_106,1.003114421,F4_108,1,1
F4_108,1.003114421,F4_106,1,1
F4_207,1.003468897,F4_404,1,1
F4_404,1.003468897,F4_207,1,1
F4_499,1.004931118,F4_502,1,1
F4_502,1.004931118,F4_499,1,1
F4_363,1.005645331,F4_365,1,1
F4_365,1.005645331,F4_363,1,1
F4_281,1.005658702,F4_284,1,1
F4_733,1.007272,F4_113,1,1
F4_534,1.007701066,F4_609,1,1
F4_20,1.008126266,F4_795,1,1
F4_795,1.008126266,F4_20,1,1
F4_474,1.00844521,F4_478,1,1
F4_478,1.00844521,F4_474,1,1
F4_116,1.009932184,F4_122,1,1
F4_122,1.009932184,F4_116,1,1
F4_114,1.010106004,F4_118,1,1
F4_118,1.010106004,F4_114,1,1
F4_753,1.010173343,F4_52,0,1
F4_742,1.010290202,F4_65,1,1
F4_279,1.011078137,F4_711,1,1
F4_125,1.011543333,F4_781,1,1
F4_586,1.012703157,F4_587,1,1
F4_818,1.012974199,F4_2,1,1
F4_121,1.016081666,F4_122,1,1
F4_76,1.018426823,F4_738,1,1
F4_568,1.018762535,F4_570,1,1
F4_734,1.018885275,F4_812,1,1
F4_83,1.019993012,F4_84,1,1
F4_84,1.019993012,F4_83,1,1
F4_611,1.020785287,F4_505,1,1
F4_643,1.021307417,F4_641,1,1
F4_762,1.021366535,F4_760,1,1
F4_633,1.022954576,F4_634,1,1
F4_676,1.023105119,F4_677,1,1
F4_387,1.024182625,F4_391,1,1
F4_774,1.024907596,F4_83,1,1
F4_59,1.025154613,F4_773,1,1
F4_773,1.025154613,F4_59,1,1
F4_436,1.025287668,F4_434,1,1
F4_100,1.026038952,F4_776,1,1
F4_145,1.027653156,F4_147,1,1
F4_147,1.027653156,F4_145,1,1
F4_26,1.027677681,F4_784,1,1
F4_784,1.027677681,F4_26,1,1
F4_319,1.028021046,F4_320,1,1
F4_57,1.028210796,F4_744,1,1
F4_744,1.028210796,F4_57,1,1
F4_294,1.02969782,F4_297,1,1
F4_297,1.02969782,F4_294,1,1
F4_230,1.031560539,F4_232,1,1
F4_232,1.031560539,F4_230,1,1
F4_482,1.031920576,F4_483,1,1
F4_483,1.031920576,F4_482,1,1
F4_248,1.032084094,F4_251,1,1
F4_251,1.032084094,F4_248,1,1
F4_292,1.032803254,F4_596,1,1
F4_596,1.032803254,F4_292,1,1
F4_495,1.03314064,F4_500,1,1
F4_500,1.03314064,F4_495,1,1
F4_302,1.034857889,F4_301,1,1
F4_623,1.036902097,F4_624,1,1
F4_105,1.037049391,F4_107,1,1
F4_368,1.037488757,F4_365,1,1
F4_787,1.037969257,F4_35,1,1
F4_460,1.038248083,F4_470,1,1
F4_470,1.038248083,F4_460,1,1
F4_397,1.038564676,F4_635,1,1
F4_272,1.038672552,F4_709,1,1
F4_709,1.038672552,F4_272,1,1
F4_498,1.04159231,F4_501,1,1
F4_501,1.04159231,F4_498,1,1
F4_766,1.042108643,F4_767,1,1
F4_503,1.042445001,F4_598,1,1
F4_598,1.042445001,F4_503,1,1
F4_265,1.043038556,F4_730,1,1
F4_730,1.043038556,F4_265,1,1
F4_616,1.044499883,F4_614,1,1
F4_509,1.044908306,F4_598,1,1
F4_537,1.045482511,F4_539,1,1
F4_338,1.047603797,F4_664,1,1
F4_664,1.047603797,F4_338,1,1
F4_250,1.04791639,F4_691,1,1
F4_411,1.048230347,F4_808,1,1
F4_367,1.048378595,F4_662,1,1
F4_662,1.048378595,F4_367,1,1
F4_615,1.048833926,F4_617,1,1
F4_617,1.048833926,F4_615,1,1
F4_671,1.049650184,F4_166,1,1
F4_588,1.05045125,F4_589,1,1
F4_589,1.05045125,F4_588,1,1
F4_672,1.051849417,F4_168,1,1
F4_377,1.053071656,F4_381,1,1
F4_381,1.053071656,F4_377,1,1
F4_130,1.053438544,F4_134,1,1
F4_134,1.053438544,F4_130,1,1
F4_268,1.055143537,F4_265,1,1
F4_713,1.056402647,F4_267,1,1
F4_379,1.0564309,F4_381,1,1
F4_149,1.057047145,F4_178,1,1
F4_698,1.057049771,F4_233,1,1
F4_174,1.058073792,F4_169,1,1
F4_638,1.05841813,F4_639,1,1
F4_296,1.058674204,F4_594,1,1
F4_594,1.058674204,F4_296,1,1
F4_660,1.059192364,F4_357,1,1
F4_426,1.060612362,F4_427,1,1
F4_758,1.061246005,F4_759,1,1
F4_479,1.064106411,F4_474,1,1
F4_469,1.06618599,F4_470,1,1
F4_374,1.066557243,F4_484,1,1
F4_97,1.067128937,F4_699,1,1
F4_699,1.067128937,F4_97,1,1
F4_658,1.067697287,F4_381,1,1
F4_725,1.068579835,F4_726,1,1
F4_726,1.068579835,F4_725,1,1
F4_746,1.068967558,F4_60,1,1
F4_745,1.06921229,F4_61,1,1
F4_620,1.069217767,F4_495,1,1
F4_193,1.073808136,F4_741,1,1
F4_741,1.073808136,F4_193,1,1
F4_69,1.074018669,F4_72,1,1
F4_518,1.074087628,F4_519,1,1
F4_519,1.074087628,F4_518,1,1
F4_104,1.074189464,F4_106,1,1
F4_25,1.075666348,F4_27,1,1
F4_27,1.075666348,F4_25,1,1
F4_447,1.075707026,F4_449,1,1
F4_449,1.075707026,F4_447,1,1
F4_488,1.076098541,F4_824,1,1
F4_824,1.076098541,F4_488,1,1
F4_431,1.07619981,F4_430,1,1
F4_221,1.076691015,F4_825,1,1
F4_825,1.076691015,F4_221,1,1
F4_601,1.077287241,F4_535,1,1
F4_648,1.077753061,F4_653,1,1
F4_653,1.077753061,F4_648,1,1
F4_127,1.078973538,F4_131,1,1
F4_131,1.078973538,F4_127,1,1
F4_282,1.079572489,F4_712,1,1
F4_299,1.079755399,F4_443,1,1
F4_797,1.080451055,F4_22,1,1
F4_512,1.080955749,F4_507,1,1
F4_386,1.08097346,F4_641,1,1
F4_798,1.082148806,F4_797,1,1
F4_13,1.082636646,F4_815,1,1
F4_815,1.082636646,F4_13,1,1
F4_765,1.083361072,F4_766,1,1
F4_619,1.083390507,F4_495,1,1
F4_748,1.083788117,F4_180,1,1
F4_12,1.08394778,F4_17,1,1
F4_506,1.084472519,F4_513,0,1
F4_513,1.084472519,F4_506,1,1
F4_722,1.084874499,F4_723,1,1
F4_723,1.084874499,F4_722,1,1
F4_683,1.086567036,F4_684,1,1
F4_684,1.086567036,F4_683,1,1
F4_520,1.087429661,F4_518,1,1
F4_645,1.08745255,F4_641,1,1
F4_48,1.087554181,F4_749,1,1
F4_749,1.087554181,F4_48,1,1
F4_814,1.088297235,F4_14,1,1
F4_138,1.08879884,F4_727,1,1
F4_727,1.08879884,F4_138,1,1
F4_395,1.090108944,F4_634,1,1
F4_735,1.090285379,F4_736,1,1
F4_11,1.090531581,F4_13,1,1
F4_473,1.093868402,F4_476,1,1
F4_476,1.093868402,F4_473,1,1
F4_346,1.09410162,F4_349,1,1
F4_163,1.094257585,F4_681,1,1
F4_681,1.094257585,F4_163,1,1
F4_202,1.094464386,F4_205,1,1
F4_205,1.094464386,F4_202,1,1
F4_785,1.094744159,F4_27,1,1
F4_7,1.098197331,F4_8,1,1
F4_8,1.098197331,F4_7,1,1
F4_269,1.100713855,F4_272,1,1
F4_389,1.100988558,F4_636,1,1
F4_636,1.100988558,F4_389,1,1
F4_821,1.102410975,F4_822,1,1
F4_585,1.102794298,F4_584,1,1
F4_85,1.102982537,F4_83,1,1
F4_216,1.103368548,F4_825,1,1
F4_380,1.104038511,F4_383,1,1
F4_383,1.104038511,F4_380,1,1
F4_305,1.107273345,F4_307,1,1
F4_307,1.107273345,F4_305,1,1
F4_561,1.107553854,F4_564,1,1
F4_564,1.107553854,F4_561,1,1
F4_461,1.107960435,F4_460,1,1
F4_559,1.108467284,F4_605,1,1
F4_141,1.109807963,F4_266,1,1
F4_266,1.109807963,F4_141,1,1
F4_707,1.110385689,F4_708,1,1
F4_708,1.110385689,F4_707,1,1
F4_137,1.110704187,F4_134,1,1
F4_126,1.1107815,F4_131,1,1
F4_33,1.111424353,F4_790,1,1
F4_665,1.111802415,F4_145,1,1
F4_171,1.112070455,F4_175,1,1
F4_54,1.112584509,F4_773,1,1
F4_199,1.113391515,F4_200,1,1
F4_256,1.113519541,F4_251,1,1
F4_275,1.115035226,F4_720,1,1
F4_720,1.115035226,F4_275,1,1
F4_581,1.116280538,F4_579,1,1
F4_437,1.117692992,F4_577,1,1
F4_577,1.117692992,F4_437,1,1
F4_654,1.118316835,F4_655,1,1
F4_517,1.120206023,F4_398,1,1
F4_291,1.121400801,F4_292,1,1
F4_355,1.122019334,F4_358,1,1
F4_358,1.122019334,F4_355,1,1
F4_408,1.123002314,F4_411,1,1
F4_56,1.123317211,F4_773,1,1
F4_264,1.123554098,F4_260,1,1
F4_627,1.123992607,F4_626,0,1
F4_560,1.124761278,F4_603,1,1
F4_384,1.12495275,F4_657,1,1
F4_657,1.12495275,F4_384,1,1
F4_523,1.125572477,F4_525,1,1
F4_525,1.125572477,F4_523,1,1
F4_647,1.126580564,F4_648,1,1
F4_388,1.126695386,F4_642,1,1
F4_826,1.126731639,F4_256,1,1
F4_9,1.127487504,F4_12,1,1
F4_416,1.127723362,F4_419,1,1
F4_526,1.129141679,F4_524,1,1
F4_124,1.1303184,F4_103,1,1
F4_80,1.131357266,F4_740,1,1
F4_201,1.131891625,F4_204,1,1
F4_204,1.131891625,F4_201,1,1
F4_789,1.133877685,F4_790,1,1
F4_540,1.134395147,F4_544,1,1
F4_544,1.134395147,F4_540,1,1
F4_63,1.135179857,F4_73,1,1
F4_393,1.135901948,F4_636,1,1
F4_214,1.136416895,F4_216,1,1
F4_442,1.138081705,F4_441,1,1
F4_644,1.141856406,F4_646,1,1
F4_646,1.141856406,F4_644,1,1
F4_81,1.142602462,F4_96,1,1
F4_516,1.142997732,F4_538,1,1
F4_288,1.143840199,F4_720,1,1
F4_728,1.144975631,F4_129,1,1
F4_354,1.146262871,F4_355,1,1
F4_5,1.147817183,F4_821,1,1
F4_119,1.148188678,F4_114,1,1
F4_161,1.149773348,F4_671,1,1
F4_407,1.150205622,F4_697,1,1
F4_697,1.150205622,F4_407,1,1
F4_16,1.150470019,F4_11,1,1
F4_300,1.150543766,F4_301,1,1
F4_245,1.151173386,F4_250,1,1
F4_628,1.151186113,F4_629,1,1
F4_629,1.151186113,F4_628,1,1
F4_10,1.151882934,F4_12,1,1
F4_144,1.152085078,F4_146,1,1
F4_146,1.152085078,F4_144,1,1
F4_215,1.15273029,F4_692,1,1
F4_692,1.15273029,F4_215,1,1
F4_153,1.153014951,F4_154,1,1
F4_154,1.153014951,F4_153,1,1
F4_190,1.153124894,F4_379,1,1
F4_64,1.154610282,F4_66,1,1
F4_578,1.154829432,F4_433,1,1
F4_704,1.15493891,F4_241,1,1
F4_710,1.15579547,F4_711,1,1
F4_330,1.157004889,F4_333,1,1
F4_491,1.158182546,F4_493,1,1
F4_493,1.158182546,F4_491,1,1
F4_492,1.159192642,F4_494,1,1
F4_494,1.159192642,F4_492,1,1
F4_332,1.16074837,F4_335,1,1
F4_432,1.160998607,F4_433,1,1
F4_378,1.161696698,F4_380,1,1
F4_271,1.164706793,F4_276,1,1
F4_276,1.164706793,F4_271,1,1
F4_659,1.164802286,F4_349,1,1
F4_274,1.165409554,F4_277,1,1
F4_717,1.165746409,F4_719,1,1
F4_329,1.166218315,F4_664,1,1
F4_529,1.167590512,F4_527,1,1
F4_496,1.168658873,F4_492,1,1
F4_480,1.171567897,F4_499,1,1
F4_536,1.17324201,F4_612,0,1
F4_111,1.176466346,F4_116,1,1
F4_567,1.177628892,F4_566,1,1
F4_162,1.179312486,F4_164,1,1
F4_164,1.179312486,F4_162,1,1
F4_87,1.180103346,F4_92,1,1
F4_93,1.181814406,F4_97,1,1
F4_793,1.182326687,F4_33,1,1
F4_485,1.182805957,F4_520,1,1
F4_91,1.186618933,F4_734,1,1
F4_170,1.188068277,F4_176,1,1
F4_176,1.188068277,F4_170,1,1
F4_280,1.18847071,F4_278,1,1
F4_385,1.189683487,F4_389,1,1
F4_203,1.190334336,F4_688,1,1
F4_688,1.190334336,F4_203,1,1
F4_353,1.191626536,F4_660,1,1
F4_396,1.19259502,F4_637,1,1
F4_637,1.19259502,F4_396,1,1
F4_234,1.194169374,F4_403,1,1
F4_403,1.194169374,F4_234,1,1
F4_306,1.194341702,F4_304,1,1
F4_88,1.195394593,F4_93,1,1
F4_806,1.195614631,F4_807,1,1
F4_1,1.196523472,F4_816,1,1
F4_406,1.197828064,F4_408,1,1
F4_239,1.198907754,F4_240,1,1
F4_240,1.198907754,F4_239,0,1
F4_764,1.199159042,F4_765,1,1
F4_89,1.20034087,F4_92,1,1
F4_724,1.201328015,F4_723,1,1
F4_481,1.205096781,F4_480,1,1
F4_565,1.205483106,F4_566,1,1
F4_706,1.209729964,F4_707,1,1
F4_456,1.210741138,F4_591,1,1
F4_136,1.211431694,F4_727,1,1
F4_618,1.217427914,F4_527,1,1
F4_356,1.217860804,F4_349,1,1
F4_253,1.218025977,F4_258,1,1
F4_409,1.219155549,F4_806,1,1
F4_257,1.219609481,F4_229,1,1
F4_714,1.223396413,F4_715,1,1
F4_98,1.223413177,F4_99,1,1
F4_273,1.223672736,F4_706,1,1
F4_487,1.224231426,F4_486,1,1
F4_390,1.225967585,F4_636,1,1
F4_101,1.227004817,F4_104,1,1
F4_701,1.227086488,F4_253,1,1
F4_497,1.227569225,F4_493,1,1
F4_362,1.232087169,F4_360,1,1
F4_79,1.233671072,F4_80,1,1
F4_573,1.238020781,F4_442,1,1
F4_448,1.238847917,F4_462,1,1
F4_462,1.238847917,F4_448,1,1
F4_287,1.24048619,F4_288,1,1
F4_6,1.241332637,F4_5,1,1
F4_687,1.241713236,F4_688,1,1
F4_340,1.242371613,F4_336,1,1
F4_791,1.24512686,F4_34,1,1
F4_78,1.24645389,F4_76,1,1
F4_600,1.247604797,F4_615,1,1
F4_179,1.248033535,F4_182,1,1
F4_182,1.248033535,F4_179,1,1
F4_558,1.254667475,F4_608,1,1
F4_608,1.254667475,F4_558,1,1
F4_477,1.25647765,F4_480,1,1
F4_140,1.259732448,F4_727,1,1
F4_41,1.262725735,F4_42,1,1
F4_695,1.262885689,F4_696,1,1
F4_696,1.262885689,F4_695,1,1
F4_412,1.263144203,F4_410,1,1
F4_228,1.263980568,F4_230,1,1
F4_222,1.268386784,F4_690,1,1
F4_690,1.268386784,F4_222,1,1
F4_348,1.269382504,F4_176,1,1
F4_452,1.269393236,F4_588,1,1
F4_342,1.270982614,F4_340,1,1
F4_739,1.274981859,F4_76,1,1
F4_405,1.278069104,F4_236,1,1
F4_189,1.28115018,F4_173,1,1
F4_293,1.282075005,F4_295,1,1
F4_237,1.282685057,F4_405,1,1
F4_371,1.284118574,F4_368,1,1
F4_86,1.284239904,F4_87,1,1
F4_673,1.287588606,F4_672,1,1
F4_58,1.290794499,F4_61,1,1
F4_668,1.292407593,F4_148,1,1
F4_361,1.294876991,F4_364,1,1
F4_165,1.294895657,F4_670,1,1
F4_468,1.295503634,F4_454,1,1
F4_95,1.297797724,F4_92,1,1
F4_185,1.299018168,F4_679,1,1
F4_679,1.299018168,F4_185,1,1
F4_28,1.303442213,F4_783,1,1
F4_783,1.303442213,F4_28,1,1
F4_210,1.307938204,F4_399,1,1
F4_317,1.311369905,F4_315,1,1
F4_211,1.313505522,F4_212,1,1
F4_212,1.313505522,F4_211,1,1
F4_686,1.319172244,F4_181,1,1
F4_490,1.320755736,F4_489,1,1
F4_457,1.321565616,F4_592,1,1
F4_592,1.321565616,F4_457,1,1
F4_528,1.326823179,F4_617,1,1
F4_400,1.330078312,F4_694,1,1
F4_343,1.332961046,F4_340,1,1
F4_135,1.333298025,F4_729,1,1
F4_318,1.334092895,F4_325,1,1
F4_394,1.341713932,F4_390,1,1
F4_750,1.342909723,F4_749,1,1
F4_595,1.347882751,F4_594,1,1
F4_341,1.352883867,F4_343,1,1
F4_238,1.358303896,F4_121,1,1
F4_213,1.359497864,F4_211,1,1
F4_737,1.364649288,F4_692,1,1
F4_631,1.36797137,F4_526,1,1
F4_422,1.368963983,F4_424,1,1
F4_139,1.371446036,F4_142,1,1
F4_117,1.373482989,F4_730,1,1
F4_510,1.375069912,F4_516,1,1
F4_289,1.380617621,F4_279,1,1
F4_219,1.394147838,F4_218,1,1
F4_220,1.401169,F4_223,1,1
F4_563,1.410092094,F4_564,1,1
F4_208,1.410466426,F4_210,0,1
F4_322,1.417405665,F4_324,0,1
F4_75,1.423228781,F4_78,1,1
F4_225,1.426625012,F4_221,1,1
F4_247,1.42748439,F4_250,1,1
F4_375,1.429813299,F4_376,0,1
F4_246,1.430687182,F4_701,1,1
F4_435,1.484806439,F4_437,1,1
F4_521,1.507211287,F4_517,1,1
F4_782,1.510847901,F4_99,1,1
F4_771,1.520508578,F4_772,1,1
F4_820,1.528992575,F4_817,1,1
F4_290,1.531528796,F4_718,1,1
F4_471,1.570740751,F4_477,1,1
F4_120,1.575436617,F4_115,1,1
F4_53,1.593604496,F4_56,1,1
F4_242,1.601609469,F4_246,1,1
F4_344,1.605344027,F4_471,1,1
F4_382,1.612664645,F4_383,1,1
F4_475,1.619409724,F4_597,1,1
F4_413,1.686764372,F4_263,1,1
F4_811,1.845318331,F4_804,1,1
F4_44,1.901041045,F4_769,1,0
F4_188,2.029001166,F4_685,1,0
F4_29,2.148267886,F4_28,1,0
