"","CLASS_ID","UFID","Flight","dist","nnid","Nesting","coords.x1","coords.x2","optional"
"1",0,"F4_0","F4_",0.0383881872965929,"F3_17",1,285322.574759625,4425948.82325078,TRUE
"2",0,"F4_1","F4_",0.0729398276363201,"F3_8",1,285316.438569338,4425950.41927209,TRUE
"3",0,"F4_2","F4_",0.385805436389553,"F3_65",1,285312.30606669,4425949.95613596,TRUE
"4",0,"F4_3","F4_",0.0459531520273099,"F3_11",1,285313.970340668,4425949.97098055,TRUE
"5",0,"F4_4","F4_",0.323636242295817,"F3_16",1,285316.415116609,4425949.27885313,TRUE
"6",0,"F4_5","F4_",0.064623397020236,"F3_14",1,285318.049267829,4425949.14522098,TRUE
"7",0,"F4_6","F4_",0.158652570286136,"F3_18",1,285319.698252046,4425948.84252009,TRUE
"8",0,"F4_7","F4_",0.241432275803967,"F3_62",1,285310.905616753,4425950.79320011,TRUE
"9",0,"F4_8","F4_",0.0417634482954905,"F3_19",1,285323.426809133,4425948.40554634,TRUE
"10",0,"F4_9","F4_",0.160071870504435,"F3_22",1,285324.575798686,4425948.11863522,TRUE
"11",0,"F4_10","F4_",0.0721621178555429,"F3_1",1,285325.391231243,4425947.44947061,TRUE
"12",0,"F4_11","F4_",0.276351266584895,"F3_33",1,285324.364486275,4425946.7058762,TRUE
"13",0,"F4_12","F4_",0.188565928520055,"F3_35",1,285321.199381888,4425946.3002131,TRUE
"14",0,"F4_13","F4_",0.198923686287919,"F3_37",1,285323.413211199,4425945.87376563,TRUE
"15",0,"F4_14","F4_",0.157660272732702,"F3_40",1,285322.650801869,4425945.22501337,TRUE
"16",0,"F4_15","F4_",0.213419508054666,"F3_41",1,285321.30273593,4425945.14593314,TRUE
"17",0,"F4_16","F4_",0.154772301859268,"F3_47",1,285321.222024406,4425944.15577128,TRUE
"18",0,"F4_17","F4_",0.191088219897417,"F3_51",1,285322.945691636,4425943.76516083,TRUE
"19",0,"F4_18","F4_",0.24675835654395,"F3_54",1,285321.661140581,4425942.95452549,TRUE
"20",0,"F4_19","F4_",0.211914506958684,"F3_2",1,285324.990877328,4425942.73959501,TRUE
"21",0,"F4_20","F4_",0.189658129460021,"F3_56",1,285323.696672189,4425942.52326861,TRUE
"22",0,"F4_21","F4_",0.163356150512241,"F3_107",1,285325.629301832,4425941.93591306,TRUE
"23",0,"F4_22","F4_",0.148750449074059,"F3_108",1,285325.081097811,4425941.25056913,TRUE
"24",0,"F4_23","F4_",0.201132428310445,"F3_128",1,285324.388570681,4425940.45641254,TRUE
"25",0,"F4_24","F4_",0.324078014270215,"F3_130",1,285322.525709685,4425939.99428389,TRUE
"26",0,"F4_25","F4_",0.169417333749743,"F3_109",1,285326.481489825,4425939.81740437,TRUE
"27",0,"F4_26","F4_",0.207147875425737,"F3_20",1,285318.639107792,4425948.3986616,TRUE
"28",0,"F4_27","F4_",0.103742768235958,"F3_25",1,285319.412608641,4425947.76269449,TRUE
"29",0,"F4_28","F4_",0.275875126289391,"F3_30",1,285320.092060456,4425946.88242736,TRUE
"30",0,"F4_29","F4_",0.199136019543038,"F3_330",1,285315.67116374,4425946.87322241,TRUE
"31",0,"F4_30","F4_",0.0789587107849961,"F3_32",1,285317.611787401,4425946.74259371,TRUE
"32",0,"F4_31","F4_",0.186599360822398,"F3_36",1,285313.488038271,4425946.09491782,TRUE
"33",0,"F4_32","F4_",0.0741794121952436,"F3_38",1,285316.647343705,4425945.86492815,TRUE
"34",0,"F4_33","F4_",0.186849982392287,"F3_39",1,285319.163256292,4425945.77904322,TRUE
"35",0,"F4_34","F4_",0.094568540310733,"F3_42",1,285317.937716164,4425945.18773813,TRUE
"36",0,"F4_35","F4_",0.243626460237857,"F3_44",1,285313.690193984,4425944.67131381,TRUE
"37",0,"F4_36","F4_",0.202709908262501,"F3_43",1,285316.733561197,4425944.65503593,TRUE
"38",0,"F4_37","F4_",0.182810908550733,"F3_46",1,285319.273466962,4425944.27739958,TRUE
"39",0,"F4_38","F4_",0.12517988902433,"F3_50",1,285317.743707396,4425943.71433097,TRUE
"40",0,"F4_39","F4_",0.137536199610949,"F3_49",1,285315.731610533,4425943.62103082,TRUE
"41",0,"F4_40","F4_",0.19795656339794,"F3_52",1,285316.784199458,4425943.01832297,TRUE
"42",0,"F4_41","F4_",0.00946432443281257,"F3_53",1,285319.093966231,4425942.83293272,TRUE
"43",0,"F4_42","F4_",0.200764663757156,"F3_59",1,285313.572526907,4425942.23975816,TRUE
"44",0,"F4_43","F4_",0.241174399007368,"F3_58",1,285314.511949198,4425942.28127648,TRUE
"45",0,"F4_44","F4_",0.253825299556542,"F3_122",1,285317.15696547,4425941.70555949,TRUE
"46",0,"F4_45","F4_",0.361799185019925,"F3_124",1,285315.143283058,4425941.33020395,TRUE
"47",0,"F4_46","F4_",0.320341700152362,"F3_125",1,285313.915871273,4425941.28810983,TRUE
"48",0,"F4_47","F4_",0.278985863089605,"F3_70",1,285311.637412756,4425948.46123306,TRUE
"49",0,"F4_48","F4_",0.279181783278624,"F3_71",1,285309.790390971,4425948.00727766,TRUE
"50",0,"F4_49","F4_",0.225749372946975,"F3_79",1,285311.757467161,4425945.22871279,TRUE
"51",0,"F4_50","F4_",0.261165395107647,"F3_82",1,285303.757045169,4425944.89528017,TRUE
"52",0,"F4_51","F4_",0.331728876584178,"F3_89",1,285304.530369542,4425944.20345431,TRUE
"53",0,"F4_52","F4_",0.0939012759092815,"F3_92",1,285303.824856842,4425943.68593315,TRUE
"54",0,"F4_53","F4_",0.161576156393929,"F3_93",1,285304.973873401,4425943.29158621,TRUE
"55",0,"F4_54","F4_",0.149288680202728,"F3_96",1,285310.616273646,4425943.05723117,TRUE
"56",0,"F4_55","F4_",0.147472892209178,"F3_100",1,285306.719070853,4425942.10672828,TRUE
"57",0,"F4_56","F4_",0.257307638862729,"F3_102",1,285308.083315082,4425942.08879701,TRUE
"58",0,"F4_57","F4_",0.14383923052944,"F3_101",1,285312.168299773,4425941.91953949,TRUE
"59",0,"F4_58","F4_",0.396810624394302,"F3_187",1,285307.415825335,4425941.24889512,TRUE
"60",0,"F4_59","F4_",0.174860323239165,"F3_189",1,285311.358077729,4425940.47997244,TRUE
"61",0,"F4_60","F4_",0.297198944898917,"F3_190",1,285306.482113778,4425940.2959935,TRUE
"62",0,"F4_61","F4_",0.296954225811107,"F3_193",1,285304.122411624,4425939.76466863,TRUE
"63",0,"F4_62","F4_",0.140096904000265,"F3_86",1,285302.914007851,4425944.29351327,TRUE
"64",0,"F4_63","F4_",0.177722141876606,"F3_105",1,285300.802363848,4425942.75364718,TRUE
"65",0,"F4_64","F4_",0.356322334308915,"F3_239",1,285300.743518253,4425940.46898549,TRUE
"66",0,"F4_65","F4_",0.081846194469501,"F3_110",1,285325.215440059,4425939.26615765,TRUE
"67",0,"F4_66","F4_",0.224005573593166,"F3_135",1,285322.431927132,4425938.96325874,TRUE
"68",0,"F4_67","F4_",0.370790213835064,"F3_111",1,285327.509050407,4425939.10720559,TRUE
"69",0,"F4_68","F4_",0.127247478655723,"F3_113",1,285326.89914238,4425938.11657871,TRUE
"70",0,"F4_69","F4_",0.128606600388884,"F3_112",1,285325.015775259,4425938.11830943,TRUE
"71",0,"F4_70","F4_",0.110301375353852,"F3_142",1,285324.369839625,4425937.47955735,TRUE
"72",0,"F4_71","F4_",0.238187944066887,"F3_147",1,285322.4499366,4425936.52294743,TRUE
"73",0,"F4_72","F4_",0.190606667295891,"F3_153",1,285321.651044052,4425935.77430966,TRUE
"74",0,"F4_73","F4_",0.180322256285466,"F3_152",1,285322.99975454,4425935.79636704,TRUE
"75",0,"F4_74","F4_",0.196168974086905,"F3_116",1,285326.13100397,4425935.25494277,TRUE
"76",0,"F4_75","F4_",0.347245741151721,"F3_158",1,285323.51129621,4425934.89930727,TRUE
"77",0,"F4_76","F4_",0.153154629398448,"F3_159",1,285321.757799884,4425934.58391261,TRUE
"78",0,"F4_77","F4_",0.235610725268745,"F3_118",1,285325.633252758,4425934.08528447,TRUE
"79",0,"F4_78","F4_",0.209314242447116,"F3_162",1,285323.062970354,4425933.96480892,TRUE
"80",0,"F4_79","F4_",0.113342062685085,"F3_164",1,285324.358937072,4425934.00906026,TRUE
"81",0,"F4_80","F4_",0.266171293920031,"F3_170",1,285322.149482646,4425933.16153141,TRUE
"82",0,"F4_81","F4_",0.268052855574661,"F3_119",1,285325.432715888,4425932.64961603,TRUE
"83",0,"F4_82","F4_",0.165838859039622,"F3_175",1,285322.075080914,4425932.25320403,TRUE
"84",0,"F4_83","F4_",0.421797885023589,"F3_177",1,285324.233022761,4425932.15253893,TRUE
"85",0,"F4_84","F4_",0.429994056374334,"F3_178",1,285323.146599281,4425931.97600529,TRUE
"86",0,"F4_85","F4_",0.314487282090059,"F3_120",1,285325.897761099,4425931.73705132,TRUE
"87",0,"F4_86","F4_",0.185730402567211,"F3_132",1,285314.520213803,4425939.73908261,TRUE
"88",0,"F4_87","F4_",0.165304016188934,"F3_133",1,285319.345431643,4425939.57653896,TRUE
"89",0,"F4_88","F4_",1.14108036620304,"F3_132",0,285313.397165523,4425939.56395988,TRUE
"90",0,"F4_89","F4_",0.278103534047114,"F3_134",1,285316.574581866,4425939.31679753,TRUE
"91",0,"F4_90","F4_",0.241598717543589,"F3_136",1,285317.301090472,4425938.86101564,TRUE
"92",0,"F4_91","F4_",0.187926887963523,"F3_137",1,285315.486559237,4425938.86276578,TRUE
"93",0,"F4_92","F4_",0.209270923516149,"F3_139",1,285316.128919952,4425937.86112458,TRUE
"94",0,"F4_93","F4_",0.255180082940515,"F3_140",1,285319.095321558,4425937.6094769,TRUE
"95",0,"F4_94","F4_",0.114042151796984,"F3_143",1,285317.303947832,4425937.42118362,TRUE
"96",0,"F4_95","F4_",0.132361237440583,"F3_144",1,285320.346001856,4425937.13334152,TRUE
"97",0,"F4_96","F4_",0.325097121192474,"F3_145",1,285316.500699076,4425936.88636506,TRUE
"98",0,"F4_97","F4_",0.128457114526467,"F3_146",1,285315.66068202,4425936.89582445,TRUE
"99",0,"F4_98","F4_",0.211204031278071,"F3_148",1,285318.162013269,4425936.62546055,TRUE
"100",0,"F4_99","F4_",0.186281076438996,"F3_208",1,285312.812438639,4425936.59195372,TRUE
"101",0,"F4_100","F4_",0.292245573876734,"F3_149",1,285314.202440122,4425936.44159385,TRUE
"102",0,"F4_101","F4_",0.241886260470591,"F3_151",1,285319.082498101,4425936.36960614,TRUE
"103",0,"F4_102","F4_",0.161000835076436,"F3_155",1,285320.309445852,4425935.30149688,TRUE
"104",0,"F4_103","F4_",0.209917662905924,"F3_154",1,285315.593817416,4425935.35120253,TRUE
"105",0,"F4_104","F4_",0.230501597219883,"F3_217",1,285313.219964509,4425934.37754873,TRUE
"106",0,"F4_105","F4_",0.217844845344172,"F3_163",1,285317.196247312,4425934.2622034,TRUE
"107",0,"F4_106","F4_",0.0766806933765165,"F3_165",1,285315.879031475,4425934.01338634,TRUE
"108",0,"F4_107","F4_",0.173439642695276,"F3_166",1,285319.202210243,4425933.54278654,TRUE
"109",0,"F4_108","F4_",0.269393864976998,"F3_169",1,285313.572610646,4425933.16312498,TRUE
"110",0,"F4_109","F4_",0.194502903866607,"F3_168",1,285318.075957926,4425933.12232597,TRUE
"111",0,"F4_110","F4_",0.214962055492638,"F3_167",1,285315.061908166,4425933.08072635,TRUE
"112",0,"F4_111","F4_",0.244797656216138,"F3_171",1,285316.092495797,4425932.8161687,TRUE
"113",0,"F4_112","F4_",0.247693540380394,"F3_173",1,285317.010669653,4425932.60187553,TRUE
"114",0,"F4_113","F4_",0.123735386154211,"F3_174",1,285321.16143499,4425932.2997258,TRUE
"115",0,"F4_114","F4_",0.127709892179982,"F3_172",1,285320.076832562,4425932.38443262,TRUE
"116",0,"F4_115","F4_",0.280800529950242,"F3_176",1,285317.861143609,4425932.36690726,TRUE
"117",0,"F4_116","F4_",0.272421145642254,"F3_179",1,285316.738128821,4425931.61339397,TRUE
"118",0,"F4_117","F4_",0.0931706801658392,"F3_230",1,285312.439142876,4425931.36294384,TRUE
"119",0,"F4_118","F4_",0.0875697087372503,"F3_180",1,285320.807340004,4425931.29676691,TRUE
"120",0,"F4_119","F4_",0.132039753550643,"F3_182",1,285315.6833697,4425930.70993949,TRUE
"121",0,"F4_120","F4_",0.202838321092086,"F3_195",1,285308.505584554,4425939.54091365,TRUE
"122",0,"F4_121","F4_",0.158246727663587,"F3_194",1,285311.901554709,4425939.41917142,TRUE
"123",0,"F4_122","F4_",0.026251279650633,"F3_196",1,285305.422153866,4425939.36530644,TRUE
"124",0,"F4_123","F4_",0.364616414318615,"F3_198",1,285310.612752625,4425939.21528924,TRUE
"125",0,"F4_124","F4_",0.318208863106801,"F3_202",1,285305.29880154,4425938.40251914,TRUE
"126",0,"F4_125","F4_",0.102125160391079,"F3_204",1,285304.579227434,4425937.47296861,TRUE
"127",0,"F4_126","F4_",0.278824194144661,"F3_205",1,285311.555923276,4425937.39667983,TRUE
"128",0,"F4_127","F4_",0.239787493841647,"F3_206",1,285305.336496723,4425937.01264392,TRUE
"129",0,"F4_128","F4_",0.196051088425992,"F3_207",1,285308.034359347,4425936.81691239,TRUE
"130",0,"F4_129","F4_",0.290017504628275,"F3_210",1,285306.004886156,4425935.91212409,TRUE
"131",0,"F4_130","F4_",0.108425397303743,"F3_211",1,285310.548641,4425935.44124096,TRUE
"132",0,"F4_131","F4_",0.111971036189845,"F3_212",1,285308.140075911,4425935.0308197,TRUE
"133",0,"F4_132","F4_",0.292425029283061,"F3_214",1,285311.377435266,4425934.89556172,TRUE
"134",0,"F4_133","F4_",0.0260756722737783,"F3_215",1,285306.729023732,4425934.74481939,TRUE
"135",0,"F4_134","F4_",0.0378131440455298,"F3_216",1,285305.707781241,4425934.6317415,TRUE
"136",0,"F4_135","F4_",0.277182433462598,"F3_218",1,285308.765649636,4425933.99535047,TRUE
"137",0,"F4_136","F4_",0.167308933600521,"F3_220",1,285304.673061513,4425933.45852672,TRUE
"138",0,"F4_137","F4_",0.110986021083674,"F3_222",1,285309.134951364,4425933.22588711,TRUE
"139",0,"F4_138","F4_",0.298732336077289,"F3_224",1,285309.234837329,4425932.53247477,TRUE
"140",0,"F4_139","F4_",0.226442721516478,"F3_225",1,285306.041119222,4425932.19346172,TRUE
"141",0,"F4_140","F4_",0.263300603319052,"F3_228",1,285303.27060491,4425931.87621025,TRUE
"142",0,"F4_141","F4_",0.0816578394516112,"F3_227",1,285310.222378374,4425931.76650403,TRUE
"143",0,"F4_142","F4_",0.0699011780092732,"F3_226",1,285304.572976958,4425931.84464724,TRUE
"144",0,"F4_143","F4_",0.262316981673935,"F3_245",1,285297.407798182,4425938.80204056,TRUE
"145",0,"F4_144","F4_",0.442234269975925,"F3_244",1,285298.206265012,4425938.59033463,TRUE
"146",0,"F4_145","F4_",0.181866104328349,"F3_246",1,285296.358687738,4425938.60157725,TRUE
"147",0,"F4_146","F4_",0.219917832356255,"F3_247",1,285300.292223153,4425938.03663654,TRUE
"148",0,"F4_147","F4_",0.0855598872773354,"F3_250",1,285298.748476172,4425937.2962265,TRUE
"149",0,"F4_148","F4_",0.0931743974636228,"F3_251",1,285294.767406167,4425936.6320846,TRUE
"150",0,"F4_149","F4_",0.138621939466072,"F3_255",1,285295.920229713,4425936.50816631,TRUE
"151",0,"F4_150","F4_",0.0690166575576933,"F3_257",1,285294.892238696,4425935.72343941,TRUE
"152",0,"F4_151","F4_",0.12834999435548,"F3_256",1,285301.282087694,4425935.64406819,TRUE
"153",0,"F4_152","F4_",0.180854530540863,"F3_261",1,285297.118826408,4425935.54785253,TRUE
"154",0,"F4_153","F4_",0.407979846582735,"F3_262",1,285299.865430456,4425935.42012824,TRUE
"155",0,"F4_154","F4_",0.254136632889429,"F3_260",1,285298.257879978,4425935.61337481,TRUE
"156",0,"F4_155","F4_",0.117679191364155,"F3_213",1,285302.038238202,4425934.98753843,TRUE
"157",0,"F4_156","F4_",0.134866367592788,"F3_264",1,285300.897591406,4425934.90650354,TRUE
"158",0,"F4_157","F4_",0.315169744941468,"F3_268",1,285298.253416075,4425934.47940957,TRUE
"159",0,"F4_158","F4_",0.300764203631406,"F3_273",1,285301.432625112,4425932.91702302,TRUE
"160",0,"F4_159","F4_",0.121647651713867,"F3_278",1,285294.586638468,4425932.04448619,TRUE
"161",0,"F4_160","F4_",0.0629751298049387,"F3_258",1,285292.609381676,4425935.59442507,TRUE
"162",0,"F4_161","F4_",0.104304636506368,"F3_263",1,285292.584614798,4425935.01671206,TRUE
"163",0,"F4_162","F4_",0.400998605702607,"F3_266",1,285294.004276243,4425934.80579411,TRUE
"164",0,"F4_163","F4_",0.109137178720956,"F3_284",1,285288.754098182,4425934.58862086,TRUE
"165",0,"F4_164","F4_",0.250541094357979,"F3_267",1,285291.64067494,4425934.57551339,TRUE
"166",0,"F4_165","F4_",0.175267891146408,"F3_285",1,285290.549107485,4425934.19325968,TRUE
"167",0,"F4_166","F4_",0.205467251296099,"F3_270",1,285292.575226061,4425933.76390818,TRUE
"168",0,"F4_167","F4_",0.138890803574039,"F3_271",1,285291.6858621,4425933.56910264,TRUE
"169",0,"F4_168","F4_",0.469737048937328,"F3_286",1,285288.285248355,4425933.56716598,TRUE
"170",0,"F4_169","F4_",0.159128451909352,"F3_287",1,285289.655202952,4425933.44560266,TRUE
"171",0,"F4_170","F4_",0.162267934972803,"F3_272",1,285294.062453194,4425933.21641852,TRUE
"172",0,"F4_171","F4_",0.181811567229048,"F3_276",1,285291.799933909,4425932.48363275,TRUE
"173",0,"F4_172","F4_",0.166223308243496,"F3_281",1,285290.998572196,4425931.56230686,TRUE
"174",0,"F4_173","F4_",0.345940906451134,"F3_181",1,285314.649178448,4425930.89013219,TRUE
"175",0,"F4_174","F4_",0.167347743586165,"F3_289",1,285320.935099747,4425930.21339784,TRUE
"176",0,"F4_175","F4_",0.142396350175822,"F3_290",1,285319.862105883,4425929.64612773,TRUE
"177",0,"F4_176","F4_",0.0902832187629601,"F3_291",1,285316.35084144,4425929.548901,TRUE
"178",0,"F4_177","F4_",0.162103902000649,"F3_292",1,285318.957767136,4425929.44893423,TRUE
"179",0,"F4_178","F4_",0.166643964563411,"F3_293",1,285317.927466457,4425929.17759123,TRUE
"180",0,"F4_179","F4_",0.34481330598395,"F3_294",1,285319.875466253,4425928.37513334,TRUE
"181",0,"F4_180","F4_",0.251120894422404,"F3_296",1,285320.744532795,4425927.87415627,TRUE
"182",0,"F4_181","F4_",0.0710482504405991,"F3_295",1,285317.958676662,4425927.82012778,TRUE
"183",0,"F4_182","F4_",0.274571839072783,"F3_297",1,285318.71879256,4425927.56252076,TRUE
"184",0,"F4_183","F4_",0.204559001854928,"F3_236",1,285309.537544749,4425930.7702635,TRUE
"185",0,"F4_184","F4_",0.18733827435159,"F3_234",1,285311.754394184,4425930.66608635,TRUE
"186",0,"F4_185","F4_",0.243687006653047,"F3_298",1,285303.927523694,4425930.5760909,TRUE
"187",0,"F4_186","F4_",0.199332096969963,"F3_299",1,285305.13620741,4425930.27086055,TRUE
"188",0,"F4_187","F4_",0.0659281374380673,"F3_300",1,285307.439723356,4425930.14984206,TRUE
"189",0,"F4_188","F4_",0.144845856582734,"F3_303",1,285311.067307837,4425929.60154239,TRUE
"190",0,"F4_189","F4_",0.0623573489850919,"F3_304",1,285309.250583676,4425929.37354212,TRUE
"191",0,"F4_190","F4_",0.286066528100407,"F3_306",1,285308.392616073,4425928.81155361,TRUE
"192",0,"F4_191","F4_",0.238221188189065,"F3_307",1,285309.58169226,4425928.4177501,TRUE
"193",0,"F4_192","F4_",0.252111898197821,"F3_308",1,285303.5879409,4425928.16922372,TRUE
"194",0,"F4_193","F4_",0.352596508512711,"F3_309",1,285301.226226005,4425930.50896845,TRUE
"195",0,"F4_194","F4_",0.46716206414082,"F3_311",1,285300.273685675,4425930.42171352,TRUE
"196",0,"F4_195","F4_",0.366741851215653,"F3_310",1,285299.016566379,4425930.25529358,TRUE
"197",0,"F4_196","F4_",0.126003032640523,"F3_312",1,285295.783834468,4425929.97012928,TRUE
"198",0,"F4_197","F4_",0.116005588181173,"F3_301",1,285302.393310734,4425929.90683279,TRUE
"199",0,"F4_198","F4_",0.139002091911706,"F3_315",1,285296.109553752,4425928.86365601,TRUE
"200",0,"F4_199","F4_",0.265184399921667,"F3_333",1,285300.4818733,4425928.64031954,TRUE
"201",0,"F4_200","F4_",0.211910488009839,"F3_317",1,285294.636925108,4425928.51468741,TRUE
"202",0,"F4_201","F4_",0.254773817119236,"F3_320",1,285299.645512577,4425928.20096219,TRUE
"203",0,"F4_202","F4_",0.164520270344799,"F3_326",1,285294.611319837,4425927.48931509,TRUE
"204",0,"F4_203","F4_",0.162409062877789,"F3_324",1,285300.258886493,4425927.32816366,TRUE
"205",0,"F4_204","F4_",0.170003424650814,"F3_325",1,285295.557749975,4425927.3288862,TRUE
"206",0,"F4_205","F4_",0.248690906788086,"F3_313",1,285292.473320894,4425929.97380456,TRUE
"207",0,"F4_206","F4_",0.447937873424529,"F3_318",1,285293.44440101,4425928.79533894,TRUE
"208",0,"F4_207","F4_",0.200565066426624,"F3_323",1,285293.553675078,4425927.63939064,TRUE
"209",0,"F4_208","F4_",0.356283653493642,"F3_161",1,285318.29846509,4425934.27516252,TRUE
"210",0,"F4_209","F4_",0.164724231939536,"F3_157",1,285319.388550604,4425934.91545547,TRUE
"211",0,"F4_210","F4_",0.240497936113497,"F3_150",1,285321.028970551,4425936.47120858,TRUE
"212",0,"F4_211","F4_",0.220097557126444,"F3_131",1,285321.452304731,4425939.83671531,TRUE
"213",0,"F4_212","F4_",0.228902197973568,"F3_138",1,285318.457215406,4425938.73604644,TRUE
"214",0,"F4_213","F4_",0.227855345132209,"F3_141",1,285314.012206517,4425937.74121112,TRUE
"215",0,"F4_214","F4_",0.29789025718681,"F3_156",1,285314.361457216,4425935.35995636,TRUE
"216",0,"F4_215","F4_",0.277169024096279,"F3_160",1,285314.04395658,4425934.31220426,TRUE
"217",0,"F4_216","F4_",0.233326047893857,"F3_209",1,285310.667866495,4425936.59820884,TRUE
"218",0,"F4_217","F4_",0.224220312121231,"F3_197",1,285307.307651441,4425939.36046436,TRUE
"219",0,"F4_218","F4_",0.112344656669638,"F3_201",1,285308.090819674,4425938.18571201,TRUE
"220",0,"F4_219","F4_",0.204768462376466,"F3_200",1,285309.212655252,4425938.7466298,TRUE
"221",0,"F4_220","F4_",0.128806074177613,"F3_191",1,285309.974656776,4425940.1647993,TRUE
"222",0,"F4_221","F4_",0.352182883990572,"F3_221",1,285305.709564911,4425933.6983697,TRUE
"223",0,"F4_222","F4_",0.174410026258876,"F3_252",1,285300.412595984,4425936.70404238,TRUE
"224",0,"F4_223","F4_",0.22119945094291,"F3_275",1,285300.158595477,4425932.67178432,TRUE
"225",0,"F4_224","F4_",0.398516358179967,"F3_283",1,285299.57651098,4425931.6981157,TRUE
"226",0,"F4_225","F4_",0.151612535701599,"F3_280",1,285297.301089762,4425931.71928241,TRUE
"227",0,"F4_226","F4_",0.234847575170001,"F3_274",1,285296.962422417,4425933.03161837,TRUE
"228",0,"F4_227","F4_",0.265738003329184,"F3_269",1,285296.824838809,4425934.11112053,TRUE
"229",0,"F4_228","F4_",0.237970988420923,"F3_254",1,285296.877755582,4425936.58762548,TRUE
"230",0,"F4_229","F4_",0.171344898051937,"F3_242",1,285298.052507931,4425939.51921468,TRUE
"231",0,"F4_230","F4_",0.363366174075038,"F3_241",1,285298.930926355,4425939.91079879,TRUE
"232",0,"F4_231","F4_",0.187710386543316,"F3_240",1,285301.608515043,4425939.66738164,TRUE
"233",0,"F4_232","F4_",0.175122800578066,"F3_192",1,285302.783267393,4425940.03779905,TRUE
"234",0,"F4_233","F4_",0.106134437525416,"F3_199",1,285302.899684291,4425938.75721315,TRUE
"235",0,"F4_234","F4_",0.502766798560043,"F3_243",1,285300.031595223,4425939.57213145,TRUE
"236",0,"F4_235","F4_",0.161352047889457,"F3_265",1,285295.22675228,4425934.60430485,TRUE
"237",0,"F4_236","F4_",0.150943747518834,"F3_259",1,285296.076066479,4425935.46949408,TRUE
"238",0,"F4_237","F4_",0.194739196010024,"F3_277",1,285295.814128455,4425932.25480015,TRUE
"239",0,"F4_238","F4_",0.328233406345969,"F3_329",1,285290.20230473,4425929.54016972,TRUE
"240",0,"F4_239","F4_",0.234251363857663,"F3_328",1,285290.368992563,4425930.45298404,TRUE
"241",0,"F4_240","F4_",0.282728013666881,"F3_288",1,285289.678428683,4425931.74679913,TRUE
"242",0,"F4_241","F4_",0.299339638174116,"F3_316",1,285292.218433764,4425928.88929342,TRUE
"243",0,"F4_242","F4_",0.270970794012497,"F3_321",1,285292.59149701,4425927.85741635,TRUE
"244",0,"F4_243","F4_",0.310967842392403,"F3_282",1,285292.273996374,4425931.3816734,TRUE
"245",0,"F4_244","F4_",0.205524515649779,"F3_279",1,285293.702749233,4425931.97698709,TRUE
"246",0,"F4_245","F4_",0.277742087553934,"F3_319",1,285297.081749739,4425928.50035514,TRUE
"247",0,"F4_246","F4_",0.315876846686964,"F3_327",1,285294.232181541,4425926.80966426,TRUE
"248",0,"F4_247","F4_",0.30019350062714,"F3_314",1,285301.079082735,4425929.41316946,TRUE
"249",0,"F4_248","F4_",0.127034477475699,"F3_322",1,285301.31720821,4425927.72247858,TRUE
"250",0,"F4_249","F4_",0.132257843409868,"F3_305",1,285306.775044126,4425928.99248112,TRUE
"251",0,"F4_250","F4_",0.243851860944902,"F3_235",1,285310.473926524,4425930.65142194,TRUE
"252",0,"F4_251","F4_",0.104136397876043,"F3_302",1,285310.243738564,4425929.87354538,TRUE
"253",0,"F4_252","F4_",0.421945399505674,"F3_229",1,285308.156171888,4425931.78648671,TRUE
"254",0,"F4_253","F4_",0.0750125634762393,"F3_232",1,285307.735483547,4425931.11973538,TRUE
"255",0,"F4_254","F4_",0.178795669173713,"F3_233",1,285308.418109912,4425930.76254716,TRUE
"256",0,"F4_255","F4_",0.290853896658184,"F3_117",1,285326.441827209,4425934.32649179,TRUE
"257",0,"F4_256","F4_",0.187412375563845,"F3_115",0,285325.09244951,4425935.31868128,TRUE
"258",0,"F4_257","F4_",0.211922430032052,"F3_332",0,285324.679698686,4425935.31074376,TRUE
"259",0,"F4_258","F4_",0.256078364818153,"F3_203",1,285302.729292285,4425937.63643591,TRUE
"260",0,"F4_259","F4_",0.140915724646648,"F3_253",1,285293.80196818,4425936.56487127,TRUE
"261",0,"F4_260","F4_",0.241359249249498,"F3_249",1,285296.278473133,4425937.54912324,TRUE
"262",0,"F4_261","F4_",0.111084383358533,"F3_237",1,285299.799555175,4425940.91462997,TRUE
"263",0,"F4_262","F4_",1.05161730967734,"F3_105",0,285299.863055302,4425943.05775926,TRUE
"264",0,"F4_263","F4_",0.420148039327735,"F3_106",1,285301.704558984,4425942.33544531,TRUE
"265",0,"F4_264","F4_",0.225600802132093,"F3_238",1,285301.910934398,4425940.77175469,TRUE
"266",0,"F4_265","F4_",0.0929983137493837,"F3_186",1,285302.657060889,4425941.27181819,TRUE
"267",0,"F4_266","F4_",0.146917841869509,"F3_184",1,285304.141376359,4425941.51788118,TRUE
"268",0,"F4_267","F4_",0.279085806206808,"F3_99",1,285303.52225012,4425942.58944582,TRUE
"269",0,"F4_268","F4_",0.149555148343923,"F3_188",1,285304.935127945,4425940.43837902,TRUE
"270",0,"F4_269","F4_",0.222062614290447,"F3_94",1,285301.926809429,4425943.1291969,TRUE
"271",0,"F4_270","F4_",0.00568936101035147,"F3_185",1,285308.971354768,4425941.2797557,TRUE
"272",0,"F4_271","F4_",0.405423233661021,"F3_183",1,285309.820668966,4425942.14494493,TRUE
"273",0,"F4_272","F4_",0.212518338818616,"F3_97",1,285308.669729166,4425942.87519639,TRUE
"274",0,"F4_273","F4_",0.159238846862279,"F3_98",1,285312.915506406,4425942.85932136,TRUE
"275",0,"F4_274","F4_",0.120391780850127,"F3_55",1,285315.844449764,4425942.66882098,TRUE
"276",0,"F4_275","F4_",0.176637197999726,"F3_127",1,285318.233642043,4425940.59712934,TRUE
"277",0,"F4_276","F4_",0.205538414349797,"F3_126",1,285319.710019996,4425940.8273173,TRUE
"278",0,"F4_277","F4_",0.0489210523064688,"F3_123",1,285320.556159187,4425941.15275545,TRUE
"279",0,"F4_278","F4_",0.277298184424813,"F3_57",1,285322.683413443,4425942.57357079,TRUE
"280",0,"F4_279","F4_",0.179107079791966,"F3_28",1,285323.34222726,4425947.15351745,TRUE
"281",0,"F4_280","F4_",0.241585605686893,"F3_21",1,285320.524409124,4425948.12983191,TRUE
"282",0,"F4_281","F4_",0.244781284299397,"F3_15",1,285321.008597593,4425949.20139655,TRUE
"283",0,"F4_282","F4_",0.347350709088389,"F3_24",1,285322.188641622,4425947.96578991,TRUE
"284",0,"F4_283","F4_",0.239490295150007,"F3_45",1,285322.179645768,4425944.49643401,TRUE
"285",0,"F4_284","F4_",0.283174688567925,"F3_10",1,285320.285225313,4425950.04211177,TRUE
"286",0,"F4_285","F4_",0.233051094842866,"F3_13",1,285318.930555937,4425949.46002727,TRUE
"287",0,"F4_286","F4_",0.339575105076638,"F3_23",1,285316.898551872,4425948.39110847,TRUE
"288",0,"F4_287","F4_",0.118154957475993,"F3_27",1,285318.147387703,4425947.6396903,TRUE
"289",0,"F4_288","F4_",0.260398373732427,"F3_29",1,285316.739801556,4425947.13168928,TRUE
"290",0,"F4_289","F4_",0.375976140091791,"F3_31",1,285316.125966993,4425947.81960733,TRUE
"291",0,"F4_290","F4_",0.180056455550095,"F3_26",1,285314.834797745,4425947.88310745,TRUE
"292",0,"F4_291","F4_",0.231948323478506,"F3_12",1,285314.686630782,4425949.47061063,TRUE
"293",0,"F4_292","F4_",0.0750917116902778,"F3_34",1,285314.601963946,4425946.39085447,TRUE
"294",0,"F4_293","F4_",0.415011369217358,"F3_48",1,285314.824214392,4425944.06251648,TRUE
"295",0,"F4_294","F4_",0.245349459342094,"F3_69",1,285312.776335296,4425948.85677607,TRUE
"296",0,"F4_295","F4_",0.204763457673382,"F3_66",1,285311.622749654,4425949.34361038,TRUE
"297",0,"F4_296","F4_",0.0814947197340417,"F3_67",1,285310.490330722,4425948.84619271,TRUE
"298",0,"F4_297","F4_",0.197053309089705,"F3_68",1,285309.717745844,4425948.93085955,TRUE
"299",0,"F4_298","F4_",0.132441102880317,"F3_72",1,285308.74407723,4425947.69260707,TRUE
"300",0,"F4_299","F4_",0.0427813587223646,"F3_74",1,285309.601328945,4425947.02585574,TRUE
"301",0,"F4_300","F4_",0.306392786594663,"F3_73",1,285310.818414713,4425947.56560682,TRUE
"302",0,"F4_301","F4_",0.101929356736231,"F3_76",1,285310.395080533,4425946.27443757,TRUE
"303",0,"F4_302","F4_",0.290473046225035,"F3_77",1,285311.262915601,4425946.27443757,TRUE
"304",0,"F4_303","F4_",0.170280094399615,"F3_75",1,285312.469418015,4425946.3379377,TRUE
"305",0,"F4_304","F4_",0.115331389305494,"F3_80",1,285312.839835422,4425945.0361851,TRUE
"306",0,"F4_305","F4_",0.109688566002491,"F3_90",1,285312.607001622,4425943.91434952,TRUE
"307",0,"F4_306","F4_",0.17427381028737,"F3_91",1,285311.590999592,4425943.80851597,TRUE
"308",0,"F4_307","F4_",0.0923977624132317,"F3_88",1,285310.43741395,4425944.1048499,TRUE
"309",0,"F4_308","F4_",0.246959952304978,"F3_81",1,285309.029827802,4425944.98326832,TRUE
"310",0,"F4_309","F4_",0.209176844585922,"F3_78",1,285307.960908997,4425945.38543579,TRUE
"311",0,"F4_310","F4_",0.320588953247572,"F3_87",1,285308.087909252,4425944.34826705,TRUE
"312",0,"F4_311","F4_",0.0544774304341305,"F3_83",1,285302.082913909,4425944.53876743,TRUE
"313",0,"F4_312","F4_",0.101269256638463,"F3_84",1,285306.681381438,4425944.49643401,TRUE
"314",0,"F4_313","F4_",0.116177720474252,"F3_85",1,285305.548962508,4425944.52818408,TRUE
"315",0,"F4_314","F4_",0.162536821576803,"F3_95",1,285306.120463649,4425943.14176464,TRUE
"316",0,"F4_315","F4_",0.0540558108142818,"F3_64",1,285309.683879111,4425950.1056119,TRUE
"317",0,"F4_316","F4_",0.14938633307796,"F3_60",1,285311.578299566,4425951.70369843,TRUE
"318",0,"F4_317","F4_",0.182169475554882,"F3_61",1,285312.065133872,4425950.9205302,TRUE
"319",0,"F4_318","F4_",0.213514918574045,"F3_63",1,285312.932968941,4425950.62419627,TRUE
"320",0,"F4_319","F4_",0.250818870374658,"F3_7",1,285313.747887239,4425950.9205302,TRUE
"321",0,"F4_320","F4_",0.171156750245942,"F3_4",1,285314.287638317,4425951.96828229,TRUE
"322",0,"F4_321","F4_",0.102984263245322,"F3_3",1,285315.18722345,4425952.26461622,TRUE
"323",0,"F4_322","F4_",0.144728491400793,"F3_0",1,285315.991558393,4425953.47111863,TRUE
"324",0,"F4_323","F4_",0.0564534025570024,"F3_6",1,285317.141969025,4425951.11103058,TRUE
"325",0,"F4_324","F4_",0.0384240982753784,"F3_5",1,285318.083887577,4425951.60844824,TRUE
"326",0,"F4_325","F4_",0.194685613418477,"F3_9",1,285317.332469408,4425950.15852867,TRUE
"327",0,"F4_326","F4_",0.109384725210794,"F3_223",1,285302.719502681,4425932.87855661,TRUE
"328",0,"F4_327","F4_",0.204673429034586,"F3_231",1,285302.20091831,4425931.38630363,TRUE
"329",0,"F4_328","F4_",0.355600510170801,"F3_114",1,285325.957021379,4425937.94886536,TRUE
"330",0,"F4_329","F4_",0.225638381393094,"F3_104",1,285301.146134093,4425943.91174605,TRUE
"331",0,"F4_330","F4_",0.357203741063402,"F3_103",1,285300.788945878,4425945.07856089,TRUE
